[2026-07-31 03:41:25] local.ERROR: SQLSTATE[23000]: Integrity constraint violation: 1451 Cannot delete or update a parent row: a foreign key constraint fails (`pos_sahlaa`.`produk`, CONSTRAINT `produk_user_id_foreign` FOREIGN KEY (`user_id`) REFERENCES `users` (`id`)) (Connection: mysql, Host: 127.0.0.1, Port: 3306, Database: pos_sahlaa, SQL: delete from `users` where `id` = 1) {"userId":2,"exception":"[object] (Illuminate\\Database\\QueryException(code: 23000): SQLSTATE[23000]: Integrity constraint violation: 1451 Cannot delete or update a parent row: a foreign key constraint fails (`pos_sahlaa`.`produk`, CONSTRAINT `produk_user_id_foreign` FOREIGN KEY (`user_id`) REFERENCES `users` (`id`)) (Connection: mysql, Host: 127.0.0.1, Port: 3306, Database: pos_sahlaa, SQL: delete from `users` where `id` = 1) at C:/laragon/www/APK_POS-sahla/APK_POS-sahla/vendor/laravel/framework/src/Illuminate/Database/Connection.php:838)
[stacktrace]
#0 C:/laragon/www/APK_POS-sahla/APK_POS-sahla/vendor/laravel/framework/src/Illuminate/Database/Connection.php(794): Illuminate/Database/Connection->runQueryCallback('delete from `us...', Array, Object(Closure))
#1 C:/laragon/www/APK_POS-sahla/APK_POS-sahla/vendor/laravel/framework/src/Illuminate/Database/Connection.php(597): Illuminate/Database/Connection->run('delete from `us...', Array, Object(Closure))
#2 C:/laragon/www/APK_POS-sahla/APK_POS-sahla/vendor/laravel/framework/src/Illuminate/Database/Connection.php(561): Illuminate/Database/Connection->affectingStatement('delete from `us...', Array)
#3 C:/laragon/www/APK_POS-sahla/APK_POS-sahla/vendor/laravel/framework/src/Illuminate/Database/Query/Builder.php(4426): Illuminate/Database/Connection->delete('delete from `us...', Array)
#4 C:/laragon/www/APK_POS-sahla/APK_POS-sahla/vendor/laravel/framework/src/Illuminate/Database/Eloquent/Builder.php(1480): Illuminate/Database/Query/Builder->delete()
#5 C:/laragon/www/APK_POS-sahla/APK_POS-sahla/vendor/laravel/framework/src/Illuminate/Database/Eloquent/Model.php(1578): Illuminate/Database/Eloquent/Builder->delete()
#6 C:/laragon/www/APK_POS-sahla/APK_POS-sahla/vendor/laravel/framework/src/Illuminate/Database/Eloquent/Model.php(1510): Illuminate/Database/Eloquent/Model->performDeleteOnModel()
#7 C:/laragon/www/APK_POS-sahla/APK_POS-sahla/app/Http/Controllers/UserController.php(85): Illuminate/Database/Eloquent/Model->delete()
#8 C:/laragon/www/APK_POS-sahla/APK_POS-sahla/vendor/laravel/framework/src/Illuminate/Routing/Controller.php(54): App/Http/Controllers/UserController->destroy(Object(App/Models/User))
#9 C:/laragon/www/APK_POS-sahla/APK_POS-sahla/vendor/laravel/framework/src/Illuminate/Routing/ControllerDispatcher.php(43): Illuminate/Routing/Controller->callAction('destroy', Array)
#10 C:/laragon/www/APK_POS-sahla/APK_POS-sahla/vendor/laravel/framework/src/Illuminate/Routing/Route.php(265): Illuminate/Routing/ControllerDispatcher->dispatch(Object(Illuminate/Routing/Route), Object(App/Http/Controllers/UserController), 'destroy')
#11 C:/laragon/www/APK_POS-sahla/APK_POS-sahla/vendor/laravel/framework/src/Illuminate/Routing/Route.php(211): Illuminate/Routing/Route->runController()
#12 C:/laragon/www/APK_POS-sahla/APK_POS-sahla/vendor/laravel/framework/src/Illuminate/Routing/Router.php(822): Illuminate/Routing/Route->run()
#13 C:/laragon/www/APK_POS-sahla/APK_POS-sahla/vendor/laravel/framework/src/Illuminate/Pipeline/Pipeline.php(180): Illuminate/Routing/Router->Illuminate/Routing/{closure}(Object(Illuminate/Http/Request))
#14 C:/laragon/www/APK_POS-sahla/APK_POS-sahla/app/Http/Middleware/RoleMiddleware.php(32): Illuminate/Pipeline/Pipeline->Illuminate/Pipeline/{closure}(Object(Illuminate/Http/Request))
#15 C:/laragon/www/APK_POS-sahla/APK_POS-sahla/vendor/laravel/framework/src/Illuminate/Pipeline/Pipeline.php(219): App/Http/Middleware/RoleMiddleware->handle(Object(Illuminate/Http/Request), Object(Closure), 'admin')
#16 C:/laragon/www/APK_POS-sahla/APK_POS-sahla/vendor/laravel/framework/src/Illuminate/Routing/Middleware/SubstituteBindings.php(50): Illuminate/Pipeline/Pipeline->Illuminate/Pipeline/{closure}(Object(Illuminate/Http/Request))
#17 C:/laragon/www/APK_POS-sahla/APK_POS-sahla/vendor/laravel/framework/src/Illuminate/Pipeline/Pipeline.php(219): Illuminate/Routing/Middleware/SubstituteBindings->handle(Object(Illuminate/Http/Request), Object(Closure))
#18 C:/laragon/www/APK_POS-sahla/APK_POS-sahla/vendor/laravel/framework/src/Illuminate/Auth/Middleware/Authenticate.php(63): Illuminate/Pipeline/Pipeline->Illuminate/Pipeline/{closure}(Object(Illuminate/Http/Request))
#19 C:/laragon/www/APK_POS-sahla/APK_POS-sahla/vendor/laravel/framework/src/Illuminate/Pipeline/Pipeline.php(219): Illuminate/Auth/Middleware/Authenticate->handle(Object(Illuminate/Http/Request), Object(Closure))
#20 C:/laragon/www/APK_POS-sahla/APK_POS-sahla/vendor/laravel/framework/src/Illuminate/Foundation/Http/Middleware/VerifyCsrfToken.php(87): Illuminate/Pipeline/Pipeline->Illuminate/Pipeline/{closure}(Object(Illuminate/Http/Request))
#21 C:/laragon/www/APK_POS-sahla/APK_POS-sahla/vendor/laravel/framework/src/Illuminate/Pipeline/Pipeline.php(219): Illuminate/Foundation/Http/Middleware/VerifyCsrfToken->handle(Object(Illuminate/Http/Request), Object(Closure))
#22 C:/laragon/www/APK_POS-sahla/APK_POS-sahla/vendor/laravel/framework/src/Illuminate/View/Middleware/ShareErrorsFromSession.php(48): Illuminate/Pipeline/Pipeline->Illuminate/Pipeline/{closure}(Object(Illuminate/Http/Request))
#23 C:/laragon/www/APK_POS-sahla/APK_POS-sahla/vendor/laravel/framework/src/Illuminate/Pipeline/Pipeline.php(219): Illuminate/View/Middleware/ShareErrorsFromSession->handle(Object(Illuminate/Http/Request), Object(Closure))
#24 C:/laragon/www/APK_POS-sahla/APK_POS-sahla/vendor/laravel/framework/src/Illuminate/Session/Middleware/StartSession.php(120): Illuminate/Pipeline/Pipeline->Illuminate/Pipeline/{closure}(Object(Illuminate/Http/Request))
#25 C:/laragon/www/APK_POS-sahla/APK_POS-sahla/vendor/laravel/framework/src/Illuminate/Session/Middleware/StartSession.php(63): Illuminate/Session/Middleware/StartSession->handleStatefulRequest(Object(Illuminate/Http/Request), Object(Illuminate/Session/Store), Object(Closure))
#26 C:/laragon/www/APK_POS-sahla/APK_POS-sahla/vendor/laravel/framework/src/Illuminate/Pipeline/Pipeline.php(219): Illuminate/Session/Middleware/StartSession->handle(Object(Illuminate/Http/Request), Object(Closure))
#27 C:/laragon/www/APK_POS-sahla/APK_POS-sahla/vendor/laravel/framework/src/Illuminate/Cookie/Middleware/AddQueuedCookiesToResponse.php(36): Illuminate/Pipeline/Pipeline->Illuminate/Pipeline/{closure}(Object(Illuminate/Http/Request))
#28 C:/laragon/www/APK_POS-sahla/APK_POS-sahla/vendor/laravel/framework/src/Illuminate/Pipeline/Pipeline.php(219): Illuminate/Cookie/Middleware/AddQueuedCookiesToResponse->handle(Object(Illuminate/Http/Request), Object(Closure))
#29 C:/laragon/www/APK_POS-sahla/APK_POS-sahla/vendor/laravel/framework/src/Illuminate/Cookie/Middleware/EncryptCookies.php(74): Illuminate/Pipeline/Pipeline->Illuminate/Pipeline/{closure}(Object(Illuminate/Http/Request))
#30 C:/laragon/www/APK_POS-sahla/APK_POS-sahla/vendor/laravel/framework/src/Illuminate/Pipeline/Pipeline.php(219): Illuminate/Cookie/Middleware/EncryptCookies->handle(Object(Illuminate/Http/Request), Object(Closure))
#31 C:/laragon/www/APK_POS-sahla/APK_POS-sahla/vendor/laravel/framework/src/Illuminate/Pipeline/Pipeline.php(137): Illuminate/Pipeline/Pipeline->Illuminate/Pipeline/{closure}(Object(Illuminate/Http/Request))
#32 C:/laragon/www/APK_POS-sahla/APK_POS-sahla/vendor/laravel/framework/src/Illuminate/Routing/Router.php(821): Illuminate/Pipeline/Pipeline->then(Object(Closure))
#33 C:/laragon/www/APK_POS-sahla/APK_POS-sahla/vendor/laravel/framework/src/Illuminate/Routing/Router.php(800): Illuminate/Routing/Router->runRouteWithinStack(Object(Illuminate/Routing/Route), Object(Illuminate/Http/Request))
#34 C:/laragon/www/APK_POS-sahla/APK_POS-sahla/vendor/laravel/framework/src/Illuminate/Routing/Router.php(764): Illuminate/Routing/Router->runRoute(Object(Illuminate/Http/Request), Object(Illuminate/Routing/Route))
#35 C:/laragon/www/APK_POS-sahla/APK_POS-sahla/vendor/laravel/framework/src/Illuminate/Routing/Router.php(753): Illuminate/Routing/Router->dispatchToRoute(Object(Illuminate/Http/Request))
#36 C:/laragon/www/APK_POS-sahla/APK_POS-sahla/vendor/laravel/framework/src/Illuminate/Foundation/Http/Kernel.php(200): Illuminate/Routing/Router->dispatch(Object(Illuminate/Http/Request))
#37 C:/laragon/www/APK_POS-sahla/APK_POS-sahla/vendor/laravel/framework/src/Illuminate/Pipeline/Pipeline.php(180): Illuminate/Foundation/Http/Kernel->Illuminate/Foundation/Http/{closure}(Object(Illuminate/Http/Request))
#38 C:/laragon/www/APK_POS-sahla/APK_POS-sahla/vendor/laravel/framework/src/Illuminate/Foundation/Http/Middleware/TransformsRequest.php(21): Illuminate/Pipeline/Pipeline->Illuminate/Pipeline/{closure}(Object(Illuminate/Http/Request))
#39 C:/laragon/www/APK_POS-sahla/APK_POS-sahla/vendor/laravel/framework/src/Illuminate/Foundation/Http/Middleware/ConvertEmptyStringsToNull.php(31): Illuminate/Foundation/Http/Middleware/TransformsRequest->handle(Object(Illuminate/Http/Request), Object(Closure))
#40 C:/laragon/www/APK_POS-sahla/APK_POS-sahla/vendor/laravel/framework/src/Illuminate/Pipeline/Pipeline.php(219): Illuminate/Foundation/Http/Middleware/ConvertEmptyStringsToNull->handle(Object(Illuminate/Http/Request), Object(Closure))
#41 C:/laragon/www/APK_POS-sahla/APK_POS-sahla/vendor/laravel/framework/src/Illuminate/Foundation/Http/Middleware/TransformsRequest.php(21): Illuminate/Pipeline/Pipeline->Illuminate/Pipeline/{closure}(Object(Illuminate/Http/Request))
#42 C:/laragon/www/APK_POS-sahla/APK_POS-sahla/vendor/laravel/framework/src/Illuminate/Foundation/Http/Middleware/TrimStrings.php(51): Illuminate/Foundation/Http/Middleware/TransformsRequest->handle(Object(Illuminate/Http/Request), Object(Closure))
#43 C:/laragon/www/APK_POS-sahla/APK_POS-sahla/vendor/laravel/framework/src/Illuminate/Pipeline/Pipeline.php(219): Illuminate/Foundation/Http/Middleware/TrimStrings->handle(Object(Illuminate/Http/Request), Object(Closure))
#44 C:/laragon/www/APK_POS-sahla/APK_POS-sahla/vendor/laravel/framework/src/Illuminate/Http/Middleware/ValidatePostSize.php(27): Illuminate/Pipeline/Pipeline->Illuminate/Pipeline/{closure}(Object(Illuminate/Http/Request))
#45 C:/laragon/www/APK_POS-sahla/APK_POS-sahla/vendor/laravel/framework/src/Illuminate/Pipeline/Pipeline.php(219): Illuminate/Http/Middleware/ValidatePostSize->handle(Object(Illuminate/Http/Request), Object(Closure))
#46 C:/laragon/www/APK_POS-sahla/APK_POS-sahla/vendor/laravel/framework/src/Illuminate/Foundation/Http/Middleware/PreventRequestsDuringMaintenance.php(109): Illuminate/Pipeline/Pipeline->Illuminate/Pipeline/{closure}(Object(Illuminate/Http/Request))
#47 C:/laragon/www/APK_POS-sahla/APK_POS-sahla/vendor/laravel/framework/src/Illuminate/Pipeline/Pipeline.php(219): Illuminate/Foundation/Http/Middleware/PreventRequestsDuringMaintenance->handle(Object(Illuminate/Http/Request), Object(Closure))
#48 C:/laragon/www/APK_POS-sahla/APK_POS-sahla/vendor/laravel/framework/src/Illuminate/Http/Middleware/HandleCors.php(61): Illuminate/Pipeline/Pipeline->Illuminate/Pipeline/{closure}(Object(Illuminate/Http/Request))
#49 C:/laragon/www/APK_POS-sahla/APK_POS-sahla/vendor/laravel/framework/src/Illuminate/Pipeline/Pipeline.php(219): Illuminate/Http/Middleware/HandleCors->handle(Object(Illuminate/Http/Request), Object(Closure))
#50 C:/laragon/www/APK_POS-sahla/APK_POS-sahla/vendor/laravel/framework/src/Illuminate/Http/Middleware/TrustProxies.php(58): Illuminate/Pipeline/Pipeline->Illuminate/Pipeline/{closure}(Object(Illuminate/Http/Request))
#51 C:/laragon/www/APK_POS-sahla/APK_POS-sahla/vendor/laravel/framework/src/Illuminate/Pipeline/Pipeline.php(219): Illuminate/Http/Middleware/TrustProxies->handle(Object(Illuminate/Http/Request), Object(Closure))
#52 C:/laragon/www/APK_POS-sahla/APK_POS-sahla/vendor/laravel/framework/src/Illuminate/Foundation/Http/Middleware/InvokeDeferredCallbacks.php(22): Illuminate/Pipeline/Pipeline->Illuminate/Pipeline/{closure}(Object(Illuminate/Http/Request))
#53 C:/laragon/www/APK_POS-sahla/APK_POS-sahla/vendor/laravel/framework/src/Illuminate/Pipeline/Pipeline.php(219): Illuminate/Foundation/Http/Middleware/InvokeDeferredCallbacks->handle(Object(Illuminate/Http/Request), Object(Closure))
#54 C:/laragon/www/APK_POS-sahla/APK_POS-sahla/vendor/laravel/framework/src/Illuminate/Http/Middleware/ValidatePathEncoding.php(26): Illuminate/Pipeline/Pipeline->Illuminate/Pipeline/{closure}(Object(Illuminate/Http/Request))
#55 C:/laragon/www/APK_POS-sahla/APK_POS-sahla/vendor/laravel/framework/src/Illuminate/Pipeline/Pipeline.php(219): Illuminate/Http/Middleware/ValidatePathEncoding->handle(Object(Illuminate/Http/Request), Object(Closure))
#56 C:/laragon/www/APK_POS-sahla/APK_POS-sahla/vendor/laravel/framework/src/Illuminate/Pipeline/Pipeline.php(137): Illuminate/Pipeline/Pipeline->Illuminate/Pipeline/{closure}(Object(Illuminate/Http/Request))
#57 C:/laragon/www/APK_POS-sahla/APK_POS-sahla/vendor/laravel/framework/src/Illuminate/Foundation/Http/Kernel.php(175): Illuminate/Pipeline/Pipeline->then(Object(Closure))
#58 C:/laragon/www/APK_POS-sahla/APK_POS-sahla/vendor/laravel/framework/src/Illuminate/Foundation/Http/Kernel.php(144): Illuminate/Foundation/Http/Kernel->sendRequestThroughRouter(Object(Illuminate/Http/Request))
#59 C:/laragon/www/APK_POS-sahla/APK_POS-sahla/vendor/laravel/framework/src/Illuminate/Foundation/Application.php(1220): Illuminate/Foundation/Http/Kernel->handle(Object(Illuminate/Http/Request))
#60 C:/laragon/www/APK_POS-sahla/APK_POS-sahla/public/index.php(20): Illuminate/Foundation/Application->handleRequest(Object(Illuminate/Http/Request))
#61 C:/laragon/www/APK_POS-sahla/APK_POS-sahla/vendor/laravel/framework/src/Illuminate/Foundation/resources/server.php(23): require_once('C://laragon//www//...')
#62 {main}

[previous exception] [object] (PDOException(code: 23000): SQLSTATE[23000]: Integrity constraint violation: 1451 Cannot delete or update a parent row: a foreign key constraint fails (`pos_sahlaa`.`produk`, CONSTRAINT `produk_user_id_foreign` FOREIGN KEY (`user_id`) REFERENCES `users` (`id`)) at C:/laragon/www/APK_POS-sahla/APK_POS-sahla/vendor/laravel/framework/src/Illuminate/Database/Connection.php:609)
[stacktrace]
#0 C:/laragon/www/APK_POS-sahla/APK_POS-sahla/vendor/laravel/framework/src/Illuminate/Database/Connection.php(609): PDOStatement->execute()
#1 C:/laragon/www/APK_POS-sahla/APK_POS-sahla/vendor/laravel/framework/src/Illuminate/Database/Connection.php(827): Illuminate/Database/Connection->Illuminate/Database/{closure}('delete from `us...', Array)
#2 C:/laragon/www/APK_POS-sahla/APK_POS-sahla/vendor/laravel/framework/src/Illuminate/Database/Connection.php(794): Illuminate/Database/Connection->runQueryCallback('delete from `us...', Array, Object(Closure))
#3 C:/laragon/www/APK_POS-sahla/APK_POS-sahla/vendor/laravel/framework/src/Illuminate/Database/Connection.php(597): Illuminate/Database/Connection->run('delete from `us...', Array, Object(Closure))
#4 C:/laragon/www/APK_POS-sahla/APK_POS-sahla/vendor/laravel/framework/src/Illuminate/Database/Connection.php(561): Illuminate/Database/Connection->affectingStatement('delete from `us...', Array)
#5 C:/laragon/www/APK_POS-sahla/APK_POS-sahla/vendor/laravel/framework/src/Illuminate/Database/Query/Builder.php(4426): Illuminate/Database/Connection->delete('delete from `us...', Array)
#6 C:/laragon/www/APK_POS-sahla/APK_POS-sahla/vendor/laravel/framework/src/Illuminate/Database/Eloquent/Builder.php(1480): Illuminate/Database/Query/Builder->delete()
#7 C:/laragon/www/APK_POS-sahla/APK_POS-sahla/vendor/laravel/framework/src/Illuminate/Database/Eloquent/Model.php(1578): Illuminate/Database/Eloquent/Builder->delete()
#8 C:/laragon/www/APK_POS-sahla/APK_POS-sahla/vendor/laravel/framework/src/Illuminate/Database/Eloquent/Model.php(1510): Illuminate/Database/Eloquent/Model->performDeleteOnModel()
#9 C:/laragon/www/APK_POS-sahla/APK_POS-sahla/app/Http/Controllers/UserController.php(85): Illuminate/Database/Eloquent/Model->delete()
#10 C:/laragon/www/APK_POS-sahla/APK_POS-sahla/vendor/laravel/framework/src/Illuminate/Routing/Controller.php(54): App/Http/Controllers/UserController->destroy(Object(App/Models/User))
#11 C:/laragon/www/APK_POS-sahla/APK_POS-sahla/vendor/laravel/framework/src/Illuminate/Routing/ControllerDispatcher.php(43): Illuminate/Routing/Controller->callAction('destroy', Array)
#12 C:/laragon/www/APK_POS-sahla/APK_POS-sahla/vendor/laravel/framework/src/Illuminate/Routing/Route.php(265): Illuminate/Routing/ControllerDispatcher->dispatch(Object(Illuminate/Routing/Route), Object(App/Http/Controllers/UserController), 'destroy')
#13 C:/laragon/www/APK_POS-sahla/APK_POS-sahla/vendor/laravel/framework/src/Illuminate/Routing/Route.php(211): Illuminate/Routing/Route->runController()
#14 C:/laragon/www/APK_POS-sahla/APK_POS-sahla/vendor/laravel/framework/src/Illuminate/Routing/Router.php(822): Illuminate/Routing/Route->run()
#15 C:/laragon/www/APK_POS-sahla/APK_POS-sahla/vendor/laravel/framework/src/Illuminate/Pipeline/Pipeline.php(180): Illuminate/Routing/Router->Illuminate/Routing/{closure}(Object(Illuminate/Http/Request))
#16 C:/laragon/www/APK_POS-sahla/APK_POS-sahla/app/Http/Middleware/RoleMiddleware.php(32): Illuminate/Pipeline/Pipeline->Illuminate/Pipeline/{closure}(Object(Illuminate/Http/Request))
#17 C:/laragon/www/APK_POS-sahla/APK_POS-sahla/vendor/laravel/framework/src/Illuminate/Pipeline/Pipeline.php(219): App/Http/Middleware/RoleMiddleware->handle(Object(Illuminate/Http/Request), Object(Closure), 'admin')
#18 C:/laragon/www/APK_POS-sahla/APK_POS-sahla/vendor/laravel/framework/src/Illuminate/Routing/Middleware/SubstituteBindings.php(50): Illuminate/Pipeline/Pipeline->Illuminate/Pipeline/{closure}(Object(Illuminate/Http/Request))
#19 C:/laragon/www/APK_POS-sahla/APK_POS-sahla/vendor/laravel/framework/src/Illuminate/Pipeline/Pipeline.php(219): Illuminate/Routing/Middleware/SubstituteBindings->handle(Object(Illuminate/Http/Request), Object(Closure))
#20 C:/laragon/www/APK_POS-sahla/APK_POS-sahla/vendor/laravel/framework/src/Illuminate/Auth/Middleware/Authenticate.php(63): Illuminate/Pipeline/Pipeline->Illuminate/Pipeline/{closure}(Object(Illuminate/Http/Request))
#21 C:/laragon/www/APK_POS-sahla/APK_POS-sahla/vendor/laravel/framework/src/Illuminate/Pipeline/Pipeline.php(219): Illuminate/Auth/Middleware/Authenticate->handle(Object(Illuminate/Http/Request), Object(Closure))
#22 C:/laragon/www/APK_POS-sahla/APK_POS-sahla/vendor/laravel/framework/src/Illuminate/Foundation/Http/Middleware/VerifyCsrfToken.php(87): Illuminate/Pipeline/Pipeline->Illuminate/Pipeline/{closure}(Object(Illuminate/Http/Request))
#23 C:/laragon/www/APK_POS-sahla/APK_POS-sahla/vendor/laravel/framework/src/Illuminate/Pipeline/Pipeline.php(219): Illuminate/Foundation/Http/Middleware/VerifyCsrfToken->handle(Object(Illuminate/Http/Request), Object(Closure))
#24 C:/laragon/www/APK_POS-sahla/APK_POS-sahla/vendor/laravel/framework/src/Illuminate/View/Middleware/ShareErrorsFromSession.php(48): Illuminate/Pipeline/Pipeline->Illuminate/Pipeline/{closure}(Object(Illuminate/Http/Request))
#25 C:/laragon/www/APK_POS-sahla/APK_POS-sahla/vendor/laravel/framework/src/Illuminate/Pipeline/Pipeline.php(219): Illuminate/View/Middleware/ShareErrorsFromSession->handle(Object(Illuminate/Http/Request), Object(Closure))
#26 C:/laragon/www/APK_POS-sahla/APK_POS-sahla/vendor/laravel/framework/src/Illuminate/Session/Middleware/StartSession.php(120): Illuminate/Pipeline/Pipeline->Illuminate/Pipeline/{closure}(Object(Illuminate/Http/Request))
#27 C:/laragon/www/APK_POS-sahla/APK_POS-sahla/vendor/laravel/framework/src/Illuminate/Session/Middleware/StartSession.php(63): Illuminate/Session/Middleware/StartSession->handleStatefulRequest(Object(Illuminate/Http/Request), Object(Illuminate/Session/Store), Object(Closure))
#28 C:/laragon/www/APK_POS-sahla/APK_POS-sahla/vendor/laravel/framework/src/Illuminate/Pipeline/Pipeline.php(219): Illuminate/Session/Middleware/StartSession->handle(Object(Illuminate/Http/Request), Object(Closure))
#29 C:/laragon/www/APK_POS-sahla/APK_POS-sahla/vendor/laravel/framework/src/Illuminate/Cookie/Middleware/AddQueuedCookiesToResponse.php(36): Illuminate/Pipeline/Pipeline->Illuminate/Pipeline/{closure}(Object(Illuminate/Http/Request))
#30 C:/laragon/www/APK_POS-sahla/APK_POS-sahla/vendor/laravel/framework/src/Illuminate/Pipeline/Pipeline.php(219): Illuminate/Cookie/Middleware/AddQueuedCookiesToResponse->handle(Object(Illuminate/Http/Request), Object(Closure))
#31 C:/laragon/www/APK_POS-sahla/APK_POS-sahla/vendor/laravel/framework/src/Illuminate/Cookie/Middleware/EncryptCookies.php(74): Illuminate/Pipeline/Pipeline->Illuminate/Pipeline/{closure}(Object(Illuminate/Http/Request))
#32 C:/laragon/www/APK_POS-sahla/APK_POS-sahla/vendor/laravel/framework/src/Illuminate/Pipeline/Pipeline.php(219): Illuminate/Cookie/Middleware/EncryptCookies->handle(Object(Illuminate/Http/Request), Object(Closure))
#33 C:/laragon/www/APK_POS-sahla/APK_POS-sahla/vendor/laravel/framework/src/Illuminate/Pipeline/Pipeline.php(137): Illuminate/Pipeline/Pipeline->Illuminate/Pipeline/{closure}(Object(Illuminate/Http/Request))
#34 C:/laragon/www/APK_POS-sahla/APK_POS-sahla/vendor/laravel/framework/src/Illuminate/Routing/Router.php(821): Illuminate/Pipeline/Pipeline->then(Object(Closure))
#35 C:/laragon/www/APK_POS-sahla/APK_POS-sahla/vendor/laravel/framework/src/Illuminate/Routing/Router.php(800): Illuminate/Routing/Router->runRouteWithinStack(Object(Illuminate/Routing/Route), Object(Illuminate/Http/Request))
#36 C:/laragon/www/APK_POS-sahla/APK_POS-sahla/vendor/laravel/framework/src/Illuminate/Routing/Router.php(764): Illuminate/Routing/Router->runRoute(Object(Illuminate/Http/Request), Object(Illuminate/Routing/Route))
#37 C:/laragon/www/APK_POS-sahla/APK_POS-sahla/vendor/laravel/framework/src/Illuminate/Routing/Router.php(753): Illuminate/Routing/Router->dispatchToRoute(Object(Illuminate/Http/Request))
#38 C:/laragon/www/APK_POS-sahla/APK_POS-sahla/vendor/laravel/framework/src/Illuminate/Foundation/Http/Kernel.php(200): Illuminate/Routing/Router->dispatch(Object(Illuminate/Http/Request))
#39 C:/laragon/www/APK_POS-sahla/APK_POS-sahla/vendor/laravel/framework/src/Illuminate/Pipeline/Pipeline.php(180): Illuminate/Foundation/Http/Kernel->Illuminate/Foundation/Http/{closure}(Object(Illuminate/Http/Request))
#40 C:/laragon/www/APK_POS-sahla/APK_POS-sahla/vendor/laravel/framework/src/Illuminate/Foundation/Http/Middleware/TransformsRequest.php(21): Illuminate/Pipeline/Pipeline->Illuminate/Pipeline/{closure}(Object(Illuminate/Http/Request))
#41 C:/laragon/www/APK_POS-sahla/APK_POS-sahla/vendor/laravel/framework/src/Illuminate/Foundation/Http/Middleware/ConvertEmptyStringsToNull.php(31): Illuminate/Foundation/Http/Middleware/TransformsRequest->handle(Object(Illuminate/Http/Request), Object(Closure))
#42 C:/laragon/www/APK_POS-sahla/APK_POS-sahla/vendor/laravel/framework/src/Illuminate/Pipeline/Pipeline.php(219): Illuminate/Foundation/Http/Middleware/ConvertEmptyStringsToNull->handle(Object(Illuminate/Http/Request), Object(Closure))
#43 C:/laragon/www/APK_POS-sahla/APK_POS-sahla/vendor/laravel/framework/src/Illuminate/Foundation/Http/Middleware/TransformsRequest.php(21): Illuminate/Pipeline/Pipeline->Illuminate/Pipeline/{closure}(Object(Illuminate/Http/Request))
#44 C:/laragon/www/APK_POS-sahla/APK_POS-sahla/vendor/laravel/framework/src/Illuminate/Foundation/Http/Middleware/TrimStrings.php(51): Illuminate/Foundation/Http/Middleware/TransformsRequest->handle(Object(Illuminate/Http/Request), Object(Closure))
#45 C:/laragon/www/APK_POS-sahla/APK_POS-sahla/vendor/laravel/framework/src/Illuminate/Pipeline/Pipeline.php(219): Illuminate/Foundation/Http/Middleware/TrimStrings->handle(Object(Illuminate/Http/Request), Object(Closure))
#46 C:/laragon/www/APK_POS-sahla/APK_POS-sahla/vendor/laravel/framework/src/Illuminate/Http/Middleware/ValidatePostSize.php(27): Illuminate/Pipeline/Pipeline->Illuminate/Pipeline/{closure}(Object(Illuminate/Http/Request))
#47 C:/laragon/www/APK_POS-sahla/APK_POS-sahla/vendor/laravel/framework/src/Illuminate/Pipeline/Pipeline.php(219): Illuminate/Http/Middleware/ValidatePostSize->handle(Object(Illuminate/Http/Request), Object(Closure))
#48 C:/laragon/www/APK_POS-sahla/APK_POS-sahla/vendor/laravel/framework/src/Illuminate/Foundation/Http/Middleware/PreventRequestsDuringMaintenance.php(109): Illuminate/Pipeline/Pipeline->Illuminate/Pipeline/{closure}(Object(Illuminate/Http/Request))
#49 C:/laragon/www/APK_POS-sahla/APK_POS-sahla/vendor/laravel/framework/src/Illuminate/Pipeline/Pipeline.php(219): Illuminate/Foundation/Http/Middleware/PreventRequestsDuringMaintenance->handle(Object(Illuminate/Http/Request), Object(Closure))
#50 C:/laragon/www/APK_POS-sahla/APK_POS-sahla/vendor/laravel/framework/src/Illuminate/Http/Middleware/HandleCors.php(61): Illuminate/Pipeline/Pipeline->Illuminate/Pipeline/{closure}(Object(Illuminate/Http/Request))
#51 C:/laragon/www/APK_POS-sahla/APK_POS-sahla/vendor/laravel/framework/src/Illuminate/Pipeline/Pipeline.php(219): Illuminate/Http/Middleware/HandleCors->handle(Object(Illuminate/Http/Request), Object(Closure))
#52 C:/laragon/www/APK_POS-sahla/APK_POS-sahla/vendor/laravel/framework/src/Illuminate/Http/Middleware/TrustProxies.php(58): Illuminate/Pipeline/Pipeline->Illuminate/Pipeline/{closure}(Object(Illuminate/Http/Request))
#53 C:/laragon/www/APK_POS-sahla/APK_POS-sahla/vendor/laravel/framework/src/Illuminate/Pipeline/Pipeline.php(219): Illuminate/Http/Middleware/TrustProxies->handle(Object(Illuminate/Http/Request), Object(Closure))
#54 C:/laragon/www/APK_POS-sahla/APK_POS-sahla/vendor/laravel/framework/src/Illuminate/Foundation/Http/Middleware/InvokeDeferredCallbacks.php(22): Illuminate/Pipeline/Pipeline->Illuminate/Pipeline/{closure}(Object(Illuminate/Http/Request))
#55 C:/laragon/www/APK_POS-sahla/APK_POS-sahla/vendor/laravel/framework/src/Illuminate/Pipeline/Pipeline.php(219): Illuminate/Foundation/Http/Middleware/InvokeDeferredCallbacks->handle(Object(Illuminate/Http/Request), Object(Closure))
#56 C:/laragon/www/APK_POS-sahla/APK_POS-sahla/vendor/laravel/framework/src/Illuminate/Http/Middleware/ValidatePathEncoding.php(26): Illuminate/Pipeline/Pipeline->Illuminate/Pipeline/{closure}(Object(Illuminate/Http/Request))
#57 C:/laragon/www/APK_POS-sahla/APK_POS-sahla/vendor/laravel/framework/src/Illuminate/Pipeline/Pipeline.php(219): Illuminate/Http/Middleware/ValidatePathEncoding->handle(Object(Illuminate/Http/Request), Object(Closure))
#58 C:/laragon/www/APK_POS-sahla/APK_POS-sahla/vendor/laravel/framework/src/Illuminate/Pipeline/Pipeline.php(137): Illuminate/Pipeline/Pipeline->Illuminate/Pipeline/{closure}(Object(Illuminate/Http/Request))
#59 C:/laragon/www/APK_POS-sahla/APK_POS-sahla/vendor/laravel/framework/src/Illuminate/Foundation/Http/Kernel.php(175): Illuminate/Pipeline/Pipeline->then(Object(Closure))
#60 C:/laragon/www/APK_POS-sahla/APK_POS-sahla/vendor/laravel/framework/src/Illuminate/Foundation/Http/Kernel.php(144): Illuminate/Foundation/Http/Kernel->sendRequestThroughRouter(Object(Illuminate/Http/Request))
#61 C:/laragon/www/APK_POS-sahla/APK_POS-sahla/vendor/laravel/framework/src/Illuminate/Foundation/Application.php(1220): Illuminate/Foundation/Http/Kernel->handle(Object(Illuminate/Http/Request))
#62 C:/laragon/www/APK_POS-sahla/APK_POS-sahla/public/index.php(20): Illuminate/Foundation/Application->handleRequest(Object(Illuminate/Http/Request))
#63 C:/laragon/www/APK_POS-sahla/APK_POS-sahla/vendor/laravel/framework/src/Illuminate/Foundation/resources/server.php(23): require_once('C://laragon//www//...')
#64 {main}
"} 
[2026-07-31 04:02:50] local.ERROR: View [kasir.dashboard] not found. {"userId":6,"exception":"[object] (InvalidArgumentException(code: 0): View [kasir.dashboard] not found. at C:/laragon/www/APK_POS-sahla/APK_POS-sahla/vendor/laravel/framework/src/Illuminate/View/FileViewFinder.php:138)
[stacktrace]
#0 C:/laragon/www/APK_POS-sahla/APK_POS-sahla/vendor/laravel/framework/src/Illuminate/View/FileViewFinder.php(78): Illuminate/View/FileViewFinder->findInPaths('kasir.dashboard', Array)
#1 C:/laragon/www/APK_POS-sahla/APK_POS-sahla/vendor/laravel/framework/src/Illuminate/View/Factory.php(150): Illuminate/View/FileViewFinder->find('kasir.dashboard')
#2 C:/laragon/www/APK_POS-sahla/APK_POS-sahla/vendor/laravel/framework/src/Illuminate/Foundation/helpers.php(1100): Illuminate/View/Factory->make('kasir.dashboard', Array, Array)
#3 C:/laragon/www/APK_POS-sahla/APK_POS-sahla/routes/web.php(67): view('kasir.dashboard')
#4 C:/laragon/www/APK_POS-sahla/APK_POS-sahla/vendor/laravel/framework/src/Illuminate/Routing/CallableDispatcher.php(39): Illuminate/Routing/RouteFileRegistrar->{closure}()
#5 C:/laragon/www/APK_POS-sahla/APK_POS-sahla/vendor/laravel/framework/src/Illuminate/Routing/Route.php(243): Illuminate/Routing/CallableDispatcher->dispatch(Object(Illuminate/Routing/Route), Object(Closure))
#6 C:/laragon/www/APK_POS-sahla/APK_POS-sahla/vendor/laravel/framework/src/Illuminate/Routing/Route.php(214): Illuminate/Routing/Route->runCallable()
#7 C:/laragon/www/APK_POS-sahla/APK_POS-sahla/vendor/laravel/framework/src/Illuminate/Routing/Router.php(822): Illuminate/Routing/Route->run()
#8 C:/laragon/www/APK_POS-sahla/APK_POS-sahla/vendor/laravel/framework/src/Illuminate/Pipeline/Pipeline.php(180): Illuminate/Routing/Router->Illuminate/Routing/{closure}(Object(Illuminate/Http/Request))
#9 C:/laragon/www/APK_POS-sahla/APK_POS-sahla/app/Http/Middleware/RoleMiddleware.php(32): Illuminate/Pipeline/Pipeline->Illuminate/Pipeline/{closure}(Object(Illuminate/Http/Request))
#10 C:/laragon/www/APK_POS-sahla/APK_POS-sahla/vendor/laravel/framework/src/Illuminate/Pipeline/Pipeline.php(219): App/Http/Middleware/RoleMiddleware->handle(Object(Illuminate/Http/Request), Object(Closure), 'kasir')
#11 C:/laragon/www/APK_POS-sahla/APK_POS-sahla/vendor/laravel/framework/src/Illuminate/Routing/Middleware/SubstituteBindings.php(50): Illuminate/Pipeline/Pipeline->Illuminate/Pipeline/{closure}(Object(Illuminate/Http/Request))
#12 C:/laragon/www/APK_POS-sahla/APK_POS-sahla/vendor/laravel/framework/src/Illuminate/Pipeline/Pipeline.php(219): Illuminate/Routing/Middleware/SubstituteBindings->handle(Object(Illuminate/Http/Request), Object(Closure))
#13 C:/laragon/www/APK_POS-sahla/APK_POS-sahla/vendor/laravel/framework/src/Illuminate/Auth/Middleware/Authenticate.php(63): Illuminate/Pipeline/Pipeline->Illuminate/Pipeline/{closure}(Object(Illuminate/Http/Request))
#14 C:/laragon/www/APK_POS-sahla/APK_POS-sahla/vendor/laravel/framework/src/Illuminate/Pipeline/Pipeline.php(219): Illuminate/Auth/Middleware/Authenticate->handle(Object(Illuminate/Http/Request), Object(Closure))
#15 C:/laragon/www/APK_POS-sahla/APK_POS-sahla/vendor/laravel/framework/src/Illuminate/Foundation/Http/Middleware/VerifyCsrfToken.php(87): Illuminate/Pipeline/Pipeline->Illuminate/Pipeline/{closure}(Object(Illuminate/Http/Request))
#16 C:/laragon/www/APK_POS-sahla/APK_POS-sahla/vendor/laravel/framework/src/Illuminate/Pipeline/Pipeline.php(219): Illuminate/Foundation/Http/Middleware/VerifyCsrfToken->handle(Object(Illuminate/Http/Request), Object(Closure))
#17 C:/laragon/www/APK_POS-sahla/APK_POS-sahla/vendor/laravel/framework/src/Illuminate/View/Middleware/ShareErrorsFromSession.php(48): Illuminate/Pipeline/Pipeline->Illuminate/Pipeline/{closure}(Object(Illuminate/Http/Request))
#18 C:/laragon/www/APK_POS-sahla/APK_POS-sahla/vendor/laravel/framework/src/Illuminate/Pipeline/Pipeline.php(219): Illuminate/View/Middleware/ShareErrorsFromSession->handle(Object(Illuminate/Http/Request), Object(Closure))
#19 C:/laragon/www/APK_POS-sahla/APK_POS-sahla/vendor/laravel/framework/src/Illuminate/Session/Middleware/StartSession.php(120): Illuminate/Pipeline/Pipeline->Illuminate/Pipeline/{closure}(Object(Illuminate/Http/Request))
#20 C:/laragon/www/APK_POS-sahla/APK_POS-sahla/vendor/laravel/framework/src/Illuminate/Session/Middleware/StartSession.php(63): Illuminate/Session/Middleware/StartSession->handleStatefulRequest(Object(Illuminate/Http/Request), Object(Illuminate/Session/Store), Object(Closure))
#21 C:/laragon/www/APK_POS-sahla/APK_POS-sahla/vendor/laravel/framework/src/Illuminate/Pipeline/Pipeline.php(219): Illuminate/Session/Middleware/StartSession->handle(Object(Illuminate/Http/Request), Object(Closure))
#22 C:/laragon/www/APK_POS-sahla/APK_POS-sahla/vendor/laravel/framework/src/Illuminate/Cookie/Middleware/AddQueuedCookiesToResponse.php(36): Illuminate/Pipeline/Pipeline->Illuminate/Pipeline/{closure}(Object(Illuminate/Http/Request))
#23 C:/laragon/www/APK_POS-sahla/APK_POS-sahla/vendor/laravel/framework/src/Illuminate/Pipeline/Pipeline.php(219): Illuminate/Cookie/Middleware/AddQueuedCookiesToResponse->handle(Object(Illuminate/Http/Request), Object(Closure))
#24 C:/laragon/www/APK_POS-sahla/APK_POS-sahla/vendor/laravel/framework/src/Illuminate/Cookie/Middleware/EncryptCookies.php(74): Illuminate/Pipeline/Pipeline->Illuminate/Pipeline/{closure}(Object(Illuminate/Http/Request))
#25 C:/laragon/www/APK_POS-sahla/APK_POS-sahla/vendor/laravel/framework/src/Illuminate/Pipeline/Pipeline.php(219): Illuminate/Cookie/Middleware/EncryptCookies->handle(Object(Illuminate/Http/Request), Object(Closure))
#26 C:/laragon/www/APK_POS-sahla/APK_POS-sahla/vendor/laravel/framework/src/Illuminate/Pipeline/Pipeline.php(137): Illuminate/Pipeline/Pipeline->Illuminate/Pipeline/{closure}(Object(Illuminate/Http/Request))
#27 C:/laragon/www/APK_POS-sahla/APK_POS-sahla/vendor/laravel/framework/src/Illuminate/Routing/Router.php(821): Illuminate/Pipeline/Pipeline->then(Object(Closure))
#28 C:/laragon/www/APK_POS-sahla/APK_POS-sahla/vendor/laravel/framework/src/Illuminate/Routing/Router.php(800): Illuminate/Routing/Router->runRouteWithinStack(Object(Illuminate/Routing/Route), Object(Illuminate/Http/Request))
#29 C:/laragon/www/APK_POS-sahla/APK_POS-sahla/vendor/laravel/framework/src/Illuminate/Routing/Router.php(764): Illuminate/Routing/Router->runRoute(Object(Illuminate/Http/Request), Object(Illuminate/Routing/Route))
#30 C:/laragon/www/APK_POS-sahla/APK_POS-sahla/vendor/laravel/framework/src/Illuminate/Routing/Router.php(753): Illuminate/Routing/Router->dispatchToRoute(Object(Illuminate/Http/Request))
#31 C:/laragon/www/APK_POS-sahla/APK_POS-sahla/vendor/laravel/framework/src/Illuminate/Foundation/Http/Kernel.php(200): Illuminate/Routing/Router->dispatch(Object(Illuminate/Http/Request))
#32 C:/laragon/www/APK_POS-sahla/APK_POS-sahla/vendor/laravel/framework/src/Illuminate/Pipeline/Pipeline.php(180): Illuminate/Foundation/Http/Kernel->Illuminate/Foundation/Http/{closure}(Object(Illuminate/Http/Request))
#33 C:/laragon/www/APK_POS-sahla/APK_POS-sahla/vendor/laravel/framework/src/Illuminate/Foundation/Http/Middleware/TransformsRequest.php(21): Illuminate/Pipeline/Pipeline->Illuminate/Pipeline/{closure}(Object(Illuminate/Http/Request))
#34 C:/laragon/www/APK_POS-sahla/APK_POS-sahla/vendor/laravel/framework/src/Illuminate/Foundation/Http/Middleware/ConvertEmptyStringsToNull.php(31): Illuminate/Foundation/Http/Middleware/TransformsRequest->handle(Object(Illuminate/Http/Request), Object(Closure))
#35 C:/laragon/www/APK_POS-sahla/APK_POS-sahla/vendor/laravel/framework/src/Illuminate/Pipeline/Pipeline.php(219): Illuminate/Foundation/Http/Middleware/ConvertEmptyStringsToNull->handle(Object(Illuminate/Http/Request), Object(Closure))
#36 C:/laragon/www/APK_POS-sahla/APK_POS-sahla/vendor/laravel/framework/src/Illuminate/Foundation/Http/Middleware/TransformsRequest.php(21): Illuminate/Pipeline/Pipeline->Illuminate/Pipeline/{closure}(Object(Illuminate/Http/Request))
#37 C:/laragon/www/APK_POS-sahla/APK_POS-sahla/vendor/laravel/framework/src/Illuminate/Foundation/Http/Middleware/TrimStrings.php(51): Illuminate/Foundation/Http/Middleware/TransformsRequest->handle(Object(Illuminate/Http/Request), Object(Closure))
#38 C:/laragon/www/APK_POS-sahla/APK_POS-sahla/vendor/laravel/framework/src/Illuminate/Pipeline/Pipeline.php(219): Illuminate/Foundation/Http/Middleware/TrimStrings->handle(Object(Illuminate/Http/Request), Object(Closure))
#39 C:/laragon/www/APK_POS-sahla/APK_POS-sahla/vendor/laravel/framework/src/Illuminate/Http/Middleware/ValidatePostSize.php(27): Illuminate/Pipeline/Pipeline->Illuminate/Pipeline/{closure}(Object(Illuminate/Http/Request))
#40 C:/laragon/www/APK_POS-sahla/APK_POS-sahla/vendor/laravel/framework/src/Illuminate/Pipeline/Pipeline.php(219): Illuminate/Http/Middleware/ValidatePostSize->handle(Object(Illuminate/Http/Request), Object(Closure))
#41 C:/laragon/www/APK_POS-sahla/APK_POS-sahla/vendor/laravel/framework/src/Illuminate/Foundation/Http/Middleware/PreventRequestsDuringMaintenance.php(109): Illuminate/Pipeline/Pipeline->Illuminate/Pipeline/{closure}(Object(Illuminate/Http/Request))
#42 C:/laragon/www/APK_POS-sahla/APK_POS-sahla/vendor/laravel/framework/src/Illuminate/Pipeline/Pipeline.php(219): Illuminate/Foundation/Http/Middleware/PreventRequestsDuringMaintenance->handle(Object(Illuminate/Http/Request), Object(Closure))
#43 C:/laragon/www/APK_POS-sahla/APK_POS-sahla/vendor/laravel/framework/src/Illuminate/Http/Middleware/HandleCors.php(61): Illuminate/Pipeline/Pipeline->Illuminate/Pipeline/{closure}(Object(Illuminate/Http/Request))
#44 C:/laragon/www/APK_POS-sahla/APK_POS-sahla/vendor/laravel/framework/src/Illuminate/Pipeline/Pipeline.php(219): Illuminate/Http/Middleware/HandleCors->handle(Object(Illuminate/Http/Request), Object(Closure))
#45 C:/laragon/www/APK_POS-sahla/APK_POS-sahla/vendor/laravel/framework/src/Illuminate/Http/Middleware/TrustProxies.php(58): Illuminate/Pipeline/Pipeline->Illuminate/Pipeline/{closure}(Object(Illuminate/Http/Request))
#46 C:/laragon/www/APK_POS-sahla/APK_POS-sahla/vendor/laravel/framework/src/Illuminate/Pipeline/Pipeline.php(219): Illuminate/Http/Middleware/TrustProxies->handle(Object(Illuminate/Http/Request), Object(Closure))
#47 C:/laragon/www/APK_POS-sahla/APK_POS-sahla/vendor/laravel/framework/src/Illuminate/Foundation/Http/Middleware/InvokeDeferredCallbacks.php(22): Illuminate/Pipeline/Pipeline->Illuminate/Pipeline/{closure}(Object(Illuminate/Http/Request))
#48 C:/laragon/www/APK_POS-sahla/APK_POS-sahla/vendor/laravel/framework/src/Illuminate/Pipeline/Pipeline.php(219): Illuminate/Foundation/Http/Middleware/InvokeDeferredCallbacks->handle(Object(Illuminate/Http/Request), Object(Closure))
#49 C:/laragon/www/APK_POS-sahla/APK_POS-sahla/vendor/laravel/framework/src/Illuminate/Http/Middleware/ValidatePathEncoding.php(26): Illuminate/Pipeline/Pipeline->Illuminate/Pipeline/{closure}(Object(Illuminate/Http/Request))
#50 C:/laragon/www/APK_POS-sahla/APK_POS-sahla/vendor/laravel/framework/src/Illuminate/Pipeline/Pipeline.php(219): Illuminate/Http/Middleware/ValidatePathEncoding->handle(Object(Illuminate/Http/Request), Object(Closure))
#51 C:/laragon/www/APK_POS-sahla/APK_POS-sahla/vendor/laravel/framework/src/Illuminate/Pipeline/Pipeline.php(137): Illuminate/Pipeline/Pipeline->Illuminate/Pipeline/{closure}(Object(Illuminate/Http/Request))
#52 C:/laragon/www/APK_POS-sahla/APK_POS-sahla/vendor/laravel/framework/src/Illuminate/Foundation/Http/Kernel.php(175): Illuminate/Pipeline/Pipeline->then(Object(Closure))
#53 C:/laragon/www/APK_POS-sahla/APK_POS-sahla/vendor/laravel/framework/src/Illuminate/Foundation/Http/Kernel.php(144): Illuminate/Foundation/Http/Kernel->sendRequestThroughRouter(Object(Illuminate/Http/Request))
#54 C:/laragon/www/APK_POS-sahla/APK_POS-sahla/vendor/laravel/framework/src/Illuminate/Foundation/Application.php(1220): Illuminate/Foundation/Http/Kernel->handle(Object(Illuminate/Http/Request))
#55 C:/laragon/www/APK_POS-sahla/APK_POS-sahla/public/index.php(20): Illuminate/Foundation/Application->handleRequest(Object(Illuminate/Http/Request))
#56 C:/laragon/www/APK_POS-sahla/APK_POS-sahla/vendor/laravel/framework/src/Illuminate/Foundation/resources/server.php(23): require_once('C://laragon//www//...')
#57 {main}
"} 
[2026-07-31 07:35:47] local.ERROR: Method Illuminate\Support\Collection::links does not exist. (View: C:\laragon\www\APK_POS-sahla\APK_POS-sahla\resources\views\dashboard.blade.php) {"userId":3,"exception":"[object] (Illuminate\\View\\ViewException(code: 0): Method Illuminate\\Support\\Collection::links does not exist. (View: C:\\laragon\\www\\APK_POS-sahla\\APK_POS-sahla\\resources\\views\\dashboard.blade.php) at C:/laragon/www/APK_POS-sahla/APK_POS-sahla/vendor/laravel/framework/src/Illuminate/Macroable/Traits/Macroable.php:115)
[stacktrace]
#0 C:/laragon/www/APK_POS-sahla/APK_POS-sahla/vendor/laravel/framework/src/Illuminate/View/Engines/PhpEngine.php(59): Illuminate/View/Engines/CompilerEngine->handleViewException(Object(BadMethodCallException), 1)
#1 C:/laragon/www/APK_POS-sahla/APK_POS-sahla/vendor/laravel/framework/src/Illuminate/View/Engines/CompilerEngine.php(76): Illuminate/View/Engines/PhpEngine->evaluatePath('C://laragon//www//...', Array)
#2 C:/laragon/www/APK_POS-sahla/APK_POS-sahla/vendor/laravel/framework/src/Illuminate/View/View.php(208): Illuminate/View/Engines/CompilerEngine->get('C://laragon//www//...', Array)
#3 C:/laragon/www/APK_POS-sahla/APK_POS-sahla/vendor/laravel/framework/src/Illuminate/View/View.php(191): Illuminate/View/View->getContents()
#4 C:/laragon/www/APK_POS-sahla/APK_POS-sahla/vendor/laravel/framework/src/Illuminate/View/View.php(160): Illuminate/View/View->renderContents()
#5 C:/laragon/www/APK_POS-sahla/APK_POS-sahla/vendor/laravel/framework/src/Illuminate/Http/Response.php(78): Illuminate/View/View->render()
#6 C:/laragon/www/APK_POS-sahla/APK_POS-sahla/vendor/laravel/framework/src/Illuminate/Http/Response.php(34): Illuminate/Http/Response->setContent(Object(Illuminate/View/View))
#7 C:/laragon/www/APK_POS-sahla/APK_POS-sahla/vendor/laravel/framework/src/Illuminate/Routing/Router.php(939): Illuminate/Http/Response->__construct(Object(Illuminate/View/View), 200, Array)
#8 C:/laragon/www/APK_POS-sahla/APK_POS-sahla/vendor/laravel/framework/src/Illuminate/Routing/Router.php(906): Illuminate/Routing/Router::toResponse(Object(Illuminate/Http/Request), Object(Illuminate/View/View))
#9 C:/laragon/www/APK_POS-sahla/APK_POS-sahla/vendor/laravel/framework/src/Illuminate/Routing/Router.php(821): Illuminate/Routing/Router->prepareResponse(Object(Illuminate/Http/Request), Object(Illuminate/View/View))
#10 C:/laragon/www/APK_POS-sahla/APK_POS-sahla/vendor/laravel/framework/src/Illuminate/Pipeline/Pipeline.php(180): Illuminate/Routing/Router->Illuminate/Routing/{closure}(Object(Illuminate/Http/Request))
#11 C:/laragon/www/APK_POS-sahla/APK_POS-sahla/app/Http/Middleware/RoleMiddleware.php(32): Illuminate/Pipeline/Pipeline->Illuminate/Pipeline/{closure}(Object(Illuminate/Http/Request))
#12 C:/laragon/www/APK_POS-sahla/APK_POS-sahla/vendor/laravel/framework/src/Illuminate/Pipeline/Pipeline.php(219): App/Http/Middleware/RoleMiddleware->handle(Object(Illuminate/Http/Request), Object(Closure), 'admin', 'kasir')
#13 C:/laragon/www/APK_POS-sahla/APK_POS-sahla/vendor/laravel/framework/src/Illuminate/Routing/Middleware/SubstituteBindings.php(50): Illuminate/Pipeline/Pipeline->Illuminate/Pipeline/{closure}(Object(Illuminate/Http/Request))
#14 C:/laragon/www/APK_POS-sahla/APK_POS-sahla/vendor/laravel/framework/src/Illuminate/Pipeline/Pipeline.php(219): Illuminate/Routing/Middleware/SubstituteBindings->handle(Object(Illuminate/Http/Request), Object(Closure))
#15 C:/laragon/www/APK_POS-sahla/APK_POS-sahla/vendor/laravel/framework/src/Illuminate/Auth/Middleware/Authenticate.php(63): Illuminate/Pipeline/Pipeline->Illuminate/Pipeline/{closure}(Object(Illuminate/Http/Request))
#16 C:/laragon/www/APK_POS-sahla/APK_POS-sahla/vendor/laravel/framework/src/Illuminate/Pipeline/Pipeline.php(219): Illuminate/Auth/Middleware/Authenticate->handle(Object(Illuminate/Http/Request), Object(Closure))
#17 C:/laragon/www/APK_POS-sahla/APK_POS-sahla/vendor/laravel/framework/src/Illuminate/Foundation/Http/Middleware/VerifyCsrfToken.php(87): Illuminate/Pipeline/Pipeline->Illuminate/Pipeline/{closure}(Object(Illuminate/Http/Request))
#18 C:/laragon/www/APK_POS-sahla/APK_POS-sahla/vendor/laravel/framework/src/Illuminate/Pipeline/Pipeline.php(219): Illuminate/Foundation/Http/Middleware/VerifyCsrfToken->handle(Object(Illuminate/Http/Request), Object(Closure))
#19 C:/laragon/www/APK_POS-sahla/APK_POS-sahla/vendor/laravel/framework/src/Illuminate/View/Middleware/ShareErrorsFromSession.php(48): Illuminate/Pipeline/Pipeline->Illuminate/Pipeline/{closure}(Object(Illuminate/Http/Request))
#20 C:/laragon/www/APK_POS-sahla/APK_POS-sahla/vendor/laravel/framework/src/Illuminate/Pipeline/Pipeline.php(219): Illuminate/View/Middleware/ShareErrorsFromSession->handle(Object(Illuminate/Http/Request), Object(Closure))
#21 C:/laragon/www/APK_POS-sahla/APK_POS-sahla/vendor/laravel/framework/src/Illuminate/Session/Middleware/StartSession.php(120): Illuminate/Pipeline/Pipeline->Illuminate/Pipeline/{closure}(Object(Illuminate/Http/Request))
#22 C:/laragon/www/APK_POS-sahla/APK_POS-sahla/vendor/laravel/framework/src/Illuminate/Session/Middleware/StartSession.php(63): Illuminate/Session/Middleware/StartSession->handleStatefulRequest(Object(Illuminate/Http/Request), Object(Illuminate/Session/Store), Object(Closure))
#23 C:/laragon/www/APK_POS-sahla/APK_POS-sahla/vendor/laravel/framework/src/Illuminate/Pipeline/Pipeline.php(219): Illuminate/Session/Middleware/StartSession->handle(Object(Illuminate/Http/Request), Object(Closure))
#24 C:/laragon/www/APK_POS-sahla/APK_POS-sahla/vendor/laravel/framework/src/Illuminate/Cookie/Middleware/AddQueuedCookiesToResponse.php(36): Illuminate/Pipeline/Pipeline->Illuminate/Pipeline/{closure}(Object(Illuminate/Http/Request))
#25 C:/laragon/www/APK_POS-sahla/APK_POS-sahla/vendor/laravel/framework/src/Illuminate/Pipeline/Pipeline.php(219): Illuminate/Cookie/Middleware/AddQueuedCookiesToResponse->handle(Object(Illuminate/Http/Request), Object(Closure))
#26 C:/laragon/www/APK_POS-sahla/APK_POS-sahla/vendor/laravel/framework/src/Illuminate/Cookie/Middleware/EncryptCookies.php(74): Illuminate/Pipeline/Pipeline->Illuminate/Pipeline/{closure}(Object(Illuminate/Http/Request))
#27 C:/laragon/www/APK_POS-sahla/APK_POS-sahla/vendor/laravel/framework/src/Illuminate/Pipeline/Pipeline.php(219): Illuminate/Cookie/Middleware/EncryptCookies->handle(Object(Illuminate/Http/Request), Object(Closure))
#28 C:/laragon/www/APK_POS-sahla/APK_POS-sahla/vendor/laravel/framework/src/Illuminate/Pipeline/Pipeline.php(137): Illuminate/Pipeline/Pipeline->Illuminate/Pipeline/{closure}(Object(Illuminate/Http/Request))
#29 C:/laragon/www/APK_POS-sahla/APK_POS-sahla/vendor/laravel/framework/src/Illuminate/Routing/Router.php(821): Illuminate/Pipeline/Pipeline->then(Object(Closure))
#30 C:/laragon/www/APK_POS-sahla/APK_POS-sahla/vendor/laravel/framework/src/Illuminate/Routing/Router.php(800): Illuminate/Routing/Router->runRouteWithinStack(Object(Illuminate/Routing/Route), Object(Illuminate/Http/Request))
#31 C:/laragon/www/APK_POS-sahla/APK_POS-sahla/vendor/laravel/framework/src/Illuminate/Routing/Router.php(764): Illuminate/Routing/Router->runRoute(Object(Illuminate/Http/Request), Object(Illuminate/Routing/Route))
#32 C:/laragon/www/APK_POS-sahla/APK_POS-sahla/vendor/laravel/framework/src/Illuminate/Routing/Router.php(753): Illuminate/Routing/Router->dispatchToRoute(Object(Illuminate/Http/Request))
#33 C:/laragon/www/APK_POS-sahla/APK_POS-sahla/vendor/laravel/framework/src/Illuminate/Foundation/Http/Kernel.php(200): Illuminate/Routing/Router->dispatch(Object(Illuminate/Http/Request))
#34 C:/laragon/www/APK_POS-sahla/APK_POS-sahla/vendor/laravel/framework/src/Illuminate/Pipeline/Pipeline.php(180): Illuminate/Foundation/Http/Kernel->Illuminate/Foundation/Http/{closure}(Object(Illuminate/Http/Request))
#35 C:/laragon/www/APK_POS-sahla/APK_POS-sahla/vendor/laravel/framework/src/Illuminate/Foundation/Http/Middleware/TransformsRequest.php(21): Illuminate/Pipeline/Pipeline->Illuminate/Pipeline/{closure}(Object(Illuminate/Http/Request))
#36 C:/laragon/www/APK_POS-sahla/APK_POS-sahla/vendor/laravel/framework/src/Illuminate/Foundation/Http/Middleware/ConvertEmptyStringsToNull.php(31): Illuminate/Foundation/Http/Middleware/TransformsRequest->handle(Object(Illuminate/Http/Request), Object(Closure))
#37 C:/laragon/www/APK_POS-sahla/APK_POS-sahla/vendor/laravel/framework/src/Illuminate/Pipeline/Pipeline.php(219): Illuminate/Foundation/Http/Middleware/ConvertEmptyStringsToNull->handle(Object(Illuminate/Http/Request), Object(Closure))
#38 C:/laragon/www/APK_POS-sahla/APK_POS-sahla/vendor/laravel/framework/src/Illuminate/Foundation/Http/Middleware/TransformsRequest.php(21): Illuminate/Pipeline/Pipeline->Illuminate/Pipeline/{closure}(Object(Illuminate/Http/Request))
#39 C:/laragon/www/APK_POS-sahla/APK_POS-sahla/vendor/laravel/framework/src/Illuminate/Foundation/Http/Middleware/TrimStrings.php(51): Illuminate/Foundation/Http/Middleware/TransformsRequest->handle(Object(Illuminate/Http/Request), Object(Closure))
#40 C:/laragon/www/APK_POS-sahla/APK_POS-sahla/vendor/laravel/framework/src/Illuminate/Pipeline/Pipeline.php(219): Illuminate/Foundation/Http/Middleware/TrimStrings->handle(Object(Illuminate/Http/Request), Object(Closure))
#41 C:/laragon/www/APK_POS-sahla/APK_POS-sahla/vendor/laravel/framework/src/Illuminate/Http/Middleware/ValidatePostSize.php(27): Illuminate/Pipeline/Pipeline->Illuminate/Pipeline/{closure}(Object(Illuminate/Http/Request))
#42 C:/laragon/www/APK_POS-sahla/APK_POS-sahla/vendor/laravel/framework/src/Illuminate/Pipeline/Pipeline.php(219): Illuminate/Http/Middleware/ValidatePostSize->handle(Object(Illuminate/Http/Request), Object(Closure))
#43 C:/laragon/www/APK_POS-sahla/APK_POS-sahla/vendor/laravel/framework/src/Illuminate/Foundation/Http/Middleware/PreventRequestsDuringMaintenance.php(109): Illuminate/Pipeline/Pipeline->Illuminate/Pipeline/{closure}(Object(Illuminate/Http/Request))
#44 C:/laragon/www/APK_POS-sahla/APK_POS-sahla/vendor/laravel/framework/src/Illuminate/Pipeline/Pipeline.php(219): Illuminate/Foundation/Http/Middleware/PreventRequestsDuringMaintenance->handle(Object(Illuminate/Http/Request), Object(Closure))
#45 C:/laragon/www/APK_POS-sahla/APK_POS-sahla/vendor/laravel/framework/src/Illuminate/Http/Middleware/HandleCors.php(61): Illuminate/Pipeline/Pipeline->Illuminate/Pipeline/{closure}(Object(Illuminate/Http/Request))
#46 C:/laragon/www/APK_POS-sahla/APK_POS-sahla/vendor/laravel/framework/src/Illuminate/Pipeline/Pipeline.php(219): Illuminate/Http/Middleware/HandleCors->handle(Object(Illuminate/Http/Request), Object(Closure))
#47 C:/laragon/www/APK_POS-sahla/APK_POS-sahla/vendor/laravel/framework/src/Illuminate/Http/Middleware/TrustProxies.php(58): Illuminate/Pipeline/Pipeline->Illuminate/Pipeline/{closure}(Object(Illuminate/Http/Request))
#48 C:/laragon/www/APK_POS-sahla/APK_POS-sahla/vendor/laravel/framework/src/Illuminate/Pipeline/Pipeline.php(219): Illuminate/Http/Middleware/TrustProxies->handle(Object(Illuminate/Http/Request), Object(Closure))
#49 C:/laragon/www/APK_POS-sahla/APK_POS-sahla/vendor/laravel/framework/src/Illuminate/Foundation/Http/Middleware/InvokeDeferredCallbacks.php(22): Illuminate/Pipeline/Pipeline->Illuminate/Pipeline/{closure}(Object(Illuminate/Http/Request))
#50 C:/laragon/www/APK_POS-sahla/APK_POS-sahla/vendor/laravel/framework/src/Illuminate/Pipeline/Pipeline.php(219): Illuminate/Foundation/Http/Middleware/InvokeDeferredCallbacks->handle(Object(Illuminate/Http/Request), Object(Closure))
#51 C:/laragon/www/APK_POS-sahla/APK_POS-sahla/vendor/laravel/framework/src/Illuminate/Http/Middleware/ValidatePathEncoding.php(26): Illuminate/Pipeline/Pipeline->Illuminate/Pipeline/{closure}(Object(Illuminate/Http/Request))
#52 C:/laragon/www/APK_POS-sahla/APK_POS-sahla/vendor/laravel/framework/src/Illuminate/Pipeline/Pipeline.php(219): Illuminate/Http/Middleware/ValidatePathEncoding->handle(Object(Illuminate/Http/Request), Object(Closure))
#53 C:/laragon/www/APK_POS-sahla/APK_POS-sahla/vendor/laravel/framework/src/Illuminate/Pipeline/Pipeline.php(137): Illuminate/Pipeline/Pipeline->Illuminate/Pipeline/{closure}(Object(Illuminate/Http/Request))
#54 C:/laragon/www/APK_POS-sahla/APK_POS-sahla/vendor/laravel/framework/src/Illuminate/Foundation/Http/Kernel.php(175): Illuminate/Pipeline/Pipeline->then(Object(Closure))
#55 C:/laragon/www/APK_POS-sahla/APK_POS-sahla/vendor/laravel/framework/src/Illuminate/Foundation/Http/Kernel.php(144): Illuminate/Foundation/Http/Kernel->sendRequestThroughRouter(Object(Illuminate/Http/Request))
#56 C:/laragon/www/APK_POS-sahla/APK_POS-sahla/vendor/laravel/framework/src/Illuminate/Foundation/Application.php(1220): Illuminate/Foundation/Http/Kernel->handle(Object(Illuminate/Http/Request))
#57 C:/laragon/www/APK_POS-sahla/APK_POS-sahla/public/index.php(20): Illuminate/Foundation/Application->handleRequest(Object(Illuminate/Http/Request))
#58 C:/laragon/www/APK_POS-sahla/APK_POS-sahla/vendor/laravel/framework/src/Illuminate/Foundation/resources/server.php(23): require_once('C://laragon//www//...')
#59 {main}

[previous exception] [object] (BadMethodCallException(code: 0): Method Illuminate\\Support\\Collection::links does not exist. at C:/laragon/www/APK_POS-sahla/APK_POS-sahla/vendor/laravel/framework/src/Illuminate/Macroable/Traits/Macroable.php:115)
[stacktrace]
#0 C:/laragon/www/APK_POS-sahla/APK_POS-sahla/storage/framework/views/204dcd656ee075a798452a5ab1decc01.php(650): Illuminate/Support/Collection->__call('links', Array)
#1 C:/laragon/www/APK_POS-sahla/APK_POS-sahla/vendor/laravel/framework/src/Illuminate/Filesystem/Filesystem.php(123): require('C://laragon//www//...')
#2 C:/laragon/www/APK_POS-sahla/APK_POS-sahla/vendor/laravel/framework/src/Illuminate/Filesystem/Filesystem.php(124): Illuminate/Filesystem/Filesystem::Illuminate/Filesystem/{closure}()
#3 C:/laragon/www/APK_POS-sahla/APK_POS-sahla/vendor/laravel/framework/src/Illuminate/View/Engines/PhpEngine.php(57): Illuminate/Filesystem/Filesystem->getRequire('C://laragon//www//...', Array)
#4 C:/laragon/www/APK_POS-sahla/APK_POS-sahla/vendor/laravel/framework/src/Illuminate/View/Engines/CompilerEngine.php(76): Illuminate/View/Engines/PhpEngine->evaluatePath('C://laragon//www//...', Array)
#5 C:/laragon/www/APK_POS-sahla/APK_POS-sahla/vendor/laravel/framework/src/Illuminate/View/View.php(208): Illuminate/View/Engines/CompilerEngine->get('C://laragon//www//...', Array)
#6 C:/laragon/www/APK_POS-sahla/APK_POS-sahla/vendor/laravel/framework/src/Illuminate/View/View.php(191): Illuminate/View/View->getContents()
#7 C:/laragon/www/APK_POS-sahla/APK_POS-sahla/vendor/laravel/framework/src/Illuminate/View/View.php(160): Illuminate/View/View->renderContents()
#8 C:/laragon/www/APK_POS-sahla/APK_POS-sahla/vendor/laravel/framework/src/Illuminate/Http/Response.php(78): Illuminate/View/View->render()
#9 C:/laragon/www/APK_POS-sahla/APK_POS-sahla/vendor/laravel/framework/src/Illuminate/Http/Response.php(34): Illuminate/Http/Response->setContent(Object(Illuminate/View/View))
#10 C:/laragon/www/APK_POS-sahla/APK_POS-sahla/vendor/laravel/framework/src/Illuminate/Routing/Router.php(939): Illuminate/Http/Response->__construct(Object(Illuminate/View/View), 200, Array)
#11 C:/laragon/www/APK_POS-sahla/APK_POS-sahla/vendor/laravel/framework/src/Illuminate/Routing/Router.php(906): Illuminate/Routing/Router::toResponse(Object(Illuminate/Http/Request), Object(Illuminate/View/View))
#12 C:/laragon/www/APK_POS-sahla/APK_POS-sahla/vendor/laravel/framework/src/Illuminate/Routing/Router.php(821): Illuminate/Routing/Router->prepareResponse(Object(Illuminate/Http/Request), Object(Illuminate/View/View))
#13 C:/laragon/www/APK_POS-sahla/APK_POS-sahla/vendor/laravel/framework/src/Illuminate/Pipeline/Pipeline.php(180): Illuminate/Routing/Router->Illuminate/Routing/{closure}(Object(Illuminate/Http/Request))
#14 C:/laragon/www/APK_POS-sahla/APK_POS-sahla/app/Http/Middleware/RoleMiddleware.php(32): Illuminate/Pipeline/Pipeline->Illuminate/Pipeline/{closure}(Object(Illuminate/Http/Request))
#15 C:/laragon/www/APK_POS-sahla/APK_POS-sahla/vendor/laravel/framework/src/Illuminate/Pipeline/Pipeline.php(219): App/Http/Middleware/RoleMiddleware->handle(Object(Illuminate/Http/Request), Object(Closure), 'admin', 'kasir')
#16 C:/laragon/www/APK_POS-sahla/APK_POS-sahla/vendor/laravel/framework/src/Illuminate/Routing/Middleware/SubstituteBindings.php(50): Illuminate/Pipeline/Pipeline->Illuminate/Pipeline/{closure}(Object(Illuminate/Http/Request))
#17 C:/laragon/www/APK_POS-sahla/APK_POS-sahla/vendor/laravel/framework/src/Illuminate/Pipeline/Pipeline.php(219): Illuminate/Routing/Middleware/SubstituteBindings->handle(Object(Illuminate/Http/Request), Object(Closure))
#18 C:/laragon/www/APK_POS-sahla/APK_POS-sahla/vendor/laravel/framework/src/Illuminate/Auth/Middleware/Authenticate.php(63): Illuminate/Pipeline/Pipeline->Illuminate/Pipeline/{closure}(Object(Illuminate/Http/Request))
#19 C:/laragon/www/APK_POS-sahla/APK_POS-sahla/vendor/laravel/framework/src/Illuminate/Pipeline/Pipeline.php(219): Illuminate/Auth/Middleware/Authenticate->handle(Object(Illuminate/Http/Request), Object(Closure))
#20 C:/laragon/www/APK_POS-sahla/APK_POS-sahla/vendor/laravel/framework/src/Illuminate/Foundation/Http/Middleware/VerifyCsrfToken.php(87): Illuminate/Pipeline/Pipeline->Illuminate/Pipeline/{closure}(Object(Illuminate/Http/Request))
#21 C:/laragon/www/APK_POS-sahla/APK_POS-sahla/vendor/laravel/framework/src/Illuminate/Pipeline/Pipeline.php(219): Illuminate/Foundation/Http/Middleware/VerifyCsrfToken->handle(Object(Illuminate/Http/Request), Object(Closure))
#22 C:/laragon/www/APK_POS-sahla/APK_POS-sahla/vendor/laravel/framework/src/Illuminate/View/Middleware/ShareErrorsFromSession.php(48): Illuminate/Pipeline/Pipeline->Illuminate/Pipeline/{closure}(Object(Illuminate/Http/Request))
#23 C:/laragon/www/APK_POS-sahla/APK_POS-sahla/vendor/laravel/framework/src/Illuminate/Pipeline/Pipeline.php(219): Illuminate/View/Middleware/ShareErrorsFromSession->handle(Object(Illuminate/Http/Request), Object(Closure))
#24 C:/laragon/www/APK_POS-sahla/APK_POS-sahla/vendor/laravel/framework/src/Illuminate/Session/Middleware/StartSession.php(120): Illuminate/Pipeline/Pipeline->Illuminate/Pipeline/{closure}(Object(Illuminate/Http/Request))
#25 C:/laragon/www/APK_POS-sahla/APK_POS-sahla/vendor/laravel/framework/src/Illuminate/Session/Middleware/StartSession.php(63): Illuminate/Session/Middleware/StartSession->handleStatefulRequest(Object(Illuminate/Http/Request), Object(Illuminate/Session/Store), Object(Closure))
#26 C:/laragon/www/APK_POS-sahla/APK_POS-sahla/vendor/laravel/framework/src/Illuminate/Pipeline/Pipeline.php(219): Illuminate/Session/Middleware/StartSession->handle(Object(Illuminate/Http/Request), Object(Closure))
#27 C:/laragon/www/APK_POS-sahla/APK_POS-sahla/vendor/laravel/framework/src/Illuminate/Cookie/Middleware/AddQueuedCookiesToResponse.php(36): Illuminate/Pipeline/Pipeline->Illuminate/Pipeline/{closure}(Object(Illuminate/Http/Request))
#28 C:/laragon/www/APK_POS-sahla/APK_POS-sahla/vendor/laravel/framework/src/Illuminate/Pipeline/Pipeline.php(219): Illuminate/Cookie/Middleware/AddQueuedCookiesToResponse->handle(Object(Illuminate/Http/Request), Object(Closure))
#29 C:/laragon/www/APK_POS-sahla/APK_POS-sahla/vendor/laravel/framework/src/Illuminate/Cookie/Middleware/EncryptCookies.php(74): Illuminate/Pipeline/Pipeline->Illuminate/Pipeline/{closure}(Object(Illuminate/Http/Request))
#30 C:/laragon/www/APK_POS-sahla/APK_POS-sahla/vendor/laravel/framework/src/Illuminate/Pipeline/Pipeline.php(219): Illuminate/Cookie/Middleware/EncryptCookies->handle(Object(Illuminate/Http/Request), Object(Closure))
#31 C:/laragon/www/APK_POS-sahla/APK_POS-sahla/vendor/laravel/framework/src/Illuminate/Pipeline/Pipeline.php(137): Illuminate/Pipeline/Pipeline->Illuminate/Pipeline/{closure}(Object(Illuminate/Http/Request))
#32 C:/laragon/www/APK_POS-sahla/APK_POS-sahla/vendor/laravel/framework/src/Illuminate/Routing/Router.php(821): Illuminate/Pipeline/Pipeline->then(Object(Closure))
#33 C:/laragon/www/APK_POS-sahla/APK_POS-sahla/vendor/laravel/framework/src/Illuminate/Routing/Router.php(800): Illuminate/Routing/Router->runRouteWithinStack(Object(Illuminate/Routing/Route), Object(Illuminate/Http/Request))
#34 C:/laragon/www/APK_POS-sahla/APK_POS-sahla/vendor/laravel/framework/src/Illuminate/Routing/Router.php(764): Illuminate/Routing/Router->runRoute(Object(Illuminate/Http/Request), Object(Illuminate/Routing/Route))
#35 C:/laragon/www/APK_POS-sahla/APK_POS-sahla/vendor/laravel/framework/src/Illuminate/Routing/Router.php(753): Illuminate/Routing/Router->dispatchToRoute(Object(Illuminate/Http/Request))
#36 C:/laragon/www/APK_POS-sahla/APK_POS-sahla/vendor/laravel/framework/src/Illuminate/Foundation/Http/Kernel.php(200): Illuminate/Routing/Router->dispatch(Object(Illuminate/Http/Request))
#37 C:/laragon/www/APK_POS-sahla/APK_POS-sahla/vendor/laravel/framework/src/Illuminate/Pipeline/Pipeline.php(180): Illuminate/Foundation/Http/Kernel->Illuminate/Foundation/Http/{closure}(Object(Illuminate/Http/Request))
#38 C:/laragon/www/APK_POS-sahla/APK_POS-sahla/vendor/laravel/framework/src/Illuminate/Foundation/Http/Middleware/TransformsRequest.php(21): Illuminate/Pipeline/Pipeline->Illuminate/Pipeline/{closure}(Object(Illuminate/Http/Request))
#39 C:/laragon/www/APK_POS-sahla/APK_POS-sahla/vendor/laravel/framework/src/Illuminate/Foundation/Http/Middleware/ConvertEmptyStringsToNull.php(31): Illuminate/Foundation/Http/Middleware/TransformsRequest->handle(Object(Illuminate/Http/Request), Object(Closure))
#40 C:/laragon/www/APK_POS-sahla/APK_POS-sahla/vendor/laravel/framework/src/Illuminate/Pipeline/Pipeline.php(219): Illuminate/Foundation/Http/Middleware/ConvertEmptyStringsToNull->handle(Object(Illuminate/Http/Request), Object(Closure))
#41 C:/laragon/www/APK_POS-sahla/APK_POS-sahla/vendor/laravel/framework/src/Illuminate/Foundation/Http/Middleware/TransformsRequest.php(21): Illuminate/Pipeline/Pipeline->Illuminate/Pipeline/{closure}(Object(Illuminate/Http/Request))
#42 C:/laragon/www/APK_POS-sahla/APK_POS-sahla/vendor/laravel/framework/src/Illuminate/Foundation/Http/Middleware/TrimStrings.php(51): Illuminate/Foundation/Http/Middleware/TransformsRequest->handle(Object(Illuminate/Http/Request), Object(Closure))
#43 C:/laragon/www/APK_POS-sahla/APK_POS-sahla/vendor/laravel/framework/src/Illuminate/Pipeline/Pipeline.php(219): Illuminate/Foundation/Http/Middleware/TrimStrings->handle(Object(Illuminate/Http/Request), Object(Closure))
#44 C:/laragon/www/APK_POS-sahla/APK_POS-sahla/vendor/laravel/framework/src/Illuminate/Http/Middleware/ValidatePostSize.php(27): Illuminate/Pipeline/Pipeline->Illuminate/Pipeline/{closure}(Object(Illuminate/Http/Request))
#45 C:/laragon/www/APK_POS-sahla/APK_POS-sahla/vendor/laravel/framework/src/Illuminate/Pipeline/Pipeline.php(219): Illuminate/Http/Middleware/ValidatePostSize->handle(Object(Illuminate/Http/Request), Object(Closure))
#46 C:/laragon/www/APK_POS-sahla/APK_POS-sahla/vendor/laravel/framework/src/Illuminate/Foundation/Http/Middleware/PreventRequestsDuringMaintenance.php(109): Illuminate/Pipeline/Pipeline->Illuminate/Pipeline/{closure}(Object(Illuminate/Http/Request))
#47 C:/laragon/www/APK_POS-sahla/APK_POS-sahla/vendor/laravel/framework/src/Illuminate/Pipeline/Pipeline.php(219): Illuminate/Foundation/Http/Middleware/PreventRequestsDuringMaintenance->handle(Object(Illuminate/Http/Request), Object(Closure))
#48 C:/laragon/www/APK_POS-sahla/APK_POS-sahla/vendor/laravel/framework/src/Illuminate/Http/Middleware/HandleCors.php(61): Illuminate/Pipeline/Pipeline->Illuminate/Pipeline/{closure}(Object(Illuminate/Http/Request))
#49 C:/laragon/www/APK_POS-sahla/APK_POS-sahla/vendor/laravel/framework/src/Illuminate/Pipeline/Pipeline.php(219): Illuminate/Http/Middleware/HandleCors->handle(Object(Illuminate/Http/Request), Object(Closure))
#50 C:/laragon/www/APK_POS-sahla/APK_POS-sahla/vendor/laravel/framework/src/Illuminate/Http/Middleware/TrustProxies.php(58): Illuminate/Pipeline/Pipeline->Illuminate/Pipeline/{closure}(Object(Illuminate/Http/Request))
#51 C:/laragon/www/APK_POS-sahla/APK_POS-sahla/vendor/laravel/framework/src/Illuminate/Pipeline/Pipeline.php(219): Illuminate/Http/Middleware/TrustProxies->handle(Object(Illuminate/Http/Request), Object(Closure))
#52 C:/laragon/www/APK_POS-sahla/APK_POS-sahla/vendor/laravel/framework/src/Illuminate/Foundation/Http/Middleware/InvokeDeferredCallbacks.php(22): Illuminate/Pipeline/Pipeline->Illuminate/Pipeline/{closure}(Object(Illuminate/Http/Request))
#53 C:/laragon/www/APK_POS-sahla/APK_POS-sahla/vendor/laravel/framework/src/Illuminate/Pipeline/Pipeline.php(219): Illuminate/Foundation/Http/Middleware/InvokeDeferredCallbacks->handle(Object(Illuminate/Http/Request), Object(Closure))
#54 C:/laragon/www/APK_POS-sahla/APK_POS-sahla/vendor/laravel/framework/src/Illuminate/Http/Middleware/ValidatePathEncoding.php(26): Illuminate/Pipeline/Pipeline->Illuminate/Pipeline/{closure}(Object(Illuminate/Http/Request))
#55 C:/laragon/www/APK_POS-sahla/APK_POS-sahla/vendor/laravel/framework/src/Illuminate/Pipeline/Pipeline.php(219): Illuminate/Http/Middleware/ValidatePathEncoding->handle(Object(Illuminate/Http/Request), Object(Closure))
#56 C:/laragon/www/APK_POS-sahla/APK_POS-sahla/vendor/laravel/framework/src/Illuminate/Pipeline/Pipeline.php(137): Illuminate/Pipeline/Pipeline->Illuminate/Pipeline/{closure}(Object(Illuminate/Http/Request))
#57 C:/laragon/www/APK_POS-sahla/APK_POS-sahla/vendor/laravel/framework/src/Illuminate/Foundation/Http/Kernel.php(175): Illuminate/Pipeline/Pipeline->then(Object(Closure))
#58 C:/laragon/www/APK_POS-sahla/APK_POS-sahla/vendor/laravel/framework/src/Illuminate/Foundation/Http/Kernel.php(144): Illuminate/Foundation/Http/Kernel->sendRequestThroughRouter(Object(Illuminate/Http/Request))
#59 C:/laragon/www/APK_POS-sahla/APK_POS-sahla/vendor/laravel/framework/src/Illuminate/Foundation/Application.php(1220): Illuminate/Foundation/Http/Kernel->handle(Object(Illuminate/Http/Request))
#60 C:/laragon/www/APK_POS-sahla/APK_POS-sahla/public/index.php(20): Illuminate/Foundation/Application->handleRequest(Object(Illuminate/Http/Request))
#61 C:/laragon/www/APK_POS-sahla/APK_POS-sahla/vendor/laravel/framework/src/Illuminate/Foundation/resources/server.php(23): require_once('C://laragon//www//...')
#62 {main}
"} 
[2026-08-03 04:25:52] local.ERROR: SQLSTATE[HY000] [2002] No connection could be made because the target machine actively refused it (Connection: mysql, Host: 127.0.0.1, Port: 3306, Database: pos_sahlaa, SQL: select * from `sessions` where `id` = ID5LY8vGwziVg00HKwEy7jHW5DTVHvEWXTHFaZf8 limit 1) {"exception":"[object] (Illuminate\\Database\\QueryException(code: 2002): SQLSTATE[HY000] [2002] No connection could be made because the target machine actively refused it (Connection: mysql, Host: 127.0.0.1, Port: 3306, Database: pos_sahlaa, SQL: select * from `sessions` where `id` = ID5LY8vGwziVg00HKwEy7jHW5DTVHvEWXTHFaZf8 limit 1) at C:/laragon/www/APK_POS-sahla/APK_POS-sahla/vendor/laravel/framework/src/Illuminate/Database/Connection.php:838)
[stacktrace]
#0 C:/laragon/www/APK_POS-sahla/APK_POS-sahla/vendor/laravel/framework/src/Illuminate/Database/Connection.php(999): Illuminate/Database/Connection->runQueryCallback('select * from `...', Array, Object(Closure))
#1 C:/laragon/www/APK_POS-sahla/APK_POS-sahla/vendor/laravel/framework/src/Illuminate/Database/Connection.php(978): Illuminate/Database/Connection->tryAgainIfCausedByLostConnection(Object(Illuminate/Database/QueryException), 'select * from `...', Array, Object(Closure))
#2 C:/laragon/www/APK_POS-sahla/APK_POS-sahla/vendor/laravel/framework/src/Illuminate/Database/Connection.php(796): Illuminate/Database/Connection->handleQueryException(Object(Illuminate/Database/QueryException), 'select * from `...', Array, Object(Closure))
#3 C:/laragon/www/APK_POS-sahla/APK_POS-sahla/vendor/laravel/framework/src/Illuminate/Database/Connection.php(411): Illuminate/Database/Connection->run('select * from `...', Array, Object(Closure))
#4 C:/laragon/www/APK_POS-sahla/APK_POS-sahla/vendor/laravel/framework/src/Illuminate/Database/Query/Builder.php(3505): Illuminate/Database/Connection->select('select * from `...', Array, false)
#5 C:/laragon/www/APK_POS-sahla/APK_POS-sahla/vendor/laravel/framework/src/Illuminate/Database/Query/Builder.php(3490): Illuminate/Database/Query/Builder->runSelect()
#6 C:/laragon/www/APK_POS-sahla/APK_POS-sahla/vendor/laravel/framework/src/Illuminate/Database/Query/Builder.php(4080): Illuminate/Database/Query/Builder->Illuminate/Database/Query/{closure}()
#7 C:/laragon/www/APK_POS-sahla/APK_POS-sahla/vendor/laravel/framework/src/Illuminate/Database/Query/Builder.php(3489): Illuminate/Database/Query/Builder->onceWithColumns(Array, Object(Closure))
#8 C:/laragon/www/APK_POS-sahla/APK_POS-sahla/vendor/laravel/framework/src/Illuminate/Database/Concerns/BuildsQueries.php(366): Illuminate/Database/Query/Builder->get(Array)
#9 C:/laragon/www/APK_POS-sahla/APK_POS-sahla/vendor/laravel/framework/src/Illuminate/Database/Query/Builder.php(3412): Illuminate/Database/Query/Builder->first(Array)
#10 C:/laragon/www/APK_POS-sahla/APK_POS-sahla/vendor/laravel/framework/src/Illuminate/Session/DatabaseSessionHandler.php(96): Illuminate/Database/Query/Builder->find('ID5LY8vGwziVg00...')
#11 C:/laragon/www/APK_POS-sahla/APK_POS-sahla/vendor/laravel/framework/src/Illuminate/Session/Store.php(128): Illuminate/Session/DatabaseSessionHandler->read('ID5LY8vGwziVg00...')
#12 C:/laragon/www/APK_POS-sahla/APK_POS-sahla/vendor/laravel/framework/src/Illuminate/Session/Store.php(116): Illuminate/Session/Store->readFromHandler()
#13 C:/laragon/www/APK_POS-sahla/APK_POS-sahla/vendor/laravel/framework/src/Illuminate/Session/Store.php(100): Illuminate/Session/Store->loadSession()
#14 C:/laragon/www/APK_POS-sahla/APK_POS-sahla/vendor/laravel/framework/src/Illuminate/Session/Middleware/StartSession.php(146): Illuminate/Session/Store->start()
#15 C:/laragon/www/APK_POS-sahla/APK_POS-sahla/vendor/laravel/framework/src/Illuminate/Support/helpers.php(393): Illuminate/Session/Middleware/StartSession->Illuminate/Session/Middleware/{closure}(Object(Illuminate/Session/Store))
#16 C:/laragon/www/APK_POS-sahla/APK_POS-sahla/vendor/laravel/framework/src/Illuminate/Session/Middleware/StartSession.php(143): tap(Object(Illuminate/Session/Store), Object(Closure))
#17 C:/laragon/www/APK_POS-sahla/APK_POS-sahla/vendor/laravel/framework/src/Illuminate/Session/Middleware/StartSession.php(115): Illuminate/Session/Middleware/StartSession->startSession(Object(Illuminate/Http/Request), Object(Illuminate/Session/Store))
#18 C:/laragon/www/APK_POS-sahla/APK_POS-sahla/vendor/laravel/framework/src/Illuminate/Session/Middleware/StartSession.php(63): Illuminate/Session/Middleware/StartSession->handleStatefulRequest(Object(Illuminate/Http/Request), Object(Illuminate/Session/Store), Object(Closure))
#19 C:/laragon/www/APK_POS-sahla/APK_POS-sahla/vendor/laravel/framework/src/Illuminate/Pipeline/Pipeline.php(219): Illuminate/Session/Middleware/StartSession->handle(Object(Illuminate/Http/Request), Object(Closure))
#20 C:/laragon/www/APK_POS-sahla/APK_POS-sahla/vendor/laravel/framework/src/Illuminate/Cookie/Middleware/AddQueuedCookiesToResponse.php(36): Illuminate/Pipeline/Pipeline->Illuminate/Pipeline/{closure}(Object(Illuminate/Http/Request))
#21 C:/laragon/www/APK_POS-sahla/APK_POS-sahla/vendor/laravel/framework/src/Illuminate/Pipeline/Pipeline.php(219): Illuminate/Cookie/Middleware/AddQueuedCookiesToResponse->handle(Object(Illuminate/Http/Request), Object(Closure))
#22 C:/laragon/www/APK_POS-sahla/APK_POS-sahla/vendor/laravel/framework/src/Illuminate/Cookie/Middleware/EncryptCookies.php(74): Illuminate/Pipeline/Pipeline->Illuminate/Pipeline/{closure}(Object(Illuminate/Http/Request))
#23 C:/laragon/www/APK_POS-sahla/APK_POS-sahla/vendor/laravel/framework/src/Illuminate/Pipeline/Pipeline.php(219): Illuminate/Cookie/Middleware/EncryptCookies->handle(Object(Illuminate/Http/Request), Object(Closure))
#24 C:/laragon/www/APK_POS-sahla/APK_POS-sahla/vendor/laravel/framework/src/Illuminate/Pipeline/Pipeline.php(137): Illuminate/Pipeline/Pipeline->Illuminate/Pipeline/{closure}(Object(Illuminate/Http/Request))
#25 C:/laragon/www/APK_POS-sahla/APK_POS-sahla/vendor/laravel/framework/src/Illuminate/Routing/Router.php(821): Illuminate/Pipeline/Pipeline->then(Object(Closure))
#26 C:/laragon/www/APK_POS-sahla/APK_POS-sahla/vendor/laravel/framework/src/Illuminate/Routing/Router.php(800): Illuminate/Routing/Router->runRouteWithinStack(Object(Illuminate/Routing/Route), Object(Illuminate/Http/Request))
#27 C:/laragon/www/APK_POS-sahla/APK_POS-sahla/vendor/laravel/framework/src/Illuminate/Routing/Router.php(764): Illuminate/Routing/Router->runRoute(Object(Illuminate/Http/Request), Object(Illuminate/Routing/Route))
#28 C:/laragon/www/APK_POS-sahla/APK_POS-sahla/vendor/laravel/framework/src/Illuminate/Routing/Router.php(753): Illuminate/Routing/Router->dispatchToRoute(Object(Illuminate/Http/Request))
#29 C:/laragon/www/APK_POS-sahla/APK_POS-sahla/vendor/laravel/framework/src/Illuminate/Foundation/Http/Kernel.php(200): Illuminate/Routing/Router->dispatch(Object(Illuminate/Http/Request))
#30 C:/laragon/www/APK_POS-sahla/APK_POS-sahla/vendor/laravel/framework/src/Illuminate/Pipeline/Pipeline.php(180): Illuminate/Foundation/Http/Kernel->Illuminate/Foundation/Http/{closure}(Object(Illuminate/Http/Request))
#31 C:/laragon/www/APK_POS-sahla/APK_POS-sahla/vendor/laravel/framework/src/Illuminate/Foundation/Http/Middleware/TransformsRequest.php(21): Illuminate/Pipeline/Pipeline->Illuminate/Pipeline/{closure}(Object(Illuminate/Http/Request))
#32 C:/laragon/www/APK_POS-sahla/APK_POS-sahla/vendor/laravel/framework/src/Illuminate/Foundation/Http/Middleware/ConvertEmptyStringsToNull.php(31): Illuminate/Foundation/Http/Middleware/TransformsRequest->handle(Object(Illuminate/Http/Request), Object(Closure))
#33 C:/laragon/www/APK_POS-sahla/APK_POS-sahla/vendor/laravel/framework/src/Illuminate/Pipeline/Pipeline.php(219): Illuminate/Foundation/Http/Middleware/ConvertEmptyStringsToNull->handle(Object(Illuminate/Http/Request), Object(Closure))
#34 C:/laragon/www/APK_POS-sahla/APK_POS-sahla/vendor/laravel/framework/src/Illuminate/Foundation/Http/Middleware/TransformsRequest.php(21): Illuminate/Pipeline/Pipeline->Illuminate/Pipeline/{closure}(Object(Illuminate/Http/Request))
#35 C:/laragon/www/APK_POS-sahla/APK_POS-sahla/vendor/laravel/framework/src/Illuminate/Foundation/Http/Middleware/TrimStrings.php(51): Illuminate/Foundation/Http/Middleware/TransformsRequest->handle(Object(Illuminate/Http/Request), Object(Closure))
#36 C:/laragon/www/APK_POS-sahla/APK_POS-sahla/vendor/laravel/framework/src/Illuminate/Pipeline/Pipeline.php(219): Illuminate/Foundation/Http/Middleware/TrimStrings->handle(Object(Illuminate/Http/Request), Object(Closure))
#37 C:/laragon/www/APK_POS-sahla/APK_POS-sahla/vendor/laravel/framework/src/Illuminate/Http/Middleware/ValidatePostSize.php(27): Illuminate/Pipeline/Pipeline->Illuminate/Pipeline/{closure}(Object(Illuminate/Http/Request))
#38 C:/laragon/www/APK_POS-sahla/APK_POS-sahla/vendor/laravel/framework/src/Illuminate/Pipeline/Pipeline.php(219): Illuminate/Http/Middleware/ValidatePostSize->handle(Object(Illuminate/Http/Request), Object(Closure))
#39 C:/laragon/www/APK_POS-sahla/APK_POS-sahla/vendor/laravel/framework/src/Illuminate/Foundation/Http/Middleware/PreventRequestsDuringMaintenance.php(109): Illuminate/Pipeline/Pipeline->Illuminate/Pipeline/{closure}(Object(Illuminate/Http/Request))
#40 C:/laragon/www/APK_POS-sahla/APK_POS-sahla/vendor/laravel/framework/src/Illuminate/Pipeline/Pipeline.php(219): Illuminate/Foundation/Http/Middleware/PreventRequestsDuringMaintenance->handle(Object(Illuminate/Http/Request), Object(Closure))
#41 C:/laragon/www/APK_POS-sahla/APK_POS-sahla/vendor/laravel/framework/src/Illuminate/Http/Middleware/HandleCors.php(61): Illuminate/Pipeline/Pipeline->Illuminate/Pipeline/{closure}(Object(Illuminate/Http/Request))
#42 C:/laragon/www/APK_POS-sahla/APK_POS-sahla/vendor/laravel/framework/src/Illuminate/Pipeline/Pipeline.php(219): Illuminate/Http/Middleware/HandleCors->handle(Object(Illuminate/Http/Request), Object(Closure))
#43 C:/laragon/www/APK_POS-sahla/APK_POS-sahla/vendor/laravel/framework/src/Illuminate/Http/Middleware/TrustProxies.php(58): Illuminate/Pipeline/Pipeline->Illuminate/Pipeline/{closure}(Object(Illuminate/Http/Request))
#44 C:/laragon/www/APK_POS-sahla/APK_POS-sahla/vendor/laravel/framework/src/Illuminate/Pipeline/Pipeline.php(219): Illuminate/Http/Middleware/TrustProxies->handle(Object(Illuminate/Http/Request), Object(Closure))
#45 C:/laragon/www/APK_POS-sahla/APK_POS-sahla/vendor/laravel/framework/src/Illuminate/Foundation/Http/Middleware/InvokeDeferredCallbacks.php(22): Illuminate/Pipeline/Pipeline->Illuminate/Pipeline/{closure}(Object(Illuminate/Http/Request))
#46 C:/laragon/www/APK_POS-sahla/APK_POS-sahla/vendor/laravel/framework/src/Illuminate/Pipeline/Pipeline.php(219): Illuminate/Foundation/Http/Middleware/InvokeDeferredCallbacks->handle(Object(Illuminate/Http/Request), Object(Closure))
#47 C:/laragon/www/APK_POS-sahla/APK_POS-sahla/vendor/laravel/framework/src/Illuminate/Http/Middleware/ValidatePathEncoding.php(26): Illuminate/Pipeline/Pipeline->Illuminate/Pipeline/{closure}(Object(Illuminate/Http/Request))
#48 C:/laragon/www/APK_POS-sahla/APK_POS-sahla/vendor/laravel/framework/src/Illuminate/Pipeline/Pipeline.php(219): Illuminate/Http/Middleware/ValidatePathEncoding->handle(Object(Illuminate/Http/Request), Object(Closure))
#49 C:/laragon/www/APK_POS-sahla/APK_POS-sahla/vendor/laravel/framework/src/Illuminate/Pipeline/Pipeline.php(137): Illuminate/Pipeline/Pipeline->Illuminate/Pipeline/{closure}(Object(Illuminate/Http/Request))
#50 C:/laragon/www/APK_POS-sahla/APK_POS-sahla/vendor/laravel/framework/src/Illuminate/Foundation/Http/Kernel.php(175): Illuminate/Pipeline/Pipeline->then(Object(Closure))
#51 C:/laragon/www/APK_POS-sahla/APK_POS-sahla/vendor/laravel/framework/src/Illuminate/Foundation/Http/Kernel.php(144): Illuminate/Foundation/Http/Kernel->sendRequestThroughRouter(Object(Illuminate/Http/Request))
#52 C:/laragon/www/APK_POS-sahla/APK_POS-sahla/vendor/laravel/framework/src/Illuminate/Foundation/Application.php(1220): Illuminate/Foundation/Http/Kernel->handle(Object(Illuminate/Http/Request))
#53 C:/laragon/www/APK_POS-sahla/APK_POS-sahla/public/index.php(20): Illuminate/Foundation/Application->handleRequest(Object(Illuminate/Http/Request))
#54 C:/laragon/www/APK_POS-sahla/APK_POS-sahla/vendor/laravel/framework/src/Illuminate/Foundation/resources/server.php(23): require_once('C://laragon//www//...')
#55 {main}

[previous exception] [object] (PDOException(code: 2002): SQLSTATE[HY000] [2002] No connection could be made because the target machine actively refused it at C:/laragon/www/APK_POS-sahla/APK_POS-sahla/vendor/laravel/framework/src/Illuminate/Database/Connectors/Connector.php:66)
[stacktrace]
#0 C:/laragon/www/APK_POS-sahla/APK_POS-sahla/vendor/laravel/framework/src/Illuminate/Database/Connectors/Connector.php(66): PDO->__construct('mysql:host=127....', 'root', Object(SensitiveParameterValue), Array)
#1 C:/laragon/www/APK_POS-sahla/APK_POS-sahla/vendor/laravel/framework/src/Illuminate/Database/Connectors/Connector.php(85): Illuminate/Database/Connectors/Connector->createPdoConnection('mysql:host=127....', 'root', Object(SensitiveParameterValue), Array)
#2 C:/laragon/www/APK_POS-sahla/APK_POS-sahla/vendor/laravel/framework/src/Illuminate/Database/Connectors/Connector.php(48): Illuminate/Database/Connectors/Connector->tryAgainIfCausedByLostConnection(Object(PDOException), 'mysql:host=127....', 'root', Object(SensitiveParameterValue), Array)
#3 C:/laragon/www/APK_POS-sahla/APK_POS-sahla/vendor/laravel/framework/src/Illuminate/Database/Connectors/MySqlConnector.php(24): Illuminate/Database/Connectors/Connector->createConnection('mysql:host=127....', Array, Array)
#4 C:/laragon/www/APK_POS-sahla/APK_POS-sahla/vendor/laravel/framework/src/Illuminate/Database/Connectors/ConnectionFactory.php(186): Illuminate/Database/Connectors/MySqlConnector->connect(Array)
#5 [internal function]: Illuminate/Database/Connectors/ConnectionFactory->Illuminate/Database/Connectors/{closure}()
#6 C:/laragon/www/APK_POS-sahla/APK_POS-sahla/vendor/laravel/framework/src/Illuminate/Database/Connection.php(1257): call_user_func(Object(Closure))
#7 C:/laragon/www/APK_POS-sahla/APK_POS-sahla/vendor/laravel/framework/src/Illuminate/Database/Connection.php(525): Illuminate/Database/Connection->getPdo()
#8 C:/laragon/www/APK_POS-sahla/APK_POS-sahla/vendor/laravel/framework/src/Illuminate/Database/Connection.php(420): Illuminate/Database/Connection->getPdoForSelect(false)
#9 C:/laragon/www/APK_POS-sahla/APK_POS-sahla/vendor/laravel/framework/src/Illuminate/Database/Connection.php(827): Illuminate/Database/Connection->Illuminate/Database/{closure}('select * from `...', Array)
#10 C:/laragon/www/APK_POS-sahla/APK_POS-sahla/vendor/laravel/framework/src/Illuminate/Database/Connection.php(999): Illuminate/Database/Connection->runQueryCallback('select * from `...', Array, Object(Closure))
#11 C:/laragon/www/APK_POS-sahla/APK_POS-sahla/vendor/laravel/framework/src/Illuminate/Database/Connection.php(978): Illuminate/Database/Connection->tryAgainIfCausedByLostConnection(Object(Illuminate/Database/QueryException), 'select * from `...', Array, Object(Closure))
#12 C:/laragon/www/APK_POS-sahla/APK_POS-sahla/vendor/laravel/framework/src/Illuminate/Database/Connection.php(796): Illuminate/Database/Connection->handleQueryException(Object(Illuminate/Database/QueryException), 'select * from `...', Array, Object(Closure))
#13 C:/laragon/www/APK_POS-sahla/APK_POS-sahla/vendor/laravel/framework/src/Illuminate/Database/Connection.php(411): Illuminate/Database/Connection->run('select * from `...', Array, Object(Closure))
#14 C:/laragon/www/APK_POS-sahla/APK_POS-sahla/vendor/laravel/framework/src/Illuminate/Database/Query/Builder.php(3505): Illuminate/Database/Connection->select('select * from `...', Array, false)
#15 C:/laragon/www/APK_POS-sahla/APK_POS-sahla/vendor/laravel/framework/src/Illuminate/Database/Query/Builder.php(3490): Illuminate/Database/Query/Builder->runSelect()
#16 C:/laragon/www/APK_POS-sahla/APK_POS-sahla/vendor/laravel/framework/src/Illuminate/Database/Query/Builder.php(4080): Illuminate/Database/Query/Builder->Illuminate/Database/Query/{closure}()
#17 C:/laragon/www/APK_POS-sahla/APK_POS-sahla/vendor/laravel/framework/src/Illuminate/Database/Query/Builder.php(3489): Illuminate/Database/Query/Builder->onceWithColumns(Array, Object(Closure))
#18 C:/laragon/www/APK_POS-sahla/APK_POS-sahla/vendor/laravel/framework/src/Illuminate/Database/Concerns/BuildsQueries.php(366): Illuminate/Database/Query/Builder->get(Array)
#19 C:/laragon/www/APK_POS-sahla/APK_POS-sahla/vendor/laravel/framework/src/Illuminate/Database/Query/Builder.php(3412): Illuminate/Database/Query/Builder->first(Array)
#20 C:/laragon/www/APK_POS-sahla/APK_POS-sahla/vendor/laravel/framework/src/Illuminate/Session/DatabaseSessionHandler.php(96): Illuminate/Database/Query/Builder->find('ID5LY8vGwziVg00...')
#21 C:/laragon/www/APK_POS-sahla/APK_POS-sahla/vendor/laravel/framework/src/Illuminate/Session/Store.php(128): Illuminate/Session/DatabaseSessionHandler->read('ID5LY8vGwziVg00...')
#22 C:/laragon/www/APK_POS-sahla/APK_POS-sahla/vendor/laravel/framework/src/Illuminate/Session/Store.php(116): Illuminate/Session/Store->readFromHandler()
#23 C:/laragon/www/APK_POS-sahla/APK_POS-sahla/vendor/laravel/framework/src/Illuminate/Session/Store.php(100): Illuminate/Session/Store->loadSession()
#24 C:/laragon/www/APK_POS-sahla/APK_POS-sahla/vendor/laravel/framework/src/Illuminate/Session/Middleware/StartSession.php(146): Illuminate/Session/Store->start()
#25 C:/laragon/www/APK_POS-sahla/APK_POS-sahla/vendor/laravel/framework/src/Illuminate/Support/helpers.php(393): Illuminate/Session/Middleware/StartSession->Illuminate/Session/Middleware/{closure}(Object(Illuminate/Session/Store))
#26 C:/laragon/www/APK_POS-sahla/APK_POS-sahla/vendor/laravel/framework/src/Illuminate/Session/Middleware/StartSession.php(143): tap(Object(Illuminate/Session/Store), Object(Closure))
#27 C:/laragon/www/APK_POS-sahla/APK_POS-sahla/vendor/laravel/framework/src/Illuminate/Session/Middleware/StartSession.php(115): Illuminate/Session/Middleware/StartSession->startSession(Object(Illuminate/Http/Request), Object(Illuminate/Session/Store))
#28 C:/laragon/www/APK_POS-sahla/APK_POS-sahla/vendor/laravel/framework/src/Illuminate/Session/Middleware/StartSession.php(63): Illuminate/Session/Middleware/StartSession->handleStatefulRequest(Object(Illuminate/Http/Request), Object(Illuminate/Session/Store), Object(Closure))
#29 C:/laragon/www/APK_POS-sahla/APK_POS-sahla/vendor/laravel/framework/src/Illuminate/Pipeline/Pipeline.php(219): Illuminate/Session/Middleware/StartSession->handle(Object(Illuminate/Http/Request), Object(Closure))
#30 C:/laragon/www/APK_POS-sahla/APK_POS-sahla/vendor/laravel/framework/src/Illuminate/Cookie/Middleware/AddQueuedCookiesToResponse.php(36): Illuminate/Pipeline/Pipeline->Illuminate/Pipeline/{closure}(Object(Illuminate/Http/Request))
#31 C:/laragon/www/APK_POS-sahla/APK_POS-sahla/vendor/laravel/framework/src/Illuminate/Pipeline/Pipeline.php(219): Illuminate/Cookie/Middleware/AddQueuedCookiesToResponse->handle(Object(Illuminate/Http/Request), Object(Closure))
#32 C:/laragon/www/APK_POS-sahla/APK_POS-sahla/vendor/laravel/framework/src/Illuminate/Cookie/Middleware/EncryptCookies.php(74): Illuminate/Pipeline/Pipeline->Illuminate/Pipeline/{closure}(Object(Illuminate/Http/Request))
#33 C:/laragon/www/APK_POS-sahla/APK_POS-sahla/vendor/laravel/framework/src/Illuminate/Pipeline/Pipeline.php(219): Illuminate/Cookie/Middleware/EncryptCookies->handle(Object(Illuminate/Http/Request), Object(Closure))
#34 C:/laragon/www/APK_POS-sahla/APK_POS-sahla/vendor/laravel/framework/src/Illuminate/Pipeline/Pipeline.php(137): Illuminate/Pipeline/Pipeline->Illuminate/Pipeline/{closure}(Object(Illuminate/Http/Request))
#35 C:/laragon/www/APK_POS-sahla/APK_POS-sahla/vendor/laravel/framework/src/Illuminate/Routing/Router.php(821): Illuminate/Pipeline/Pipeline->then(Object(Closure))
#36 C:/laragon/www/APK_POS-sahla/APK_POS-sahla/vendor/laravel/framework/src/Illuminate/Routing/Router.php(800): Illuminate/Routing/Router->runRouteWithinStack(Object(Illuminate/Routing/Route), Object(Illuminate/Http/Request))
#37 C:/laragon/www/APK_POS-sahla/APK_POS-sahla/vendor/laravel/framework/src/Illuminate/Routing/Router.php(764): Illuminate/Routing/Router->runRoute(Object(Illuminate/Http/Request), Object(Illuminate/Routing/Route))
#38 C:/laragon/www/APK_POS-sahla/APK_POS-sahla/vendor/laravel/framework/src/Illuminate/Routing/Router.php(753): Illuminate/Routing/Router->dispatchToRoute(Object(Illuminate/Http/Request))
#39 C:/laragon/www/APK_POS-sahla/APK_POS-sahla/vendor/laravel/framework/src/Illuminate/Foundation/Http/Kernel.php(200): Illuminate/Routing/Router->dispatch(Object(Illuminate/Http/Request))
#40 C:/laragon/www/APK_POS-sahla/APK_POS-sahla/vendor/laravel/framework/src/Illuminate/Pipeline/Pipeline.php(180): Illuminate/Foundation/Http/Kernel->Illuminate/Foundation/Http/{closure}(Object(Illuminate/Http/Request))
#41 C:/laragon/www/APK_POS-sahla/APK_POS-sahla/vendor/laravel/framework/src/Illuminate/Foundation/Http/Middleware/TransformsRequest.php(21): Illuminate/Pipeline/Pipeline->Illuminate/Pipeline/{closure}(Object(Illuminate/Http/Request))
#42 C:/laragon/www/APK_POS-sahla/APK_POS-sahla/vendor/laravel/framework/src/Illuminate/Foundation/Http/Middleware/ConvertEmptyStringsToNull.php(31): Illuminate/Foundation/Http/Middleware/TransformsRequest->handle(Object(Illuminate/Http/Request), Object(Closure))
#43 C:/laragon/www/APK_POS-sahla/APK_POS-sahla/vendor/laravel/framework/src/Illuminate/Pipeline/Pipeline.php(219): Illuminate/Foundation/Http/Middleware/ConvertEmptyStringsToNull->handle(Object(Illuminate/Http/Request), Object(Closure))
#44 C:/laragon/www/APK_POS-sahla/APK_POS-sahla/vendor/laravel/framework/src/Illuminate/Foundation/Http/Middleware/TransformsRequest.php(21): Illuminate/Pipeline/Pipeline->Illuminate/Pipeline/{closure}(Object(Illuminate/Http/Request))
#45 C:/laragon/www/APK_POS-sahla/APK_POS-sahla/vendor/laravel/framework/src/Illuminate/Foundation/Http/Middleware/TrimStrings.php(51): Illuminate/Foundation/Http/Middleware/TransformsRequest->handle(Object(Illuminate/Http/Request), Object(Closure))
#46 C:/laragon/www/APK_POS-sahla/APK_POS-sahla/vendor/laravel/framework/src/Illuminate/Pipeline/Pipeline.php(219): Illuminate/Foundation/Http/Middleware/TrimStrings->handle(Object(Illuminate/Http/Request), Object(Closure))
#47 C:/laragon/www/APK_POS-sahla/APK_POS-sahla/vendor/laravel/framework/src/Illuminate/Http/Middleware/ValidatePostSize.php(27): Illuminate/Pipeline/Pipeline->Illuminate/Pipeline/{closure}(Object(Illuminate/Http/Request))
#48 C:/laragon/www/APK_POS-sahla/APK_POS-sahla/vendor/laravel/framework/src/Illuminate/Pipeline/Pipeline.php(219): Illuminate/Http/Middleware/ValidatePostSize->handle(Object(Illuminate/Http/Request), Object(Closure))
#49 C:/laragon/www/APK_POS-sahla/APK_POS-sahla/vendor/laravel/framework/src/Illuminate/Foundation/Http/Middleware/PreventRequestsDuringMaintenance.php(109): Illuminate/Pipeline/Pipeline->Illuminate/Pipeline/{closure}(Object(Illuminate/Http/Request))
#50 C:/laragon/www/APK_POS-sahla/APK_POS-sahla/vendor/laravel/framework/src/Illuminate/Pipeline/Pipeline.php(219): Illuminate/Foundation/Http/Middleware/PreventRequestsDuringMaintenance->handle(Object(Illuminate/Http/Request), Object(Closure))
#51 C:/laragon/www/APK_POS-sahla/APK_POS-sahla/vendor/laravel/framework/src/Illuminate/Http/Middleware/HandleCors.php(61): Illuminate/Pipeline/Pipeline->Illuminate/Pipeline/{closure}(Object(Illuminate/Http/Request))
#52 C:/laragon/www/APK_POS-sahla/APK_POS-sahla/vendor/laravel/framework/src/Illuminate/Pipeline/Pipeline.php(219): Illuminate/Http/Middleware/HandleCors->handle(Object(Illuminate/Http/Request), Object(Closure))
#53 C:/laragon/www/APK_POS-sahla/APK_POS-sahla/vendor/laravel/framework/src/Illuminate/Http/Middleware/TrustProxies.php(58): Illuminate/Pipeline/Pipeline->Illuminate/Pipeline/{closure}(Object(Illuminate/Http/Request))
#54 C:/laragon/www/APK_POS-sahla/APK_POS-sahla/vendor/laravel/framework/src/Illuminate/Pipeline/Pipeline.php(219): Illuminate/Http/Middleware/TrustProxies->handle(Object(Illuminate/Http/Request), Object(Closure))
#55 C:/laragon/www/APK_POS-sahla/APK_POS-sahla/vendor/laravel/framework/src/Illuminate/Foundation/Http/Middleware/InvokeDeferredCallbacks.php(22): Illuminate/Pipeline/Pipeline->Illuminate/Pipeline/{closure}(Object(Illuminate/Http/Request))
#56 C:/laragon/www/APK_POS-sahla/APK_POS-sahla/vendor/laravel/framework/src/Illuminate/Pipeline/Pipeline.php(219): Illuminate/Foundation/Http/Middleware/InvokeDeferredCallbacks->handle(Object(Illuminate/Http/Request), Object(Closure))
#57 C:/laragon/www/APK_POS-sahla/APK_POS-sahla/vendor/laravel/framework/src/Illuminate/Http/Middleware/ValidatePathEncoding.php(26): Illuminate/Pipeline/Pipeline->Illuminate/Pipeline/{closure}(Object(Illuminate/Http/Request))
#58 C:/laragon/www/APK_POS-sahla/APK_POS-sahla/vendor/laravel/framework/src/Illuminate/Pipeline/Pipeline.php(219): Illuminate/Http/Middleware/ValidatePathEncoding->handle(Object(Illuminate/Http/Request), Object(Closure))
#59 C:/laragon/www/APK_POS-sahla/APK_POS-sahla/vendor/laravel/framework/src/Illuminate/Pipeline/Pipeline.php(137): Illuminate/Pipeline/Pipeline->Illuminate/Pipeline/{closure}(Object(Illuminate/Http/Request))
#60 C:/laragon/www/APK_POS-sahla/APK_POS-sahla/vendor/laravel/framework/src/Illuminate/Foundation/Http/Kernel.php(175): Illuminate/Pipeline/Pipeline->then(Object(Closure))
#61 C:/laragon/www/APK_POS-sahla/APK_POS-sahla/vendor/laravel/framework/src/Illuminate/Foundation/Http/Kernel.php(144): Illuminate/Foundation/Http/Kernel->sendRequestThroughRouter(Object(Illuminate/Http/Request))
#62 C:/laragon/www/APK_POS-sahla/APK_POS-sahla/vendor/laravel/framework/src/Illuminate/Foundation/Application.php(1220): Illuminate/Foundation/Http/Kernel->handle(Object(Illuminate/Http/Request))
#63 C:/laragon/www/APK_POS-sahla/APK_POS-sahla/public/index.php(20): Illuminate/Foundation/Application->handleRequest(Object(Illuminate/Http/Request))
#64 C:/laragon/www/APK_POS-sahla/APK_POS-sahla/vendor/laravel/framework/src/Illuminate/Foundation/resources/server.php(23): require_once('C://laragon//www//...')
#65 {main}
"} 
[2026-08-03 04:26:08] local.ERROR: SQLSTATE[HY000] [2002] No connection could be made because the target machine actively refused it (Connection: mysql, Host: 127.0.0.1, Port: 3306, Database: pos_sahlaa, SQL: select * from `sessions` where `id` = yreAO6hntm0s4T3ew1luQZ57bGSWeEzuc2zfeN8B limit 1) {"exception":"[object] (Illuminate\\Database\\QueryException(code: 2002): SQLSTATE[HY000] [2002] No connection could be made because the target machine actively refused it (Connection: mysql, Host: 127.0.0.1, Port: 3306, Database: pos_sahlaa, SQL: select * from `sessions` where `id` = yreAO6hntm0s4T3ew1luQZ57bGSWeEzuc2zfeN8B limit 1) at C:/laragon/www/APK_POS-sahla/APK_POS-sahla/vendor/laravel/framework/src/Illuminate/Database/Connection.php:838)
[stacktrace]
#0 C:/laragon/www/APK_POS-sahla/APK_POS-sahla/vendor/laravel/framework/src/Illuminate/Database/Connection.php(999): Illuminate/Database/Connection->runQueryCallback('select * from `...', Array, Object(Closure))
#1 C:/laragon/www/APK_POS-sahla/APK_POS-sahla/vendor/laravel/framework/src/Illuminate/Database/Connection.php(978): Illuminate/Database/Connection->tryAgainIfCausedByLostConnection(Object(Illuminate/Database/QueryException), 'select * from `...', Array, Object(Closure))
#2 C:/laragon/www/APK_POS-sahla/APK_POS-sahla/vendor/laravel/framework/src/Illuminate/Database/Connection.php(796): Illuminate/Database/Connection->handleQueryException(Object(Illuminate/Database/QueryException), 'select * from `...', Array, Object(Closure))
#3 C:/laragon/www/APK_POS-sahla/APK_POS-sahla/vendor/laravel/framework/src/Illuminate/Database/Connection.php(411): Illuminate/Database/Connection->run('select * from `...', Array, Object(Closure))
#4 C:/laragon/www/APK_POS-sahla/APK_POS-sahla/vendor/laravel/framework/src/Illuminate/Database/Query/Builder.php(3505): Illuminate/Database/Connection->select('select * from `...', Array, false)
#5 C:/laragon/www/APK_POS-sahla/APK_POS-sahla/vendor/laravel/framework/src/Illuminate/Database/Query/Builder.php(3490): Illuminate/Database/Query/Builder->runSelect()
#6 C:/laragon/www/APK_POS-sahla/APK_POS-sahla/vendor/laravel/framework/src/Illuminate/Database/Query/Builder.php(4080): Illuminate/Database/Query/Builder->Illuminate/Database/Query/{closure}()
#7 C:/laragon/www/APK_POS-sahla/APK_POS-sahla/vendor/laravel/framework/src/Illuminate/Database/Query/Builder.php(3489): Illuminate/Database/Query/Builder->onceWithColumns(Array, Object(Closure))
#8 C:/laragon/www/APK_POS-sahla/APK_POS-sahla/vendor/laravel/framework/src/Illuminate/Database/Concerns/BuildsQueries.php(366): Illuminate/Database/Query/Builder->get(Array)
#9 C:/laragon/www/APK_POS-sahla/APK_POS-sahla/vendor/laravel/framework/src/Illuminate/Database/Query/Builder.php(3412): Illuminate/Database/Query/Builder->first(Array)
#10 C:/laragon/www/APK_POS-sahla/APK_POS-sahla/vendor/laravel/framework/src/Illuminate/Session/DatabaseSessionHandler.php(96): Illuminate/Database/Query/Builder->find('yreAO6hntm0s4T3...')
#11 C:/laragon/www/APK_POS-sahla/APK_POS-sahla/vendor/laravel/framework/src/Illuminate/Session/Store.php(128): Illuminate/Session/DatabaseSessionHandler->read('yreAO6hntm0s4T3...')
#12 C:/laragon/www/APK_POS-sahla/APK_POS-sahla/vendor/laravel/framework/src/Illuminate/Session/Store.php(116): Illuminate/Session/Store->readFromHandler()
#13 C:/laragon/www/APK_POS-sahla/APK_POS-sahla/vendor/laravel/framework/src/Illuminate/Session/Store.php(100): Illuminate/Session/Store->loadSession()
#14 C:/laragon/www/APK_POS-sahla/APK_POS-sahla/vendor/laravel/framework/src/Illuminate/Session/Middleware/StartSession.php(146): Illuminate/Session/Store->start()
#15 C:/laragon/www/APK_POS-sahla/APK_POS-sahla/vendor/laravel/framework/src/Illuminate/Support/helpers.php(393): Illuminate/Session/Middleware/StartSession->Illuminate/Session/Middleware/{closure}(Object(Illuminate/Session/Store))
#16 C:/laragon/www/APK_POS-sahla/APK_POS-sahla/vendor/laravel/framework/src/Illuminate/Session/Middleware/StartSession.php(143): tap(Object(Illuminate/Session/Store), Object(Closure))
#17 C:/laragon/www/APK_POS-sahla/APK_POS-sahla/vendor/laravel/framework/src/Illuminate/Session/Middleware/StartSession.php(115): Illuminate/Session/Middleware/StartSession->startSession(Object(Illuminate/Http/Request), Object(Illuminate/Session/Store))
#18 C:/laragon/www/APK_POS-sahla/APK_POS-sahla/vendor/laravel/framework/src/Illuminate/Session/Middleware/StartSession.php(63): Illuminate/Session/Middleware/StartSession->handleStatefulRequest(Object(Illuminate/Http/Request), Object(Illuminate/Session/Store), Object(Closure))
#19 C:/laragon/www/APK_POS-sahla/APK_POS-sahla/vendor/laravel/framework/src/Illuminate/Pipeline/Pipeline.php(219): Illuminate/Session/Middleware/StartSession->handle(Object(Illuminate/Http/Request), Object(Closure))
#20 C:/laragon/www/APK_POS-sahla/APK_POS-sahla/vendor/laravel/framework/src/Illuminate/Cookie/Middleware/AddQueuedCookiesToResponse.php(36): Illuminate/Pipeline/Pipeline->Illuminate/Pipeline/{closure}(Object(Illuminate/Http/Request))
#21 C:/laragon/www/APK_POS-sahla/APK_POS-sahla/vendor/laravel/framework/src/Illuminate/Pipeline/Pipeline.php(219): Illuminate/Cookie/Middleware/AddQueuedCookiesToResponse->handle(Object(Illuminate/Http/Request), Object(Closure))
#22 C:/laragon/www/APK_POS-sahla/APK_POS-sahla/vendor/laravel/framework/src/Illuminate/Cookie/Middleware/EncryptCookies.php(74): Illuminate/Pipeline/Pipeline->Illuminate/Pipeline/{closure}(Object(Illuminate/Http/Request))
#23 C:/laragon/www/APK_POS-sahla/APK_POS-sahla/vendor/laravel/framework/src/Illuminate/Pipeline/Pipeline.php(219): Illuminate/Cookie/Middleware/EncryptCookies->handle(Object(Illuminate/Http/Request), Object(Closure))
#24 C:/laragon/www/APK_POS-sahla/APK_POS-sahla/vendor/laravel/framework/src/Illuminate/Pipeline/Pipeline.php(137): Illuminate/Pipeline/Pipeline->Illuminate/Pipeline/{closure}(Object(Illuminate/Http/Request))
#25 C:/laragon/www/APK_POS-sahla/APK_POS-sahla/vendor/laravel/framework/src/Illuminate/Routing/Router.php(821): Illuminate/Pipeline/Pipeline->then(Object(Closure))
#26 C:/laragon/www/APK_POS-sahla/APK_POS-sahla/vendor/laravel/framework/src/Illuminate/Routing/Router.php(800): Illuminate/Routing/Router->runRouteWithinStack(Object(Illuminate/Routing/Route), Object(Illuminate/Http/Request))
#27 C:/laragon/www/APK_POS-sahla/APK_POS-sahla/vendor/laravel/framework/src/Illuminate/Routing/Router.php(764): Illuminate/Routing/Router->runRoute(Object(Illuminate/Http/Request), Object(Illuminate/Routing/Route))
#28 C:/laragon/www/APK_POS-sahla/APK_POS-sahla/vendor/laravel/framework/src/Illuminate/Routing/Router.php(753): Illuminate/Routing/Router->dispatchToRoute(Object(Illuminate/Http/Request))
#29 C:/laragon/www/APK_POS-sahla/APK_POS-sahla/vendor/laravel/framework/src/Illuminate/Foundation/Http/Kernel.php(200): Illuminate/Routing/Router->dispatch(Object(Illuminate/Http/Request))
#30 C:/laragon/www/APK_POS-sahla/APK_POS-sahla/vendor/laravel/framework/src/Illuminate/Pipeline/Pipeline.php(180): Illuminate/Foundation/Http/Kernel->Illuminate/Foundation/Http/{closure}(Object(Illuminate/Http/Request))
#31 C:/laragon/www/APK_POS-sahla/APK_POS-sahla/vendor/laravel/framework/src/Illuminate/Foundation/Http/Middleware/TransformsRequest.php(21): Illuminate/Pipeline/Pipeline->Illuminate/Pipeline/{closure}(Object(Illuminate/Http/Request))
#32 C:/laragon/www/APK_POS-sahla/APK_POS-sahla/vendor/laravel/framework/src/Illuminate/Foundation/Http/Middleware/ConvertEmptyStringsToNull.php(31): Illuminate/Foundation/Http/Middleware/TransformsRequest->handle(Object(Illuminate/Http/Request), Object(Closure))
#33 C:/laragon/www/APK_POS-sahla/APK_POS-sahla/vendor/laravel/framework/src/Illuminate/Pipeline/Pipeline.php(219): Illuminate/Foundation/Http/Middleware/ConvertEmptyStringsToNull->handle(Object(Illuminate/Http/Request), Object(Closure))
#34 C:/laragon/www/APK_POS-sahla/APK_POS-sahla/vendor/laravel/framework/src/Illuminate/Foundation/Http/Middleware/TransformsRequest.php(21): Illuminate/Pipeline/Pipeline->Illuminate/Pipeline/{closure}(Object(Illuminate/Http/Request))
#35 C:/laragon/www/APK_POS-sahla/APK_POS-sahla/vendor/laravel/framework/src/Illuminate/Foundation/Http/Middleware/TrimStrings.php(51): Illuminate/Foundation/Http/Middleware/TransformsRequest->handle(Object(Illuminate/Http/Request), Object(Closure))
#36 C:/laragon/www/APK_POS-sahla/APK_POS-sahla/vendor/laravel/framework/src/Illuminate/Pipeline/Pipeline.php(219): Illuminate/Foundation/Http/Middleware/TrimStrings->handle(Object(Illuminate/Http/Request), Object(Closure))
#37 C:/laragon/www/APK_POS-sahla/APK_POS-sahla/vendor/laravel/framework/src/Illuminate/Http/Middleware/ValidatePostSize.php(27): Illuminate/Pipeline/Pipeline->Illuminate/Pipeline/{closure}(Object(Illuminate/Http/Request))
#38 C:/laragon/www/APK_POS-sahla/APK_POS-sahla/vendor/laravel/framework/src/Illuminate/Pipeline/Pipeline.php(219): Illuminate/Http/Middleware/ValidatePostSize->handle(Object(Illuminate/Http/Request), Object(Closure))
#39 C:/laragon/www/APK_POS-sahla/APK_POS-sahla/vendor/laravel/framework/src/Illuminate/Foundation/Http/Middleware/PreventRequestsDuringMaintenance.php(109): Illuminate/Pipeline/Pipeline->Illuminate/Pipeline/{closure}(Object(Illuminate/Http/Request))
#40 C:/laragon/www/APK_POS-sahla/APK_POS-sahla/vendor/laravel/framework/src/Illuminate/Pipeline/Pipeline.php(219): Illuminate/Foundation/Http/Middleware/PreventRequestsDuringMaintenance->handle(Object(Illuminate/Http/Request), Object(Closure))
#41 C:/laragon/www/APK_POS-sahla/APK_POS-sahla/vendor/laravel/framework/src/Illuminate/Http/Middleware/HandleCors.php(61): Illuminate/Pipeline/Pipeline->Illuminate/Pipeline/{closure}(Object(Illuminate/Http/Request))
#42 C:/laragon/www/APK_POS-sahla/APK_POS-sahla/vendor/laravel/framework/src/Illuminate/Pipeline/Pipeline.php(219): Illuminate/Http/Middleware/HandleCors->handle(Object(Illuminate/Http/Request), Object(Closure))
#43 C:/laragon/www/APK_POS-sahla/APK_POS-sahla/vendor/laravel/framework/src/Illuminate/Http/Middleware/TrustProxies.php(58): Illuminate/Pipeline/Pipeline->Illuminate/Pipeline/{closure}(Object(Illuminate/Http/Request))
#44 C:/laragon/www/APK_POS-sahla/APK_POS-sahla/vendor/laravel/framework/src/Illuminate/Pipeline/Pipeline.php(219): Illuminate/Http/Middleware/TrustProxies->handle(Object(Illuminate/Http/Request), Object(Closure))
#45 C:/laragon/www/APK_POS-sahla/APK_POS-sahla/vendor/laravel/framework/src/Illuminate/Foundation/Http/Middleware/InvokeDeferredCallbacks.php(22): Illuminate/Pipeline/Pipeline->Illuminate/Pipeline/{closure}(Object(Illuminate/Http/Request))
#46 C:/laragon/www/APK_POS-sahla/APK_POS-sahla/vendor/laravel/framework/src/Illuminate/Pipeline/Pipeline.php(219): Illuminate/Foundation/Http/Middleware/InvokeDeferredCallbacks->handle(Object(Illuminate/Http/Request), Object(Closure))
#47 C:/laragon/www/APK_POS-sahla/APK_POS-sahla/vendor/laravel/framework/src/Illuminate/Http/Middleware/ValidatePathEncoding.php(26): Illuminate/Pipeline/Pipeline->Illuminate/Pipeline/{closure}(Object(Illuminate/Http/Request))
#48 C:/laragon/www/APK_POS-sahla/APK_POS-sahla/vendor/laravel/framework/src/Illuminate/Pipeline/Pipeline.php(219): Illuminate/Http/Middleware/ValidatePathEncoding->handle(Object(Illuminate/Http/Request), Object(Closure))
#49 C:/laragon/www/APK_POS-sahla/APK_POS-sahla/vendor/laravel/framework/src/Illuminate/Pipeline/Pipeline.php(137): Illuminate/Pipeline/Pipeline->Illuminate/Pipeline/{closure}(Object(Illuminate/Http/Request))
#50 C:/laragon/www/APK_POS-sahla/APK_POS-sahla/vendor/laravel/framework/src/Illuminate/Foundation/Http/Kernel.php(175): Illuminate/Pipeline/Pipeline->then(Object(Closure))
#51 C:/laragon/www/APK_POS-sahla/APK_POS-sahla/vendor/laravel/framework/src/Illuminate/Foundation/Http/Kernel.php(144): Illuminate/Foundation/Http/Kernel->sendRequestThroughRouter(Object(Illuminate/Http/Request))
#52 C:/laragon/www/APK_POS-sahla/APK_POS-sahla/vendor/laravel/framework/src/Illuminate/Foundation/Application.php(1220): Illuminate/Foundation/Http/Kernel->handle(Object(Illuminate/Http/Request))
#53 C:/laragon/www/APK_POS-sahla/APK_POS-sahla/public/index.php(20): Illuminate/Foundation/Application->handleRequest(Object(Illuminate/Http/Request))
#54 C:/laragon/www/APK_POS-sahla/APK_POS-sahla/vendor/laravel/framework/src/Illuminate/Foundation/resources/server.php(23): require_once('C://laragon//www//...')
#55 {main}

[previous exception] [object] (PDOException(code: 2002): SQLSTATE[HY000] [2002] No connection could be made because the target machine actively refused it at C:/laragon/www/APK_POS-sahla/APK_POS-sahla/vendor/laravel/framework/src/Illuminate/Database/Connectors/Connector.php:66)
[stacktrace]
#0 C:/laragon/www/APK_POS-sahla/APK_POS-sahla/vendor/laravel/framework/src/Illuminate/Database/Connectors/Connector.php(66): PDO->__construct('mysql:host=127....', 'root', Object(SensitiveParameterValue), Array)
#1 C:/laragon/www/APK_POS-sahla/APK_POS-sahla/vendor/laravel/framework/src/Illuminate/Database/Connectors/Connector.php(85): Illuminate/Database/Connectors/Connector->createPdoConnection('mysql:host=127....', 'root', Object(SensitiveParameterValue), Array)
#2 C:/laragon/www/APK_POS-sahla/APK_POS-sahla/vendor/laravel/framework/src/Illuminate/Database/Connectors/Connector.php(48): Illuminate/Database/Connectors/Connector->tryAgainIfCausedByLostConnection(Object(PDOException), 'mysql:host=127....', 'root', Object(SensitiveParameterValue), Array)
#3 C:/laragon/www/APK_POS-sahla/APK_POS-sahla/vendor/laravel/framework/src/Illuminate/Database/Connectors/MySqlConnector.php(24): Illuminate/Database/Connectors/Connector->createConnection('mysql:host=127....', Array, Array)
#4 C:/laragon/www/APK_POS-sahla/APK_POS-sahla/vendor/laravel/framework/src/Illuminate/Database/Connectors/ConnectionFactory.php(186): Illuminate/Database/Connectors/MySqlConnector->connect(Array)
#5 [internal function]: Illuminate/Database/Connectors/ConnectionFactory->Illuminate/Database/Connectors/{closure}()
#6 C:/laragon/www/APK_POS-sahla/APK_POS-sahla/vendor/laravel/framework/src/Illuminate/Database/Connection.php(1257): call_user_func(Object(Closure))
#7 C:/laragon/www/APK_POS-sahla/APK_POS-sahla/vendor/laravel/framework/src/Illuminate/Database/Connection.php(525): Illuminate/Database/Connection->getPdo()
#8 C:/laragon/www/APK_POS-sahla/APK_POS-sahla/vendor/laravel/framework/src/Illuminate/Database/Connection.php(420): Illuminate/Database/Connection->getPdoForSelect(false)
#9 C:/laragon/www/APK_POS-sahla/APK_POS-sahla/vendor/laravel/framework/src/Illuminate/Database/Connection.php(827): Illuminate/Database/Connection->Illuminate/Database/{closure}('select * from `...', Array)
#10 C:/laragon/www/APK_POS-sahla/APK_POS-sahla/vendor/laravel/framework/src/Illuminate/Database/Connection.php(999): Illuminate/Database/Connection->runQueryCallback('select * from `...', Array, Object(Closure))
#11 C:/laragon/www/APK_POS-sahla/APK_POS-sahla/vendor/laravel/framework/src/Illuminate/Database/Connection.php(978): Illuminate/Database/Connection->tryAgainIfCausedByLostConnection(Object(Illuminate/Database/QueryException), 'select * from `...', Array, Object(Closure))
#12 C:/laragon/www/APK_POS-sahla/APK_POS-sahla/vendor/laravel/framework/src/Illuminate/Database/Connection.php(796): Illuminate/Database/Connection->handleQueryException(Object(Illuminate/Database/QueryException), 'select * from `...', Array, Object(Closure))
#13 C:/laragon/www/APK_POS-sahla/APK_POS-sahla/vendor/laravel/framework/src/Illuminate/Database/Connection.php(411): Illuminate/Database/Connection->run('select * from `...', Array, Object(Closure))
#14 C:/laragon/www/APK_POS-sahla/APK_POS-sahla/vendor/laravel/framework/src/Illuminate/Database/Query/Builder.php(3505): Illuminate/Database/Connection->select('select * from `...', Array, false)
#15 C:/laragon/www/APK_POS-sahla/APK_POS-sahla/vendor/laravel/framework/src/Illuminate/Database/Query/Builder.php(3490): Illuminate/Database/Query/Builder->runSelect()
#16 C:/laragon/www/APK_POS-sahla/APK_POS-sahla/vendor/laravel/framework/src/Illuminate/Database/Query/Builder.php(4080): Illuminate/Database/Query/Builder->Illuminate/Database/Query/{closure}()
#17 C:/laragon/www/APK_POS-sahla/APK_POS-sahla/vendor/laravel/framework/src/Illuminate/Database/Query/Builder.php(3489): Illuminate/Database/Query/Builder->onceWithColumns(Array, Object(Closure))
#18 C:/laragon/www/APK_POS-sahla/APK_POS-sahla/vendor/laravel/framework/src/Illuminate/Database/Concerns/BuildsQueries.php(366): Illuminate/Database/Query/Builder->get(Array)
#19 C:/laragon/www/APK_POS-sahla/APK_POS-sahla/vendor/laravel/framework/src/Illuminate/Database/Query/Builder.php(3412): Illuminate/Database/Query/Builder->first(Array)
#20 C:/laragon/www/APK_POS-sahla/APK_POS-sahla/vendor/laravel/framework/src/Illuminate/Session/DatabaseSessionHandler.php(96): Illuminate/Database/Query/Builder->find('yreAO6hntm0s4T3...')
#21 C:/laragon/www/APK_POS-sahla/APK_POS-sahla/vendor/laravel/framework/src/Illuminate/Session/Store.php(128): Illuminate/Session/DatabaseSessionHandler->read('yreAO6hntm0s4T3...')
#22 C:/laragon/www/APK_POS-sahla/APK_POS-sahla/vendor/laravel/framework/src/Illuminate/Session/Store.php(116): Illuminate/Session/Store->readFromHandler()
#23 C:/laragon/www/APK_POS-sahla/APK_POS-sahla/vendor/laravel/framework/src/Illuminate/Session/Store.php(100): Illuminate/Session/Store->loadSession()
#24 C:/laragon/www/APK_POS-sahla/APK_POS-sahla/vendor/laravel/framework/src/Illuminate/Session/Middleware/StartSession.php(146): Illuminate/Session/Store->start()
#25 C:/laragon/www/APK_POS-sahla/APK_POS-sahla/vendor/laravel/framework/src/Illuminate/Support/helpers.php(393): Illuminate/Session/Middleware/StartSession->Illuminate/Session/Middleware/{closure}(Object(Illuminate/Session/Store))
#26 C:/laragon/www/APK_POS-sahla/APK_POS-sahla/vendor/laravel/framework/src/Illuminate/Session/Middleware/StartSession.php(143): tap(Object(Illuminate/Session/Store), Object(Closure))
#27 C:/laragon/www/APK_POS-sahla/APK_POS-sahla/vendor/laravel/framework/src/Illuminate/Session/Middleware/StartSession.php(115): Illuminate/Session/Middleware/StartSession->startSession(Object(Illuminate/Http/Request), Object(Illuminate/Session/Store))
#28 C:/laragon/www/APK_POS-sahla/APK_POS-sahla/vendor/laravel/framework/src/Illuminate/Session/Middleware/StartSession.php(63): Illuminate/Session/Middleware/StartSession->handleStatefulRequest(Object(Illuminate/Http/Request), Object(Illuminate/Session/Store), Object(Closure))
#29 C:/laragon/www/APK_POS-sahla/APK_POS-sahla/vendor/laravel/framework/src/Illuminate/Pipeline/Pipeline.php(219): Illuminate/Session/Middleware/StartSession->handle(Object(Illuminate/Http/Request), Object(Closure))
#30 C:/laragon/www/APK_POS-sahla/APK_POS-sahla/vendor/laravel/framework/src/Illuminate/Cookie/Middleware/AddQueuedCookiesToResponse.php(36): Illuminate/Pipeline/Pipeline->Illuminate/Pipeline/{closure}(Object(Illuminate/Http/Request))
#31 C:/laragon/www/APK_POS-sahla/APK_POS-sahla/vendor/laravel/framework/src/Illuminate/Pipeline/Pipeline.php(219): Illuminate/Cookie/Middleware/AddQueuedCookiesToResponse->handle(Object(Illuminate/Http/Request), Object(Closure))
#32 C:/laragon/www/APK_POS-sahla/APK_POS-sahla/vendor/laravel/framework/src/Illuminate/Cookie/Middleware/EncryptCookies.php(74): Illuminate/Pipeline/Pipeline->Illuminate/Pipeline/{closure}(Object(Illuminate/Http/Request))
#33 C:/laragon/www/APK_POS-sahla/APK_POS-sahla/vendor/laravel/framework/src/Illuminate/Pipeline/Pipeline.php(219): Illuminate/Cookie/Middleware/EncryptCookies->handle(Object(Illuminate/Http/Request), Object(Closure))
#34 C:/laragon/www/APK_POS-sahla/APK_POS-sahla/vendor/laravel/framework/src/Illuminate/Pipeline/Pipeline.php(137): Illuminate/Pipeline/Pipeline->Illuminate/Pipeline/{closure}(Object(Illuminate/Http/Request))
#35 C:/laragon/www/APK_POS-sahla/APK_POS-sahla/vendor/laravel/framework/src/Illuminate/Routing/Router.php(821): Illuminate/Pipeline/Pipeline->then(Object(Closure))
#36 C:/laragon/www/APK_POS-sahla/APK_POS-sahla/vendor/laravel/framework/src/Illuminate/Routing/Router.php(800): Illuminate/Routing/Router->runRouteWithinStack(Object(Illuminate/Routing/Route), Object(Illuminate/Http/Request))
#37 C:/laragon/www/APK_POS-sahla/APK_POS-sahla/vendor/laravel/framework/src/Illuminate/Routing/Router.php(764): Illuminate/Routing/Router->runRoute(Object(Illuminate/Http/Request), Object(Illuminate/Routing/Route))
#38 C:/laragon/www/APK_POS-sahla/APK_POS-sahla/vendor/laravel/framework/src/Illuminate/Routing/Router.php(753): Illuminate/Routing/Router->dispatchToRoute(Object(Illuminate/Http/Request))
#39 C:/laragon/www/APK_POS-sahla/APK_POS-sahla/vendor/laravel/framework/src/Illuminate/Foundation/Http/Kernel.php(200): Illuminate/Routing/Router->dispatch(Object(Illuminate/Http/Request))
#40 C:/laragon/www/APK_POS-sahla/APK_POS-sahla/vendor/laravel/framework/src/Illuminate/Pipeline/Pipeline.php(180): Illuminate/Foundation/Http/Kernel->Illuminate/Foundation/Http/{closure}(Object(Illuminate/Http/Request))
#41 C:/laragon/www/APK_POS-sahla/APK_POS-sahla/vendor/laravel/framework/src/Illuminate/Foundation/Http/Middleware/TransformsRequest.php(21): Illuminate/Pipeline/Pipeline->Illuminate/Pipeline/{closure}(Object(Illuminate/Http/Request))
#42 C:/laragon/www/APK_POS-sahla/APK_POS-sahla/vendor/laravel/framework/src/Illuminate/Foundation/Http/Middleware/ConvertEmptyStringsToNull.php(31): Illuminate/Foundation/Http/Middleware/TransformsRequest->handle(Object(Illuminate/Http/Request), Object(Closure))
#43 C:/laragon/www/APK_POS-sahla/APK_POS-sahla/vendor/laravel/framework/src/Illuminate/Pipeline/Pipeline.php(219): Illuminate/Foundation/Http/Middleware/ConvertEmptyStringsToNull->handle(Object(Illuminate/Http/Request), Object(Closure))
#44 C:/laragon/www/APK_POS-sahla/APK_POS-sahla/vendor/laravel/framework/src/Illuminate/Foundation/Http/Middleware/TransformsRequest.php(21): Illuminate/Pipeline/Pipeline->Illuminate/Pipeline/{closure}(Object(Illuminate/Http/Request))
#45 C:/laragon/www/APK_POS-sahla/APK_POS-sahla/vendor/laravel/framework/src/Illuminate/Foundation/Http/Middleware/TrimStrings.php(51): Illuminate/Foundation/Http/Middleware/TransformsRequest->handle(Object(Illuminate/Http/Request), Object(Closure))
#46 C:/laragon/www/APK_POS-sahla/APK_POS-sahla/vendor/laravel/framework/src/Illuminate/Pipeline/Pipeline.php(219): Illuminate/Foundation/Http/Middleware/TrimStrings->handle(Object(Illuminate/Http/Request), Object(Closure))
#47 C:/laragon/www/APK_POS-sahla/APK_POS-sahla/vendor/laravel/framework/src/Illuminate/Http/Middleware/ValidatePostSize.php(27): Illuminate/Pipeline/Pipeline->Illuminate/Pipeline/{closure}(Object(Illuminate/Http/Request))
#48 C:/laragon/www/APK_POS-sahla/APK_POS-sahla/vendor/laravel/framework/src/Illuminate/Pipeline/Pipeline.php(219): Illuminate/Http/Middleware/ValidatePostSize->handle(Object(Illuminate/Http/Request), Object(Closure))
#49 C:/laragon/www/APK_POS-sahla/APK_POS-sahla/vendor/laravel/framework/src/Illuminate/Foundation/Http/Middleware/PreventRequestsDuringMaintenance.php(109): Illuminate/Pipeline/Pipeline->Illuminate/Pipeline/{closure}(Object(Illuminate/Http/Request))
#50 C:/laragon/www/APK_POS-sahla/APK_POS-sahla/vendor/laravel/framework/src/Illuminate/Pipeline/Pipeline.php(219): Illuminate/Foundation/Http/Middleware/PreventRequestsDuringMaintenance->handle(Object(Illuminate/Http/Request), Object(Closure))
#51 C:/laragon/www/APK_POS-sahla/APK_POS-sahla/vendor/laravel/framework/src/Illuminate/Http/Middleware/HandleCors.php(61): Illuminate/Pipeline/Pipeline->Illuminate/Pipeline/{closure}(Object(Illuminate/Http/Request))
#52 C:/laragon/www/APK_POS-sahla/APK_POS-sahla/vendor/laravel/framework/src/Illuminate/Pipeline/Pipeline.php(219): Illuminate/Http/Middleware/HandleCors->handle(Object(Illuminate/Http/Request), Object(Closure))
#53 C:/laragon/www/APK_POS-sahla/APK_POS-sahla/vendor/laravel/framework/src/Illuminate/Http/Middleware/TrustProxies.php(58): Illuminate/Pipeline/Pipeline->Illuminate/Pipeline/{closure}(Object(Illuminate/Http/Request))
#54 C:/laragon/www/APK_POS-sahla/APK_POS-sahla/vendor/laravel/framework/src/Illuminate/Pipeline/Pipeline.php(219): Illuminate/Http/Middleware/TrustProxies->handle(Object(Illuminate/Http/Request), Object(Closure))
#55 C:/laragon/www/APK_POS-sahla/APK_POS-sahla/vendor/laravel/framework/src/Illuminate/Foundation/Http/Middleware/InvokeDeferredCallbacks.php(22): Illuminate/Pipeline/Pipeline->Illuminate/Pipeline/{closure}(Object(Illuminate/Http/Request))
#56 C:/laragon/www/APK_POS-sahla/APK_POS-sahla/vendor/laravel/framework/src/Illuminate/Pipeline/Pipeline.php(219): Illuminate/Foundation/Http/Middleware/InvokeDeferredCallbacks->handle(Object(Illuminate/Http/Request), Object(Closure))
#57 C:/laragon/www/APK_POS-sahla/APK_POS-sahla/vendor/laravel/framework/src/Illuminate/Http/Middleware/ValidatePathEncoding.php(26): Illuminate/Pipeline/Pipeline->Illuminate/Pipeline/{closure}(Object(Illuminate/Http/Request))
#58 C:/laragon/www/APK_POS-sahla/APK_POS-sahla/vendor/laravel/framework/src/Illuminate/Pipeline/Pipeline.php(219): Illuminate/Http/Middleware/ValidatePathEncoding->handle(Object(Illuminate/Http/Request), Object(Closure))
#59 C:/laragon/www/APK_POS-sahla/APK_POS-sahla/vendor/laravel/framework/src/Illuminate/Pipeline/Pipeline.php(137): Illuminate/Pipeline/Pipeline->Illuminate/Pipeline/{closure}(Object(Illuminate/Http/Request))
#60 C:/laragon/www/APK_POS-sahla/APK_POS-sahla/vendor/laravel/framework/src/Illuminate/Foundation/Http/Kernel.php(175): Illuminate/Pipeline/Pipeline->then(Object(Closure))
#61 C:/laragon/www/APK_POS-sahla/APK_POS-sahla/vendor/laravel/framework/src/Illuminate/Foundation/Http/Kernel.php(144): Illuminate/Foundation/Http/Kernel->sendRequestThroughRouter(Object(Illuminate/Http/Request))
#62 C:/laragon/www/APK_POS-sahla/APK_POS-sahla/vendor/laravel/framework/src/Illuminate/Foundation/Application.php(1220): Illuminate/Foundation/Http/Kernel->handle(Object(Illuminate/Http/Request))
#63 C:/laragon/www/APK_POS-sahla/APK_POS-sahla/public/index.php(20): Illuminate/Foundation/Application->handleRequest(Object(Illuminate/Http/Request))
#64 C:/laragon/www/APK_POS-sahla/APK_POS-sahla/vendor/laravel/framework/src/Illuminate/Foundation/resources/server.php(23): require_once('C://laragon//www//...')
#65 {main}
"} 
[2026-08-03 04:30:59] local.ERROR: SQLSTATE[42S02]: Base table or view not found: 1146 Table 'pos_sahlaa.produks' doesn't exist (Connection: mysql, Host: 127.0.0.1, Port: 3306, Database: pos_sahlaa, SQL: alter table `produks` add `jenis` enum('Makanan', 'Minuman') not null after `nama`) {"exception":"[object] (Illuminate\\Database\\QueryException(code: 42S02): SQLSTATE[42S02]: Base table or view not found: 1146 Table 'pos_sahlaa.produks' doesn't exist (Connection: mysql, Host: 127.0.0.1, Port: 3306, Database: pos_sahlaa, SQL: alter table `produks` add `jenis` enum('Makanan', 'Minuman') not null after `nama`) at C:/laragon/www/APK_POS-sahla/APK_POS-sahla/vendor/laravel/framework/src/Illuminate/Database/Connection.php:838)
[stacktrace]
#0 C:/laragon/www/APK_POS-sahla/APK_POS-sahla/vendor/laravel/framework/src/Illuminate/Database/Connection.php(794): Illuminate/Database/Connection->runQueryCallback('alter table `pr...', Array, Object(Closure))
#1 C:/laragon/www/APK_POS-sahla/APK_POS-sahla/vendor/laravel/framework/src/Illuminate/Database/Connection.php(573): Illuminate/Database/Connection->run('alter table `pr...', Array, Object(Closure))
#2 C:/laragon/www/APK_POS-sahla/APK_POS-sahla/vendor/laravel/framework/src/Illuminate/Database/Schema/Blueprint.php(121): Illuminate/Database/Connection->statement('alter table `pr...')
#3 C:/laragon/www/APK_POS-sahla/APK_POS-sahla/vendor/laravel/framework/src/Illuminate/Database/Schema/Builder.php(686): Illuminate/Database/Schema/Blueprint->build()
#4 C:/laragon/www/APK_POS-sahla/APK_POS-sahla/vendor/laravel/framework/src/Illuminate/Database/Schema/Builder.php(494): Illuminate/Database/Schema/Builder->build(Object(Illuminate/Database/Schema/Blueprint))
#5 C:/laragon/www/APK_POS-sahla/APK_POS-sahla/vendor/laravel/framework/src/Illuminate/Support/Facades/Facade.php(363): Illuminate/Database/Schema/Builder->table('produks', Object(Closure))
#6 C:/laragon/www/APK_POS-sahla/APK_POS-sahla/database/migrations/2026_08_03_042946_add_jenis_to_produks_table.php(14): Illuminate/Support/Facades/Facade::__callStatic('table', Array)
#7 C:/laragon/www/APK_POS-sahla/APK_POS-sahla/vendor/laravel/framework/src/Illuminate/Database/Migrations/Migrator.php(517): Illuminate/Database/Migrations/Migration@anonymous->up()
#8 C:/laragon/www/APK_POS-sahla/APK_POS-sahla/vendor/laravel/framework/src/Illuminate/Database/Migrations/Migrator.php(442): Illuminate/Database/Migrations/Migrator->runMethod(Object(Illuminate/Database/MySqlConnection), Object(Illuminate/Database/Migrations/Migration@anonymous), 'up')
#9 C:/laragon/www/APK_POS-sahla/APK_POS-sahla/vendor/laravel/framework/src/Illuminate/Database/Migrations/Migrator.php(451): Illuminate/Database/Migrations/Migrator->Illuminate/Database/Migrations/{closure}()
#10 C:/laragon/www/APK_POS-sahla/APK_POS-sahla/vendor/laravel/framework/src/Illuminate/Database/Migrations/Migrator.php(253): Illuminate/Database/Migrations/Migrator->runMigration(Object(Illuminate/Database/Migrations/Migration@anonymous), 'up')
#11 C:/laragon/www/APK_POS-sahla/APK_POS-sahla/vendor/laravel/framework/src/Illuminate/Console/View/Components/Task.php(41): Illuminate/Database/Migrations/Migrator->Illuminate/Database/Migrations/{closure}()
#12 C:/laragon/www/APK_POS-sahla/APK_POS-sahla/vendor/laravel/framework/src/Illuminate/Database/Migrations/Migrator.php(814): Illuminate/Console/View/Components/Task->render('2026_08_03_0429...', Object(Closure))
#13 C:/laragon/www/APK_POS-sahla/APK_POS-sahla/vendor/laravel/framework/src/Illuminate/Database/Migrations/Migrator.php(253): Illuminate/Database/Migrations/Migrator->write('Illuminate//Cons...', '2026_08_03_0429...', Object(Closure))
#14 C:/laragon/www/APK_POS-sahla/APK_POS-sahla/vendor/laravel/framework/src/Illuminate/Database/Migrations/Migrator.php(211): Illuminate/Database/Migrations/Migrator->runUp('C://laragon//www//...', 2, false)
#15 C:/laragon/www/APK_POS-sahla/APK_POS-sahla/vendor/laravel/framework/src/Illuminate/Database/Migrations/Migrator.php(138): Illuminate/Database/Migrations/Migrator->runPending(Array, Array)
#16 C:/laragon/www/APK_POS-sahla/APK_POS-sahla/vendor/laravel/framework/src/Illuminate/Database/Console/Migrations/MigrateCommand.php(116): Illuminate/Database/Migrations/Migrator->run(Array, Array)
#17 C:/laragon/www/APK_POS-sahla/APK_POS-sahla/vendor/laravel/framework/src/Illuminate/Database/Migrations/Migrator.php(671): Illuminate/Database/Console/Migrations/MigrateCommand->Illuminate/Database/Console/Migrations/{closure}()
#18 C:/laragon/www/APK_POS-sahla/APK_POS-sahla/vendor/laravel/framework/src/Illuminate/Database/Console/Migrations/MigrateCommand.php(109): Illuminate/Database/Migrations/Migrator->usingConnection(NULL, Object(Closure))
#19 C:/laragon/www/APK_POS-sahla/APK_POS-sahla/vendor/laravel/framework/src/Illuminate/Database/Console/Migrations/MigrateCommand.php(88): Illuminate/Database/Console/Migrations/MigrateCommand->runMigrations()
#20 C:/laragon/www/APK_POS-sahla/APK_POS-sahla/vendor/laravel/framework/src/Illuminate/Container/BoundMethod.php(36): Illuminate/Database/Console/Migrations/MigrateCommand->handle()
#21 C:/laragon/www/APK_POS-sahla/APK_POS-sahla/vendor/laravel/framework/src/Illuminate/Container/Util.php(43): Illuminate/Container/BoundMethod::Illuminate/Container/{closure}()
#22 C:/laragon/www/APK_POS-sahla/APK_POS-sahla/vendor/laravel/framework/src/Illuminate/Container/BoundMethod.php(96): Illuminate/Container/Util::unwrapIfClosure(Object(Closure))
#23 C:/laragon/www/APK_POS-sahla/APK_POS-sahla/vendor/laravel/framework/src/Illuminate/Container/BoundMethod.php(35): Illuminate/Container/BoundMethod::callBoundMethod(Object(Illuminate/Foundation/Application), Array, Object(Closure))
#24 C:/laragon/www/APK_POS-sahla/APK_POS-sahla/vendor/laravel/framework/src/Illuminate/Container/Container.php(799): Illuminate/Container/BoundMethod::call(Object(Illuminate/Foundation/Application), Array, Array, NULL)
#25 C:/laragon/www/APK_POS-sahla/APK_POS-sahla/vendor/laravel/framework/src/Illuminate/Console/Command.php(211): Illuminate/Container/Container->call(Array)
#26 C:/laragon/www/APK_POS-sahla/APK_POS-sahla/vendor/symfony/console/Command/Command.php(341): Illuminate/Console/Command->execute(Object(Symfony/Component/Console/Input/ArgvInput), Object(Illuminate/Console/OutputStyle))
#27 C:/laragon/www/APK_POS-sahla/APK_POS-sahla/vendor/laravel/framework/src/Illuminate/Console/Command.php(180): Symfony/Component/Console/Command/Command->run(Object(Symfony/Component/Console/Input/ArgvInput), Object(Illuminate/Console/OutputStyle))
#28 C:/laragon/www/APK_POS-sahla/APK_POS-sahla/vendor/symfony/console/Application.php(1117): Illuminate/Console/Command->run(Object(Symfony/Component/Console/Input/ArgvInput), Object(Symfony/Component/Console/Output/ConsoleOutput))
#29 C:/laragon/www/APK_POS-sahla/APK_POS-sahla/vendor/symfony/console/Application.php(356): Symfony/Component/Console/Application->doRunCommand(Object(Illuminate/Database/Console/Migrations/MigrateCommand), Object(Symfony/Component/Console/Input/ArgvInput), Object(Symfony/Component/Console/Output/ConsoleOutput))
#30 C:/laragon/www/APK_POS-sahla/APK_POS-sahla/vendor/symfony/console/Application.php(195): Symfony/Component/Console/Application->doRun(Object(Symfony/Component/Console/Input/ArgvInput), Object(Symfony/Component/Console/Output/ConsoleOutput))
#31 C:/laragon/www/APK_POS-sahla/APK_POS-sahla/vendor/laravel/framework/src/Illuminate/Foundation/Console/Kernel.php(198): Symfony/Component/Console/Application->run(Object(Symfony/Component/Console/Input/ArgvInput), Object(Symfony/Component/Console/Output/ConsoleOutput))
#32 C:/laragon/www/APK_POS-sahla/APK_POS-sahla/vendor/laravel/framework/src/Illuminate/Foundation/Application.php(1235): Illuminate/Foundation/Console/Kernel->handle(Object(Symfony/Component/Console/Input/ArgvInput), Object(Symfony/Component/Console/Output/ConsoleOutput))
#33 C:/laragon/www/APK_POS-sahla/APK_POS-sahla/artisan(16): Illuminate/Foundation/Application->handleCommand(Object(Symfony/Component/Console/Input/ArgvInput))
#34 {main}

[previous exception] [object] (PDOException(code: 42S02): SQLSTATE[42S02]: Base table or view not found: 1146 Table 'pos_sahlaa.produks' doesn't exist at C:/laragon/www/APK_POS-sahla/APK_POS-sahla/vendor/laravel/framework/src/Illuminate/Database/Connection.php:584)
[stacktrace]
#0 C:/laragon/www/APK_POS-sahla/APK_POS-sahla/vendor/laravel/framework/src/Illuminate/Database/Connection.php(584): PDOStatement->execute()
#1 C:/laragon/www/APK_POS-sahla/APK_POS-sahla/vendor/laravel/framework/src/Illuminate/Database/Connection.php(827): Illuminate/Database/Connection->Illuminate/Database/{closure}('alter table `pr...', Array)
#2 C:/laragon/www/APK_POS-sahla/APK_POS-sahla/vendor/laravel/framework/src/Illuminate/Database/Connection.php(794): Illuminate/Database/Connection->runQueryCallback('alter table `pr...', Array, Object(Closure))
#3 C:/laragon/www/APK_POS-sahla/APK_POS-sahla/vendor/laravel/framework/src/Illuminate/Database/Connection.php(573): Illuminate/Database/Connection->run('alter table `pr...', Array, Object(Closure))
#4 C:/laragon/www/APK_POS-sahla/APK_POS-sahla/vendor/laravel/framework/src/Illuminate/Database/Schema/Blueprint.php(121): Illuminate/Database/Connection->statement('alter table `pr...')
#5 C:/laragon/www/APK_POS-sahla/APK_POS-sahla/vendor/laravel/framework/src/Illuminate/Database/Schema/Builder.php(686): Illuminate/Database/Schema/Blueprint->build()
#6 C:/laragon/www/APK_POS-sahla/APK_POS-sahla/vendor/laravel/framework/src/Illuminate/Database/Schema/Builder.php(494): Illuminate/Database/Schema/Builder->build(Object(Illuminate/Database/Schema/Blueprint))
#7 C:/laragon/www/APK_POS-sahla/APK_POS-sahla/vendor/laravel/framework/src/Illuminate/Support/Facades/Facade.php(363): Illuminate/Database/Schema/Builder->table('produks', Object(Closure))
#8 C:/laragon/www/APK_POS-sahla/APK_POS-sahla/database/migrations/2026_08_03_042946_add_jenis_to_produks_table.php(14): Illuminate/Support/Facades/Facade::__callStatic('table', Array)
#9 C:/laragon/www/APK_POS-sahla/APK_POS-sahla/vendor/laravel/framework/src/Illuminate/Database/Migrations/Migrator.php(517): Illuminate/Database/Migrations/Migration@anonymous->up()
#10 C:/laragon/www/APK_POS-sahla/APK_POS-sahla/vendor/laravel/framework/src/Illuminate/Database/Migrations/Migrator.php(442): Illuminate/Database/Migrations/Migrator->runMethod(Object(Illuminate/Database/MySqlConnection), Object(Illuminate/Database/Migrations/Migration@anonymous), 'up')
#11 C:/laragon/www/APK_POS-sahla/APK_POS-sahla/vendor/laravel/framework/src/Illuminate/Database/Migrations/Migrator.php(451): Illuminate/Database/Migrations/Migrator->Illuminate/Database/Migrations/{closure}()
#12 C:/laragon/www/APK_POS-sahla/APK_POS-sahla/vendor/laravel/framework/src/Illuminate/Database/Migrations/Migrator.php(253): Illuminate/Database/Migrations/Migrator->runMigration(Object(Illuminate/Database/Migrations/Migration@anonymous), 'up')
#13 C:/laragon/www/APK_POS-sahla/APK_POS-sahla/vendor/laravel/framework/src/Illuminate/Console/View/Components/Task.php(41): Illuminate/Database/Migrations/Migrator->Illuminate/Database/Migrations/{closure}()
#14 C:/laragon/www/APK_POS-sahla/APK_POS-sahla/vendor/laravel/framework/src/Illuminate/Database/Migrations/Migrator.php(814): Illuminate/Console/View/Components/Task->render('2026_08_03_0429...', Object(Closure))
#15 C:/laragon/www/APK_POS-sahla/APK_POS-sahla/vendor/laravel/framework/src/Illuminate/Database/Migrations/Migrator.php(253): Illuminate/Database/Migrations/Migrator->write('Illuminate//Cons...', '2026_08_03_0429...', Object(Closure))
#16 C:/laragon/www/APK_POS-sahla/APK_POS-sahla/vendor/laravel/framework/src/Illuminate/Database/Migrations/Migrator.php(211): Illuminate/Database/Migrations/Migrator->runUp('C://laragon//www//...', 2, false)
#17 C:/laragon/www/APK_POS-sahla/APK_POS-sahla/vendor/laravel/framework/src/Illuminate/Database/Migrations/Migrator.php(138): Illuminate/Database/Migrations/Migrator->runPending(Array, Array)
#18 C:/laragon/www/APK_POS-sahla/APK_POS-sahla/vendor/laravel/framework/src/Illuminate/Database/Console/Migrations/MigrateCommand.php(116): Illuminate/Database/Migrations/Migrator->run(Array, Array)
#19 C:/laragon/www/APK_POS-sahla/APK_POS-sahla/vendor/laravel/framework/src/Illuminate/Database/Migrations/Migrator.php(671): Illuminate/Database/Console/Migrations/MigrateCommand->Illuminate/Database/Console/Migrations/{closure}()
#20 C:/laragon/www/APK_POS-sahla/APK_POS-sahla/vendor/laravel/framework/src/Illuminate/Database/Console/Migrations/MigrateCommand.php(109): Illuminate/Database/Migrations/Migrator->usingConnection(NULL, Object(Closure))
#21 C:/laragon/www/APK_POS-sahla/APK_POS-sahla/vendor/laravel/framework/src/Illuminate/Database/Console/Migrations/MigrateCommand.php(88): Illuminate/Database/Console/Migrations/MigrateCommand->runMigrations()
#22 C:/laragon/www/APK_POS-sahla/APK_POS-sahla/vendor/laravel/framework/src/Illuminate/Container/BoundMethod.php(36): Illuminate/Database/Console/Migrations/MigrateCommand->handle()
#23 C:/laragon/www/APK_POS-sahla/APK_POS-sahla/vendor/laravel/framework/src/Illuminate/Container/Util.php(43): Illuminate/Container/BoundMethod::Illuminate/Container/{closure}()
#24 C:/laragon/www/APK_POS-sahla/APK_POS-sahla/vendor/laravel/framework/src/Illuminate/Container/BoundMethod.php(96): Illuminate/Container/Util::unwrapIfClosure(Object(Closure))
#25 C:/laragon/www/APK_POS-sahla/APK_POS-sahla/vendor/laravel/framework/src/Illuminate/Container/BoundMethod.php(35): Illuminate/Container/BoundMethod::callBoundMethod(Object(Illuminate/Foundation/Application), Array, Object(Closure))
#26 C:/laragon/www/APK_POS-sahla/APK_POS-sahla/vendor/laravel/framework/src/Illuminate/Container/Container.php(799): Illuminate/Container/BoundMethod::call(Object(Illuminate/Foundation/Application), Array, Array, NULL)
#27 C:/laragon/www/APK_POS-sahla/APK_POS-sahla/vendor/laravel/framework/src/Illuminate/Console/Command.php(211): Illuminate/Container/Container->call(Array)
#28 C:/laragon/www/APK_POS-sahla/APK_POS-sahla/vendor/symfony/console/Command/Command.php(341): Illuminate/Console/Command->execute(Object(Symfony/Component/Console/Input/ArgvInput), Object(Illuminate/Console/OutputStyle))
#29 C:/laragon/www/APK_POS-sahla/APK_POS-sahla/vendor/laravel/framework/src/Illuminate/Console/Command.php(180): Symfony/Component/Console/Command/Command->run(Object(Symfony/Component/Console/Input/ArgvInput), Object(Illuminate/Console/OutputStyle))
#30 C:/laragon/www/APK_POS-sahla/APK_POS-sahla/vendor/symfony/console/Application.php(1117): Illuminate/Console/Command->run(Object(Symfony/Component/Console/Input/ArgvInput), Object(Symfony/Component/Console/Output/ConsoleOutput))
#31 C:/laragon/www/APK_POS-sahla/APK_POS-sahla/vendor/symfony/console/Application.php(356): Symfony/Component/Console/Application->doRunCommand(Object(Illuminate/Database/Console/Migrations/MigrateCommand), Object(Symfony/Component/Console/Input/ArgvInput), Object(Symfony/Component/Console/Output/ConsoleOutput))
#32 C:/laragon/www/APK_POS-sahla/APK_POS-sahla/vendor/symfony/console/Application.php(195): Symfony/Component/Console/Application->doRun(Object(Symfony/Component/Console/Input/ArgvInput), Object(Symfony/Component/Console/Output/ConsoleOutput))
#33 C:/laragon/www/APK_POS-sahla/APK_POS-sahla/vendor/laravel/framework/src/Illuminate/Foundation/Console/Kernel.php(198): Symfony/Component/Console/Application->run(Object(Symfony/Component/Console/Input/ArgvInput), Object(Symfony/Component/Console/Output/ConsoleOutput))
#34 C:/laragon/www/APK_POS-sahla/APK_POS-sahla/vendor/laravel/framework/src/Illuminate/Foundation/Application.php(1235): Illuminate/Foundation/Console/Kernel->handle(Object(Symfony/Component/Console/Input/ArgvInput), Object(Symfony/Component/Console/Output/ConsoleOutput))
#35 C:/laragon/www/APK_POS-sahla/APK_POS-sahla/artisan(16): Illuminate/Foundation/Application->handleCommand(Object(Symfony/Component/Console/Input/ArgvInput))
#36 {main}
"} 
[2026-08-03 04:31:29] local.ERROR: TTY mode is not supported on Windows platform. {"exception":"[object] (Symfony\\Component\\Process\\Exception\\RuntimeException(code: 0): TTY mode is not supported on Windows platform. at C:/laragon/www/APK_POS-sahla/APK_POS-sahla/vendor/symfony/process/Process.php:1074)
[stacktrace]
#0 C:/laragon/www/APK_POS-sahla/APK_POS-sahla/vendor/laravel/framework/src/Illuminate/Database/Console/DbCommand.php(53): Symfony/Component/Process/Process->setTty(true)
#1 C:/laragon/www/APK_POS-sahla/APK_POS-sahla/vendor/laravel/framework/src/Illuminate/Container/BoundMethod.php(36): Illuminate/Database/Console/DbCommand->handle()
#2 C:/laragon/www/APK_POS-sahla/APK_POS-sahla/vendor/laravel/framework/src/Illuminate/Container/Util.php(43): Illuminate/Container/BoundMethod::Illuminate/Container/{closure}()
#3 C:/laragon/www/APK_POS-sahla/APK_POS-sahla/vendor/laravel/framework/src/Illuminate/Container/BoundMethod.php(96): Illuminate/Container/Util::unwrapIfClosure(Object(Closure))
#4 C:/laragon/www/APK_POS-sahla/APK_POS-sahla/vendor/laravel/framework/src/Illuminate/Container/BoundMethod.php(35): Illuminate/Container/BoundMethod::callBoundMethod(Object(Illuminate/Foundation/Application), Array, Object(Closure))
#5 C:/laragon/www/APK_POS-sahla/APK_POS-sahla/vendor/laravel/framework/src/Illuminate/Container/Container.php(799): Illuminate/Container/BoundMethod::call(Object(Illuminate/Foundation/Application), Array, Array, NULL)
#6 C:/laragon/www/APK_POS-sahla/APK_POS-sahla/vendor/laravel/framework/src/Illuminate/Console/Command.php(211): Illuminate/Container/Container->call(Array)
#7 C:/laragon/www/APK_POS-sahla/APK_POS-sahla/vendor/symfony/console/Command/Command.php(341): Illuminate/Console/Command->execute(Object(Symfony/Component/Console/Input/ArgvInput), Object(Illuminate/Console/OutputStyle))
#8 C:/laragon/www/APK_POS-sahla/APK_POS-sahla/vendor/laravel/framework/src/Illuminate/Console/Command.php(180): Symfony/Component/Console/Command/Command->run(Object(Symfony/Component/Console/Input/ArgvInput), Object(Illuminate/Console/OutputStyle))
#9 C:/laragon/www/APK_POS-sahla/APK_POS-sahla/vendor/symfony/console/Application.php(1117): Illuminate/Console/Command->run(Object(Symfony/Component/Console/Input/ArgvInput), Object(Symfony/Component/Console/Output/ConsoleOutput))
#10 C:/laragon/www/APK_POS-sahla/APK_POS-sahla/vendor/symfony/console/Application.php(356): Symfony/Component/Console/Application->doRunCommand(Object(Illuminate/Database/Console/DbCommand), Object(Symfony/Component/Console/Input/ArgvInput), Object(Symfony/Component/Console/Output/ConsoleOutput))
#11 C:/laragon/www/APK_POS-sahla/APK_POS-sahla/vendor/symfony/console/Application.php(195): Symfony/Component/Console/Application->doRun(Object(Symfony/Component/Console/Input/ArgvInput), Object(Symfony/Component/Console/Output/ConsoleOutput))
#12 C:/laragon/www/APK_POS-sahla/APK_POS-sahla/vendor/laravel/framework/src/Illuminate/Foundation/Console/Kernel.php(198): Symfony/Component/Console/Application->run(Object(Symfony/Component/Console/Input/ArgvInput), Object(Symfony/Component/Console/Output/ConsoleOutput))
#13 C:/laragon/www/APK_POS-sahla/APK_POS-sahla/vendor/laravel/framework/src/Illuminate/Foundation/Application.php(1235): Illuminate/Foundation/Console/Kernel->handle(Object(Symfony/Component/Console/Input/ArgvInput), Object(Symfony/Component/Console/Output/ConsoleOutput))
#14 C:/laragon/www/APK_POS-sahla/APK_POS-sahla/artisan(16): Illuminate/Foundation/Application->handleCommand(Object(Symfony/Component/Console/Input/ArgvInput))
#15 {main}
"} 
[2026-08-03 06:36:13] local.ERROR: SQLSTATE[HY000] [2002] No connection could be made because the target machine actively refused it (Connection: mysql, Host: 127.0.0.1, Port: 3306, Database: pos_sahlaa, SQL: select * from `sessions` where `id` = bpnay6E5yfl1wk0qESLNCQx3FX1t5Z18AvCw3bCp limit 1) {"exception":"[object] (Illuminate\\Database\\QueryException(code: 2002): SQLSTATE[HY000] [2002] No connection could be made because the target machine actively refused it (Connection: mysql, Host: 127.0.0.1, Port: 3306, Database: pos_sahlaa, SQL: select * from `sessions` where `id` = bpnay6E5yfl1wk0qESLNCQx3FX1t5Z18AvCw3bCp limit 1) at C:/laragon/www/APK_POS-sahla/APK_POS-sahla/vendor/laravel/framework/src/Illuminate/Database/Connection.php:838)
[stacktrace]
#0 C:/laragon/www/APK_POS-sahla/APK_POS-sahla/vendor/laravel/framework/src/Illuminate/Database/Connection.php(999): Illuminate/Database/Connection->runQueryCallback('select * from `...', Array, Object(Closure))
#1 C:/laragon/www/APK_POS-sahla/APK_POS-sahla/vendor/laravel/framework/src/Illuminate/Database/Connection.php(978): Illuminate/Database/Connection->tryAgainIfCausedByLostConnection(Object(Illuminate/Database/QueryException), 'select * from `...', Array, Object(Closure))
#2 C:/laragon/www/APK_POS-sahla/APK_POS-sahla/vendor/laravel/framework/src/Illuminate/Database/Connection.php(796): Illuminate/Database/Connection->handleQueryException(Object(Illuminate/Database/QueryException), 'select * from `...', Array, Object(Closure))
#3 C:/laragon/www/APK_POS-sahla/APK_POS-sahla/vendor/laravel/framework/src/Illuminate/Database/Connection.php(411): Illuminate/Database/Connection->run('select * from `...', Array, Object(Closure))
#4 C:/laragon/www/APK_POS-sahla/APK_POS-sahla/vendor/laravel/framework/src/Illuminate/Database/Query/Builder.php(3505): Illuminate/Database/Connection->select('select * from `...', Array, false)
#5 C:/laragon/www/APK_POS-sahla/APK_POS-sahla/vendor/laravel/framework/src/Illuminate/Database/Query/Builder.php(3490): Illuminate/Database/Query/Builder->runSelect()
#6 C:/laragon/www/APK_POS-sahla/APK_POS-sahla/vendor/laravel/framework/src/Illuminate/Database/Query/Builder.php(4080): Illuminate/Database/Query/Builder->Illuminate/Database/Query/{closure}()
#7 C:/laragon/www/APK_POS-sahla/APK_POS-sahla/vendor/laravel/framework/src/Illuminate/Database/Query/Builder.php(3489): Illuminate/Database/Query/Builder->onceWithColumns(Array, Object(Closure))
#8 C:/laragon/www/APK_POS-sahla/APK_POS-sahla/vendor/laravel/framework/src/Illuminate/Database/Concerns/BuildsQueries.php(366): Illuminate/Database/Query/Builder->get(Array)
#9 C:/laragon/www/APK_POS-sahla/APK_POS-sahla/vendor/laravel/framework/src/Illuminate/Database/Query/Builder.php(3412): Illuminate/Database/Query/Builder->first(Array)
#10 C:/laragon/www/APK_POS-sahla/APK_POS-sahla/vendor/laravel/framework/src/Illuminate/Session/DatabaseSessionHandler.php(96): Illuminate/Database/Query/Builder->find('bpnay6E5yfl1wk0...')
#11 C:/laragon/www/APK_POS-sahla/APK_POS-sahla/vendor/laravel/framework/src/Illuminate/Session/Store.php(128): Illuminate/Session/DatabaseSessionHandler->read('bpnay6E5yfl1wk0...')
#12 C:/laragon/www/APK_POS-sahla/APK_POS-sahla/vendor/laravel/framework/src/Illuminate/Session/Store.php(116): Illuminate/Session/Store->readFromHandler()
#13 C:/laragon/www/APK_POS-sahla/APK_POS-sahla/vendor/laravel/framework/src/Illuminate/Session/Store.php(100): Illuminate/Session/Store->loadSession()
#14 C:/laragon/www/APK_POS-sahla/APK_POS-sahla/vendor/laravel/framework/src/Illuminate/Session/Middleware/StartSession.php(146): Illuminate/Session/Store->start()
#15 C:/laragon/www/APK_POS-sahla/APK_POS-sahla/vendor/laravel/framework/src/Illuminate/Support/helpers.php(393): Illuminate/Session/Middleware/StartSession->Illuminate/Session/Middleware/{closure}(Object(Illuminate/Session/Store))
#16 C:/laragon/www/APK_POS-sahla/APK_POS-sahla/vendor/laravel/framework/src/Illuminate/Session/Middleware/StartSession.php(143): tap(Object(Illuminate/Session/Store), Object(Closure))
#17 C:/laragon/www/APK_POS-sahla/APK_POS-sahla/vendor/laravel/framework/src/Illuminate/Session/Middleware/StartSession.php(115): Illuminate/Session/Middleware/StartSession->startSession(Object(Illuminate/Http/Request), Object(Illuminate/Session/Store))
#18 C:/laragon/www/APK_POS-sahla/APK_POS-sahla/vendor/laravel/framework/src/Illuminate/Session/Middleware/StartSession.php(63): Illuminate/Session/Middleware/StartSession->handleStatefulRequest(Object(Illuminate/Http/Request), Object(Illuminate/Session/Store), Object(Closure))
#19 C:/laragon/www/APK_POS-sahla/APK_POS-sahla/vendor/laravel/framework/src/Illuminate/Pipeline/Pipeline.php(219): Illuminate/Session/Middleware/StartSession->handle(Object(Illuminate/Http/Request), Object(Closure))
#20 C:/laragon/www/APK_POS-sahla/APK_POS-sahla/vendor/laravel/framework/src/Illuminate/Cookie/Middleware/AddQueuedCookiesToResponse.php(36): Illuminate/Pipeline/Pipeline->Illuminate/Pipeline/{closure}(Object(Illuminate/Http/Request))
#21 C:/laragon/www/APK_POS-sahla/APK_POS-sahla/vendor/laravel/framework/src/Illuminate/Pipeline/Pipeline.php(219): Illuminate/Cookie/Middleware/AddQueuedCookiesToResponse->handle(Object(Illuminate/Http/Request), Object(Closure))
#22 C:/laragon/www/APK_POS-sahla/APK_POS-sahla/vendor/laravel/framework/src/Illuminate/Cookie/Middleware/EncryptCookies.php(74): Illuminate/Pipeline/Pipeline->Illuminate/Pipeline/{closure}(Object(Illuminate/Http/Request))
#23 C:/laragon/www/APK_POS-sahla/APK_POS-sahla/vendor/laravel/framework/src/Illuminate/Pipeline/Pipeline.php(219): Illuminate/Cookie/Middleware/EncryptCookies->handle(Object(Illuminate/Http/Request), Object(Closure))
#24 C:/laragon/www/APK_POS-sahla/APK_POS-sahla/vendor/laravel/framework/src/Illuminate/Pipeline/Pipeline.php(137): Illuminate/Pipeline/Pipeline->Illuminate/Pipeline/{closure}(Object(Illuminate/Http/Request))
#25 C:/laragon/www/APK_POS-sahla/APK_POS-sahla/vendor/laravel/framework/src/Illuminate/Routing/Router.php(821): Illuminate/Pipeline/Pipeline->then(Object(Closure))
#26 C:/laragon/www/APK_POS-sahla/APK_POS-sahla/vendor/laravel/framework/src/Illuminate/Routing/Router.php(800): Illuminate/Routing/Router->runRouteWithinStack(Object(Illuminate/Routing/Route), Object(Illuminate/Http/Request))
#27 C:/laragon/www/APK_POS-sahla/APK_POS-sahla/vendor/laravel/framework/src/Illuminate/Routing/Router.php(764): Illuminate/Routing/Router->runRoute(Object(Illuminate/Http/Request), Object(Illuminate/Routing/Route))
#28 C:/laragon/www/APK_POS-sahla/APK_POS-sahla/vendor/laravel/framework/src/Illuminate/Routing/Router.php(753): Illuminate/Routing/Router->dispatchToRoute(Object(Illuminate/Http/Request))
#29 C:/laragon/www/APK_POS-sahla/APK_POS-sahla/vendor/laravel/framework/src/Illuminate/Foundation/Http/Kernel.php(200): Illuminate/Routing/Router->dispatch(Object(Illuminate/Http/Request))
#30 C:/laragon/www/APK_POS-sahla/APK_POS-sahla/vendor/laravel/framework/src/Illuminate/Pipeline/Pipeline.php(180): Illuminate/Foundation/Http/Kernel->Illuminate/Foundation/Http/{closure}(Object(Illuminate/Http/Request))
#31 C:/laragon/www/APK_POS-sahla/APK_POS-sahla/vendor/laravel/framework/src/Illuminate/Foundation/Http/Middleware/TransformsRequest.php(21): Illuminate/Pipeline/Pipeline->Illuminate/Pipeline/{closure}(Object(Illuminate/Http/Request))
#32 C:/laragon/www/APK_POS-sahla/APK_POS-sahla/vendor/laravel/framework/src/Illuminate/Foundation/Http/Middleware/ConvertEmptyStringsToNull.php(31): Illuminate/Foundation/Http/Middleware/TransformsRequest->handle(Object(Illuminate/Http/Request), Object(Closure))
#33 C:/laragon/www/APK_POS-sahla/APK_POS-sahla/vendor/laravel/framework/src/Illuminate/Pipeline/Pipeline.php(219): Illuminate/Foundation/Http/Middleware/ConvertEmptyStringsToNull->handle(Object(Illuminate/Http/Request), Object(Closure))
#34 C:/laragon/www/APK_POS-sahla/APK_POS-sahla/vendor/laravel/framework/src/Illuminate/Foundation/Http/Middleware/TransformsRequest.php(21): Illuminate/Pipeline/Pipeline->Illuminate/Pipeline/{closure}(Object(Illuminate/Http/Request))
#35 C:/laragon/www/APK_POS-sahla/APK_POS-sahla/vendor/laravel/framework/src/Illuminate/Foundation/Http/Middleware/TrimStrings.php(51): Illuminate/Foundation/Http/Middleware/TransformsRequest->handle(Object(Illuminate/Http/Request), Object(Closure))
#36 C:/laragon/www/APK_POS-sahla/APK_POS-sahla/vendor/laravel/framework/src/Illuminate/Pipeline/Pipeline.php(219): Illuminate/Foundation/Http/Middleware/TrimStrings->handle(Object(Illuminate/Http/Request), Object(Closure))
#37 C:/laragon/www/APK_POS-sahla/APK_POS-sahla/vendor/laravel/framework/src/Illuminate/Http/Middleware/ValidatePostSize.php(27): Illuminate/Pipeline/Pipeline->Illuminate/Pipeline/{closure}(Object(Illuminate/Http/Request))
#38 C:/laragon/www/APK_POS-sahla/APK_POS-sahla/vendor/laravel/framework/src/Illuminate/Pipeline/Pipeline.php(219): Illuminate/Http/Middleware/ValidatePostSize->handle(Object(Illuminate/Http/Request), Object(Closure))
#39 C:/laragon/www/APK_POS-sahla/APK_POS-sahla/vendor/laravel/framework/src/Illuminate/Foundation/Http/Middleware/PreventRequestsDuringMaintenance.php(109): Illuminate/Pipeline/Pipeline->Illuminate/Pipeline/{closure}(Object(Illuminate/Http/Request))
#40 C:/laragon/www/APK_POS-sahla/APK_POS-sahla/vendor/laravel/framework/src/Illuminate/Pipeline/Pipeline.php(219): Illuminate/Foundation/Http/Middleware/PreventRequestsDuringMaintenance->handle(Object(Illuminate/Http/Request), Object(Closure))
#41 C:/laragon/www/APK_POS-sahla/APK_POS-sahla/vendor/laravel/framework/src/Illuminate/Http/Middleware/HandleCors.php(61): Illuminate/Pipeline/Pipeline->Illuminate/Pipeline/{closure}(Object(Illuminate/Http/Request))
#42 C:/laragon/www/APK_POS-sahla/APK_POS-sahla/vendor/laravel/framework/src/Illuminate/Pipeline/Pipeline.php(219): Illuminate/Http/Middleware/HandleCors->handle(Object(Illuminate/Http/Request), Object(Closure))
#43 C:/laragon/www/APK_POS-sahla/APK_POS-sahla/vendor/laravel/framework/src/Illuminate/Http/Middleware/TrustProxies.php(58): Illuminate/Pipeline/Pipeline->Illuminate/Pipeline/{closure}(Object(Illuminate/Http/Request))
#44 C:/laragon/www/APK_POS-sahla/APK_POS-sahla/vendor/laravel/framework/src/Illuminate/Pipeline/Pipeline.php(219): Illuminate/Http/Middleware/TrustProxies->handle(Object(Illuminate/Http/Request), Object(Closure))
#45 C:/laragon/www/APK_POS-sahla/APK_POS-sahla/vendor/laravel/framework/src/Illuminate/Foundation/Http/Middleware/InvokeDeferredCallbacks.php(22): Illuminate/Pipeline/Pipeline->Illuminate/Pipeline/{closure}(Object(Illuminate/Http/Request))
#46 C:/laragon/www/APK_POS-sahla/APK_POS-sahla/vendor/laravel/framework/src/Illuminate/Pipeline/Pipeline.php(219): Illuminate/Foundation/Http/Middleware/InvokeDeferredCallbacks->handle(Object(Illuminate/Http/Request), Object(Closure))
#47 C:/laragon/www/APK_POS-sahla/APK_POS-sahla/vendor/laravel/framework/src/Illuminate/Http/Middleware/ValidatePathEncoding.php(26): Illuminate/Pipeline/Pipeline->Illuminate/Pipeline/{closure}(Object(Illuminate/Http/Request))
#48 C:/laragon/www/APK_POS-sahla/APK_POS-sahla/vendor/laravel/framework/src/Illuminate/Pipeline/Pipeline.php(219): Illuminate/Http/Middleware/ValidatePathEncoding->handle(Object(Illuminate/Http/Request), Object(Closure))
#49 C:/laragon/www/APK_POS-sahla/APK_POS-sahla/vendor/laravel/framework/src/Illuminate/Pipeline/Pipeline.php(137): Illuminate/Pipeline/Pipeline->Illuminate/Pipeline/{closure}(Object(Illuminate/Http/Request))
#50 C:/laragon/www/APK_POS-sahla/APK_POS-sahla/vendor/laravel/framework/src/Illuminate/Foundation/Http/Kernel.php(175): Illuminate/Pipeline/Pipeline->then(Object(Closure))
#51 C:/laragon/www/APK_POS-sahla/APK_POS-sahla/vendor/laravel/framework/src/Illuminate/Foundation/Http/Kernel.php(144): Illuminate/Foundation/Http/Kernel->sendRequestThroughRouter(Object(Illuminate/Http/Request))
#52 C:/laragon/www/APK_POS-sahla/APK_POS-sahla/vendor/laravel/framework/src/Illuminate/Foundation/Application.php(1220): Illuminate/Foundation/Http/Kernel->handle(Object(Illuminate/Http/Request))
#53 C:/laragon/www/APK_POS-sahla/APK_POS-sahla/public/index.php(20): Illuminate/Foundation/Application->handleRequest(Object(Illuminate/Http/Request))
#54 C:/laragon/www/APK_POS-sahla/APK_POS-sahla/vendor/laravel/framework/src/Illuminate/Foundation/resources/server.php(23): require_once('C://laragon//www//...')
#55 {main}

[previous exception] [object] (PDOException(code: 2002): SQLSTATE[HY000] [2002] No connection could be made because the target machine actively refused it at C:/laragon/www/APK_POS-sahla/APK_POS-sahla/vendor/laravel/framework/src/Illuminate/Database/Connectors/Connector.php:66)
[stacktrace]
#0 C:/laragon/www/APK_POS-sahla/APK_POS-sahla/vendor/laravel/framework/src/Illuminate/Database/Connectors/Connector.php(66): PDO->__construct('mysql:host=127....', 'root', Object(SensitiveParameterValue), Array)
#1 C:/laragon/www/APK_POS-sahla/APK_POS-sahla/vendor/laravel/framework/src/Illuminate/Database/Connectors/Connector.php(85): Illuminate/Database/Connectors/Connector->createPdoConnection('mysql:host=127....', 'root', Object(SensitiveParameterValue), Array)
#2 C:/laragon/www/APK_POS-sahla/APK_POS-sahla/vendor/laravel/framework/src/Illuminate/Database/Connectors/Connector.php(48): Illuminate/Database/Connectors/Connector->tryAgainIfCausedByLostConnection(Object(PDOException), 'mysql:host=127....', 'root', Object(SensitiveParameterValue), Array)
#3 C:/laragon/www/APK_POS-sahla/APK_POS-sahla/vendor/laravel/framework/src/Illuminate/Database/Connectors/MySqlConnector.php(24): Illuminate/Database/Connectors/Connector->createConnection('mysql:host=127....', Array, Array)
#4 C:/laragon/www/APK_POS-sahla/APK_POS-sahla/vendor/laravel/framework/src/Illuminate/Database/Connectors/ConnectionFactory.php(186): Illuminate/Database/Connectors/MySqlConnector->connect(Array)
#5 [internal function]: Illuminate/Database/Connectors/ConnectionFactory->Illuminate/Database/Connectors/{closure}()
#6 C:/laragon/www/APK_POS-sahla/APK_POS-sahla/vendor/laravel/framework/src/Illuminate/Database/Connection.php(1257): call_user_func(Object(Closure))
#7 C:/laragon/www/APK_POS-sahla/APK_POS-sahla/vendor/laravel/framework/src/Illuminate/Database/Connection.php(525): Illuminate/Database/Connection->getPdo()
#8 C:/laragon/www/APK_POS-sahla/APK_POS-sahla/vendor/laravel/framework/src/Illuminate/Database/Connection.php(420): Illuminate/Database/Connection->getPdoForSelect(false)
#9 C:/laragon/www/APK_POS-sahla/APK_POS-sahla/vendor/laravel/framework/src/Illuminate/Database/Connection.php(827): Illuminate/Database/Connection->Illuminate/Database/{closure}('select * from `...', Array)
#10 C:/laragon/www/APK_POS-sahla/APK_POS-sahla/vendor/laravel/framework/src/Illuminate/Database/Connection.php(999): Illuminate/Database/Connection->runQueryCallback('select * from `...', Array, Object(Closure))
#11 C:/laragon/www/APK_POS-sahla/APK_POS-sahla/vendor/laravel/framework/src/Illuminate/Database/Connection.php(978): Illuminate/Database/Connection->tryAgainIfCausedByLostConnection(Object(Illuminate/Database/QueryException), 'select * from `...', Array, Object(Closure))
#12 C:/laragon/www/APK_POS-sahla/APK_POS-sahla/vendor/laravel/framework/src/Illuminate/Database/Connection.php(796): Illuminate/Database/Connection->handleQueryException(Object(Illuminate/Database/QueryException), 'select * from `...', Array, Object(Closure))
#13 C:/laragon/www/APK_POS-sahla/APK_POS-sahla/vendor/laravel/framework/src/Illuminate/Database/Connection.php(411): Illuminate/Database/Connection->run('select * from `...', Array, Object(Closure))
#14 C:/laragon/www/APK_POS-sahla/APK_POS-sahla/vendor/laravel/framework/src/Illuminate/Database/Query/Builder.php(3505): Illuminate/Database/Connection->select('select * from `...', Array, false)
#15 C:/laragon/www/APK_POS-sahla/APK_POS-sahla/vendor/laravel/framework/src/Illuminate/Database/Query/Builder.php(3490): Illuminate/Database/Query/Builder->runSelect()
#16 C:/laragon/www/APK_POS-sahla/APK_POS-sahla/vendor/laravel/framework/src/Illuminate/Database/Query/Builder.php(4080): Illuminate/Database/Query/Builder->Illuminate/Database/Query/{closure}()
#17 C:/laragon/www/APK_POS-sahla/APK_POS-sahla/vendor/laravel/framework/src/Illuminate/Database/Query/Builder.php(3489): Illuminate/Database/Query/Builder->onceWithColumns(Array, Object(Closure))
#18 C:/laragon/www/APK_POS-sahla/APK_POS-sahla/vendor/laravel/framework/src/Illuminate/Database/Concerns/BuildsQueries.php(366): Illuminate/Database/Query/Builder->get(Array)
#19 C:/laragon/www/APK_POS-sahla/APK_POS-sahla/vendor/laravel/framework/src/Illuminate/Database/Query/Builder.php(3412): Illuminate/Database/Query/Builder->first(Array)
#20 C:/laragon/www/APK_POS-sahla/APK_POS-sahla/vendor/laravel/framework/src/Illuminate/Session/DatabaseSessionHandler.php(96): Illuminate/Database/Query/Builder->find('bpnay6E5yfl1wk0...')
#21 C:/laragon/www/APK_POS-sahla/APK_POS-sahla/vendor/laravel/framework/src/Illuminate/Session/Store.php(128): Illuminate/Session/DatabaseSessionHandler->read('bpnay6E5yfl1wk0...')
#22 C:/laragon/www/APK_POS-sahla/APK_POS-sahla/vendor/laravel/framework/src/Illuminate/Session/Store.php(116): Illuminate/Session/Store->readFromHandler()
#23 C:/laragon/www/APK_POS-sahla/APK_POS-sahla/vendor/laravel/framework/src/Illuminate/Session/Store.php(100): Illuminate/Session/Store->loadSession()
#24 C:/laragon/www/APK_POS-sahla/APK_POS-sahla/vendor/laravel/framework/src/Illuminate/Session/Middleware/StartSession.php(146): Illuminate/Session/Store->start()
#25 C:/laragon/www/APK_POS-sahla/APK_POS-sahla/vendor/laravel/framework/src/Illuminate/Support/helpers.php(393): Illuminate/Session/Middleware/StartSession->Illuminate/Session/Middleware/{closure}(Object(Illuminate/Session/Store))
#26 C:/laragon/www/APK_POS-sahla/APK_POS-sahla/vendor/laravel/framework/src/Illuminate/Session/Middleware/StartSession.php(143): tap(Object(Illuminate/Session/Store), Object(Closure))
#27 C:/laragon/www/APK_POS-sahla/APK_POS-sahla/vendor/laravel/framework/src/Illuminate/Session/Middleware/StartSession.php(115): Illuminate/Session/Middleware/StartSession->startSession(Object(Illuminate/Http/Request), Object(Illuminate/Session/Store))
#28 C:/laragon/www/APK_POS-sahla/APK_POS-sahla/vendor/laravel/framework/src/Illuminate/Session/Middleware/StartSession.php(63): Illuminate/Session/Middleware/StartSession->handleStatefulRequest(Object(Illuminate/Http/Request), Object(Illuminate/Session/Store), Object(Closure))
#29 C:/laragon/www/APK_POS-sahla/APK_POS-sahla/vendor/laravel/framework/src/Illuminate/Pipeline/Pipeline.php(219): Illuminate/Session/Middleware/StartSession->handle(Object(Illuminate/Http/Request), Object(Closure))
#30 C:/laragon/www/APK_POS-sahla/APK_POS-sahla/vendor/laravel/framework/src/Illuminate/Cookie/Middleware/AddQueuedCookiesToResponse.php(36): Illuminate/Pipeline/Pipeline->Illuminate/Pipeline/{closure}(Object(Illuminate/Http/Request))
#31 C:/laragon/www/APK_POS-sahla/APK_POS-sahla/vendor/laravel/framework/src/Illuminate/Pipeline/Pipeline.php(219): Illuminate/Cookie/Middleware/AddQueuedCookiesToResponse->handle(Object(Illuminate/Http/Request), Object(Closure))
#32 C:/laragon/www/APK_POS-sahla/APK_POS-sahla/vendor/laravel/framework/src/Illuminate/Cookie/Middleware/EncryptCookies.php(74): Illuminate/Pipeline/Pipeline->Illuminate/Pipeline/{closure}(Object(Illuminate/Http/Request))
#33 C:/laragon/www/APK_POS-sahla/APK_POS-sahla/vendor/laravel/framework/src/Illuminate/Pipeline/Pipeline.php(219): Illuminate/Cookie/Middleware/EncryptCookies->handle(Object(Illuminate/Http/Request), Object(Closure))
#34 C:/laragon/www/APK_POS-sahla/APK_POS-sahla/vendor/laravel/framework/src/Illuminate/Pipeline/Pipeline.php(137): Illuminate/Pipeline/Pipeline->Illuminate/Pipeline/{closure}(Object(Illuminate/Http/Request))
#35 C:/laragon/www/APK_POS-sahla/APK_POS-sahla/vendor/laravel/framework/src/Illuminate/Routing/Router.php(821): Illuminate/Pipeline/Pipeline->then(Object(Closure))
#36 C:/laragon/www/APK_POS-sahla/APK_POS-sahla/vendor/laravel/framework/src/Illuminate/Routing/Router.php(800): Illuminate/Routing/Router->runRouteWithinStack(Object(Illuminate/Routing/Route), Object(Illuminate/Http/Request))
#37 C:/laragon/www/APK_POS-sahla/APK_POS-sahla/vendor/laravel/framework/src/Illuminate/Routing/Router.php(764): Illuminate/Routing/Router->runRoute(Object(Illuminate/Http/Request), Object(Illuminate/Routing/Route))
#38 C:/laragon/www/APK_POS-sahla/APK_POS-sahla/vendor/laravel/framework/src/Illuminate/Routing/Router.php(753): Illuminate/Routing/Router->dispatchToRoute(Object(Illuminate/Http/Request))
#39 C:/laragon/www/APK_POS-sahla/APK_POS-sahla/vendor/laravel/framework/src/Illuminate/Foundation/Http/Kernel.php(200): Illuminate/Routing/Router->dispatch(Object(Illuminate/Http/Request))
#40 C:/laragon/www/APK_POS-sahla/APK_POS-sahla/vendor/laravel/framework/src/Illuminate/Pipeline/Pipeline.php(180): Illuminate/Foundation/Http/Kernel->Illuminate/Foundation/Http/{closure}(Object(Illuminate/Http/Request))
#41 C:/laragon/www/APK_POS-sahla/APK_POS-sahla/vendor/laravel/framework/src/Illuminate/Foundation/Http/Middleware/TransformsRequest.php(21): Illuminate/Pipeline/Pipeline->Illuminate/Pipeline/{closure}(Object(Illuminate/Http/Request))
#42 C:/laragon/www/APK_POS-sahla/APK_POS-sahla/vendor/laravel/framework/src/Illuminate/Foundation/Http/Middleware/ConvertEmptyStringsToNull.php(31): Illuminate/Foundation/Http/Middleware/TransformsRequest->handle(Object(Illuminate/Http/Request), Object(Closure))
#43 C:/laragon/www/APK_POS-sahla/APK_POS-sahla/vendor/laravel/framework/src/Illuminate/Pipeline/Pipeline.php(219): Illuminate/Foundation/Http/Middleware/ConvertEmptyStringsToNull->handle(Object(Illuminate/Http/Request), Object(Closure))
#44 C:/laragon/www/APK_POS-sahla/APK_POS-sahla/vendor/laravel/framework/src/Illuminate/Foundation/Http/Middleware/TransformsRequest.php(21): Illuminate/Pipeline/Pipeline->Illuminate/Pipeline/{closure}(Object(Illuminate/Http/Request))
#45 C:/laragon/www/APK_POS-sahla/APK_POS-sahla/vendor/laravel/framework/src/Illuminate/Foundation/Http/Middleware/TrimStrings.php(51): Illuminate/Foundation/Http/Middleware/TransformsRequest->handle(Object(Illuminate/Http/Request), Object(Closure))
#46 C:/laragon/www/APK_POS-sahla/APK_POS-sahla/vendor/laravel/framework/src/Illuminate/Pipeline/Pipeline.php(219): Illuminate/Foundation/Http/Middleware/TrimStrings->handle(Object(Illuminate/Http/Request), Object(Closure))
#47 C:/laragon/www/APK_POS-sahla/APK_POS-sahla/vendor/laravel/framework/src/Illuminate/Http/Middleware/ValidatePostSize.php(27): Illuminate/Pipeline/Pipeline->Illuminate/Pipeline/{closure}(Object(Illuminate/Http/Request))
#48 C:/laragon/www/APK_POS-sahla/APK_POS-sahla/vendor/laravel/framework/src/Illuminate/Pipeline/Pipeline.php(219): Illuminate/Http/Middleware/ValidatePostSize->handle(Object(Illuminate/Http/Request), Object(Closure))
#49 C:/laragon/www/APK_POS-sahla/APK_POS-sahla/vendor/laravel/framework/src/Illuminate/Foundation/Http/Middleware/PreventRequestsDuringMaintenance.php(109): Illuminate/Pipeline/Pipeline->Illuminate/Pipeline/{closure}(Object(Illuminate/Http/Request))
#50 C:/laragon/www/APK_POS-sahla/APK_POS-sahla/vendor/laravel/framework/src/Illuminate/Pipeline/Pipeline.php(219): Illuminate/Foundation/Http/Middleware/PreventRequestsDuringMaintenance->handle(Object(Illuminate/Http/Request), Object(Closure))
#51 C:/laragon/www/APK_POS-sahla/APK_POS-sahla/vendor/laravel/framework/src/Illuminate/Http/Middleware/HandleCors.php(61): Illuminate/Pipeline/Pipeline->Illuminate/Pipeline/{closure}(Object(Illuminate/Http/Request))
#52 C:/laragon/www/APK_POS-sahla/APK_POS-sahla/vendor/laravel/framework/src/Illuminate/Pipeline/Pipeline.php(219): Illuminate/Http/Middleware/HandleCors->handle(Object(Illuminate/Http/Request), Object(Closure))
#53 C:/laragon/www/APK_POS-sahla/APK_POS-sahla/vendor/laravel/framework/src/Illuminate/Http/Middleware/TrustProxies.php(58): Illuminate/Pipeline/Pipeline->Illuminate/Pipeline/{closure}(Object(Illuminate/Http/Request))
#54 C:/laragon/www/APK_POS-sahla/APK_POS-sahla/vendor/laravel/framework/src/Illuminate/Pipeline/Pipeline.php(219): Illuminate/Http/Middleware/TrustProxies->handle(Object(Illuminate/Http/Request), Object(Closure))
#55 C:/laragon/www/APK_POS-sahla/APK_POS-sahla/vendor/laravel/framework/src/Illuminate/Foundation/Http/Middleware/InvokeDeferredCallbacks.php(22): Illuminate/Pipeline/Pipeline->Illuminate/Pipeline/{closure}(Object(Illuminate/Http/Request))
#56 C:/laragon/www/APK_POS-sahla/APK_POS-sahla/vendor/laravel/framework/src/Illuminate/Pipeline/Pipeline.php(219): Illuminate/Foundation/Http/Middleware/InvokeDeferredCallbacks->handle(Object(Illuminate/Http/Request), Object(Closure))
#57 C:/laragon/www/APK_POS-sahla/APK_POS-sahla/vendor/laravel/framework/src/Illuminate/Http/Middleware/ValidatePathEncoding.php(26): Illuminate/Pipeline/Pipeline->Illuminate/Pipeline/{closure}(Object(Illuminate/Http/Request))
#58 C:/laragon/www/APK_POS-sahla/APK_POS-sahla/vendor/laravel/framework/src/Illuminate/Pipeline/Pipeline.php(219): Illuminate/Http/Middleware/ValidatePathEncoding->handle(Object(Illuminate/Http/Request), Object(Closure))
#59 C:/laragon/www/APK_POS-sahla/APK_POS-sahla/vendor/laravel/framework/src/Illuminate/Pipeline/Pipeline.php(137): Illuminate/Pipeline/Pipeline->Illuminate/Pipeline/{closure}(Object(Illuminate/Http/Request))
#60 C:/laragon/www/APK_POS-sahla/APK_POS-sahla/vendor/laravel/framework/src/Illuminate/Foundation/Http/Kernel.php(175): Illuminate/Pipeline/Pipeline->then(Object(Closure))
#61 C:/laragon/www/APK_POS-sahla/APK_POS-sahla/vendor/laravel/framework/src/Illuminate/Foundation/Http/Kernel.php(144): Illuminate/Foundation/Http/Kernel->sendRequestThroughRouter(Object(Illuminate/Http/Request))
#62 C:/laragon/www/APK_POS-sahla/APK_POS-sahla/vendor/laravel/framework/src/Illuminate/Foundation/Application.php(1220): Illuminate/Foundation/Http/Kernel->handle(Object(Illuminate/Http/Request))
#63 C:/laragon/www/APK_POS-sahla/APK_POS-sahla/public/index.php(20): Illuminate/Foundation/Application->handleRequest(Object(Illuminate/Http/Request))
#64 C:/laragon/www/APK_POS-sahla/APK_POS-sahla/vendor/laravel/framework/src/Illuminate/Foundation/resources/server.php(23): require_once('C://laragon//www//...')
#65 {main}
"} 
[2026-08-03 06:36:27] local.ERROR: SQLSTATE[HY000] [2002] No connection could be made because the target machine actively refused it (Connection: mysql, Host: 127.0.0.1, Port: 3306, Database: pos_sahlaa, SQL: select * from `sessions` where `id` = bpnay6E5yfl1wk0qESLNCQx3FX1t5Z18AvCw3bCp limit 1) {"exception":"[object] (Illuminate\\Database\\QueryException(code: 2002): SQLSTATE[HY000] [2002] No connection could be made because the target machine actively refused it (Connection: mysql, Host: 127.0.0.1, Port: 3306, Database: pos_sahlaa, SQL: select * from `sessions` where `id` = bpnay6E5yfl1wk0qESLNCQx3FX1t5Z18AvCw3bCp limit 1) at C:/laragon/www/APK_POS-sahla/APK_POS-sahla/vendor/laravel/framework/src/Illuminate/Database/Connection.php:838)
[stacktrace]
#0 C:/laragon/www/APK_POS-sahla/APK_POS-sahla/vendor/laravel/framework/src/Illuminate/Database/Connection.php(999): Illuminate/Database/Connection->runQueryCallback('select * from `...', Array, Object(Closure))
#1 C:/laragon/www/APK_POS-sahla/APK_POS-sahla/vendor/laravel/framework/src/Illuminate/Database/Connection.php(978): Illuminate/Database/Connection->tryAgainIfCausedByLostConnection(Object(Illuminate/Database/QueryException), 'select * from `...', Array, Object(Closure))
#2 C:/laragon/www/APK_POS-sahla/APK_POS-sahla/vendor/laravel/framework/src/Illuminate/Database/Connection.php(796): Illuminate/Database/Connection->handleQueryException(Object(Illuminate/Database/QueryException), 'select * from `...', Array, Object(Closure))
#3 C:/laragon/www/APK_POS-sahla/APK_POS-sahla/vendor/laravel/framework/src/Illuminate/Database/Connection.php(411): Illuminate/Database/Connection->run('select * from `...', Array, Object(Closure))
#4 C:/laragon/www/APK_POS-sahla/APK_POS-sahla/vendor/laravel/framework/src/Illuminate/Database/Query/Builder.php(3505): Illuminate/Database/Connection->select('select * from `...', Array, false)
#5 C:/laragon/www/APK_POS-sahla/APK_POS-sahla/vendor/laravel/framework/src/Illuminate/Database/Query/Builder.php(3490): Illuminate/Database/Query/Builder->runSelect()
#6 C:/laragon/www/APK_POS-sahla/APK_POS-sahla/vendor/laravel/framework/src/Illuminate/Database/Query/Builder.php(4080): Illuminate/Database/Query/Builder->Illuminate/Database/Query/{closure}()
#7 C:/laragon/www/APK_POS-sahla/APK_POS-sahla/vendor/laravel/framework/src/Illuminate/Database/Query/Builder.php(3489): Illuminate/Database/Query/Builder->onceWithColumns(Array, Object(Closure))
#8 C:/laragon/www/APK_POS-sahla/APK_POS-sahla/vendor/laravel/framework/src/Illuminate/Database/Concerns/BuildsQueries.php(366): Illuminate/Database/Query/Builder->get(Array)
#9 C:/laragon/www/APK_POS-sahla/APK_POS-sahla/vendor/laravel/framework/src/Illuminate/Database/Query/Builder.php(3412): Illuminate/Database/Query/Builder->first(Array)
#10 C:/laragon/www/APK_POS-sahla/APK_POS-sahla/vendor/laravel/framework/src/Illuminate/Session/DatabaseSessionHandler.php(96): Illuminate/Database/Query/Builder->find('bpnay6E5yfl1wk0...')
#11 C:/laragon/www/APK_POS-sahla/APK_POS-sahla/vendor/laravel/framework/src/Illuminate/Session/Store.php(128): Illuminate/Session/DatabaseSessionHandler->read('bpnay6E5yfl1wk0...')
#12 C:/laragon/www/APK_POS-sahla/APK_POS-sahla/vendor/laravel/framework/src/Illuminate/Session/Store.php(116): Illuminate/Session/Store->readFromHandler()
#13 C:/laragon/www/APK_POS-sahla/APK_POS-sahla/vendor/laravel/framework/src/Illuminate/Session/Store.php(100): Illuminate/Session/Store->loadSession()
#14 C:/laragon/www/APK_POS-sahla/APK_POS-sahla/vendor/laravel/framework/src/Illuminate/Session/Middleware/StartSession.php(146): Illuminate/Session/Store->start()
#15 C:/laragon/www/APK_POS-sahla/APK_POS-sahla/vendor/laravel/framework/src/Illuminate/Support/helpers.php(393): Illuminate/Session/Middleware/StartSession->Illuminate/Session/Middleware/{closure}(Object(Illuminate/Session/Store))
#16 C:/laragon/www/APK_POS-sahla/APK_POS-sahla/vendor/laravel/framework/src/Illuminate/Session/Middleware/StartSession.php(143): tap(Object(Illuminate/Session/Store), Object(Closure))
#17 C:/laragon/www/APK_POS-sahla/APK_POS-sahla/vendor/laravel/framework/src/Illuminate/Session/Middleware/StartSession.php(115): Illuminate/Session/Middleware/StartSession->startSession(Object(Illuminate/Http/Request), Object(Illuminate/Session/Store))
#18 C:/laragon/www/APK_POS-sahla/APK_POS-sahla/vendor/laravel/framework/src/Illuminate/Session/Middleware/StartSession.php(63): Illuminate/Session/Middleware/StartSession->handleStatefulRequest(Object(Illuminate/Http/Request), Object(Illuminate/Session/Store), Object(Closure))
#19 C:/laragon/www/APK_POS-sahla/APK_POS-sahla/vendor/laravel/framework/src/Illuminate/Pipeline/Pipeline.php(219): Illuminate/Session/Middleware/StartSession->handle(Object(Illuminate/Http/Request), Object(Closure))
#20 C:/laragon/www/APK_POS-sahla/APK_POS-sahla/vendor/laravel/framework/src/Illuminate/Cookie/Middleware/AddQueuedCookiesToResponse.php(36): Illuminate/Pipeline/Pipeline->Illuminate/Pipeline/{closure}(Object(Illuminate/Http/Request))
#21 C:/laragon/www/APK_POS-sahla/APK_POS-sahla/vendor/laravel/framework/src/Illuminate/Pipeline/Pipeline.php(219): Illuminate/Cookie/Middleware/AddQueuedCookiesToResponse->handle(Object(Illuminate/Http/Request), Object(Closure))
#22 C:/laragon/www/APK_POS-sahla/APK_POS-sahla/vendor/laravel/framework/src/Illuminate/Cookie/Middleware/EncryptCookies.php(74): Illuminate/Pipeline/Pipeline->Illuminate/Pipeline/{closure}(Object(Illuminate/Http/Request))
#23 C:/laragon/www/APK_POS-sahla/APK_POS-sahla/vendor/laravel/framework/src/Illuminate/Pipeline/Pipeline.php(219): Illuminate/Cookie/Middleware/EncryptCookies->handle(Object(Illuminate/Http/Request), Object(Closure))
#24 C:/laragon/www/APK_POS-sahla/APK_POS-sahla/vendor/laravel/framework/src/Illuminate/Pipeline/Pipeline.php(137): Illuminate/Pipeline/Pipeline->Illuminate/Pipeline/{closure}(Object(Illuminate/Http/Request))
#25 C:/laragon/www/APK_POS-sahla/APK_POS-sahla/vendor/laravel/framework/src/Illuminate/Routing/Router.php(821): Illuminate/Pipeline/Pipeline->then(Object(Closure))
#26 C:/laragon/www/APK_POS-sahla/APK_POS-sahla/vendor/laravel/framework/src/Illuminate/Routing/Router.php(800): Illuminate/Routing/Router->runRouteWithinStack(Object(Illuminate/Routing/Route), Object(Illuminate/Http/Request))
#27 C:/laragon/www/APK_POS-sahla/APK_POS-sahla/vendor/laravel/framework/src/Illuminate/Routing/Router.php(764): Illuminate/Routing/Router->runRoute(Object(Illuminate/Http/Request), Object(Illuminate/Routing/Route))
#28 C:/laragon/www/APK_POS-sahla/APK_POS-sahla/vendor/laravel/framework/src/Illuminate/Routing/Router.php(753): Illuminate/Routing/Router->dispatchToRoute(Object(Illuminate/Http/Request))
#29 C:/laragon/www/APK_POS-sahla/APK_POS-sahla/vendor/laravel/framework/src/Illuminate/Foundation/Http/Kernel.php(200): Illuminate/Routing/Router->dispatch(Object(Illuminate/Http/Request))
#30 C:/laragon/www/APK_POS-sahla/APK_POS-sahla/vendor/laravel/framework/src/Illuminate/Pipeline/Pipeline.php(180): Illuminate/Foundation/Http/Kernel->Illuminate/Foundation/Http/{closure}(Object(Illuminate/Http/Request))
#31 C:/laragon/www/APK_POS-sahla/APK_POS-sahla/vendor/laravel/framework/src/Illuminate/Foundation/Http/Middleware/TransformsRequest.php(21): Illuminate/Pipeline/Pipeline->Illuminate/Pipeline/{closure}(Object(Illuminate/Http/Request))
#32 C:/laragon/www/APK_POS-sahla/APK_POS-sahla/vendor/laravel/framework/src/Illuminate/Foundation/Http/Middleware/ConvertEmptyStringsToNull.php(31): Illuminate/Foundation/Http/Middleware/TransformsRequest->handle(Object(Illuminate/Http/Request), Object(Closure))
#33 C:/laragon/www/APK_POS-sahla/APK_POS-sahla/vendor/laravel/framework/src/Illuminate/Pipeline/Pipeline.php(219): Illuminate/Foundation/Http/Middleware/ConvertEmptyStringsToNull->handle(Object(Illuminate/Http/Request), Object(Closure))
#34 C:/laragon/www/APK_POS-sahla/APK_POS-sahla/vendor/laravel/framework/src/Illuminate/Foundation/Http/Middleware/TransformsRequest.php(21): Illuminate/Pipeline/Pipeline->Illuminate/Pipeline/{closure}(Object(Illuminate/Http/Request))
#35 C:/laragon/www/APK_POS-sahla/APK_POS-sahla/vendor/laravel/framework/src/Illuminate/Foundation/Http/Middleware/TrimStrings.php(51): Illuminate/Foundation/Http/Middleware/TransformsRequest->handle(Object(Illuminate/Http/Request), Object(Closure))
#36 C:/laragon/www/APK_POS-sahla/APK_POS-sahla/vendor/laravel/framework/src/Illuminate/Pipeline/Pipeline.php(219): Illuminate/Foundation/Http/Middleware/TrimStrings->handle(Object(Illuminate/Http/Request), Object(Closure))
#37 C:/laragon/www/APK_POS-sahla/APK_POS-sahla/vendor/laravel/framework/src/Illuminate/Http/Middleware/ValidatePostSize.php(27): Illuminate/Pipeline/Pipeline->Illuminate/Pipeline/{closure}(Object(Illuminate/Http/Request))
#38 C:/laragon/www/APK_POS-sahla/APK_POS-sahla/vendor/laravel/framework/src/Illuminate/Pipeline/Pipeline.php(219): Illuminate/Http/Middleware/ValidatePostSize->handle(Object(Illuminate/Http/Request), Object(Closure))
#39 C:/laragon/www/APK_POS-sahla/APK_POS-sahla/vendor/laravel/framework/src/Illuminate/Foundation/Http/Middleware/PreventRequestsDuringMaintenance.php(109): Illuminate/Pipeline/Pipeline->Illuminate/Pipeline/{closure}(Object(Illuminate/Http/Request))
#40 C:/laragon/www/APK_POS-sahla/APK_POS-sahla/vendor/laravel/framework/src/Illuminate/Pipeline/Pipeline.php(219): Illuminate/Foundation/Http/Middleware/PreventRequestsDuringMaintenance->handle(Object(Illuminate/Http/Request), Object(Closure))
#41 C:/laragon/www/APK_POS-sahla/APK_POS-sahla/vendor/laravel/framework/src/Illuminate/Http/Middleware/HandleCors.php(61): Illuminate/Pipeline/Pipeline->Illuminate/Pipeline/{closure}(Object(Illuminate/Http/Request))
#42 C:/laragon/www/APK_POS-sahla/APK_POS-sahla/vendor/laravel/framework/src/Illuminate/Pipeline/Pipeline.php(219): Illuminate/Http/Middleware/HandleCors->handle(Object(Illuminate/Http/Request), Object(Closure))
#43 C:/laragon/www/APK_POS-sahla/APK_POS-sahla/vendor/laravel/framework/src/Illuminate/Http/Middleware/TrustProxies.php(58): Illuminate/Pipeline/Pipeline->Illuminate/Pipeline/{closure}(Object(Illuminate/Http/Request))
#44 C:/laragon/www/APK_POS-sahla/APK_POS-sahla/vendor/laravel/framework/src/Illuminate/Pipeline/Pipeline.php(219): Illuminate/Http/Middleware/TrustProxies->handle(Object(Illuminate/Http/Request), Object(Closure))
#45 C:/laragon/www/APK_POS-sahla/APK_POS-sahla/vendor/laravel/framework/src/Illuminate/Foundation/Http/Middleware/InvokeDeferredCallbacks.php(22): Illuminate/Pipeline/Pipeline->Illuminate/Pipeline/{closure}(Object(Illuminate/Http/Request))
#46 C:/laragon/www/APK_POS-sahla/APK_POS-sahla/vendor/laravel/framework/src/Illuminate/Pipeline/Pipeline.php(219): Illuminate/Foundation/Http/Middleware/InvokeDeferredCallbacks->handle(Object(Illuminate/Http/Request), Object(Closure))
#47 C:/laragon/www/APK_POS-sahla/APK_POS-sahla/vendor/laravel/framework/src/Illuminate/Http/Middleware/ValidatePathEncoding.php(26): Illuminate/Pipeline/Pipeline->Illuminate/Pipeline/{closure}(Object(Illuminate/Http/Request))
#48 C:/laragon/www/APK_POS-sahla/APK_POS-sahla/vendor/laravel/framework/src/Illuminate/Pipeline/Pipeline.php(219): Illuminate/Http/Middleware/ValidatePathEncoding->handle(Object(Illuminate/Http/Request), Object(Closure))
#49 C:/laragon/www/APK_POS-sahla/APK_POS-sahla/vendor/laravel/framework/src/Illuminate/Pipeline/Pipeline.php(137): Illuminate/Pipeline/Pipeline->Illuminate/Pipeline/{closure}(Object(Illuminate/Http/Request))
#50 C:/laragon/www/APK_POS-sahla/APK_POS-sahla/vendor/laravel/framework/src/Illuminate/Foundation/Http/Kernel.php(175): Illuminate/Pipeline/Pipeline->then(Object(Closure))
#51 C:/laragon/www/APK_POS-sahla/APK_POS-sahla/vendor/laravel/framework/src/Illuminate/Foundation/Http/Kernel.php(144): Illuminate/Foundation/Http/Kernel->sendRequestThroughRouter(Object(Illuminate/Http/Request))
#52 C:/laragon/www/APK_POS-sahla/APK_POS-sahla/vendor/laravel/framework/src/Illuminate/Foundation/Application.php(1220): Illuminate/Foundation/Http/Kernel->handle(Object(Illuminate/Http/Request))
#53 C:/laragon/www/APK_POS-sahla/APK_POS-sahla/public/index.php(20): Illuminate/Foundation/Application->handleRequest(Object(Illuminate/Http/Request))
#54 C:/laragon/www/APK_POS-sahla/APK_POS-sahla/vendor/laravel/framework/src/Illuminate/Foundation/resources/server.php(23): require_once('C://laragon//www//...')
#55 {main}

[previous exception] [object] (PDOException(code: 2002): SQLSTATE[HY000] [2002] No connection could be made because the target machine actively refused it at C:/laragon/www/APK_POS-sahla/APK_POS-sahla/vendor/laravel/framework/src/Illuminate/Database/Connectors/Connector.php:66)
[stacktrace]
#0 C:/laragon/www/APK_POS-sahla/APK_POS-sahla/vendor/laravel/framework/src/Illuminate/Database/Connectors/Connector.php(66): PDO->__construct('mysql:host=127....', 'root', Object(SensitiveParameterValue), Array)
#1 C:/laragon/www/APK_POS-sahla/APK_POS-sahla/vendor/laravel/framework/src/Illuminate/Database/Connectors/Connector.php(85): Illuminate/Database/Connectors/Connector->createPdoConnection('mysql:host=127....', 'root', Object(SensitiveParameterValue), Array)
#2 C:/laragon/www/APK_POS-sahla/APK_POS-sahla/vendor/laravel/framework/src/Illuminate/Database/Connectors/Connector.php(48): Illuminate/Database/Connectors/Connector->tryAgainIfCausedByLostConnection(Object(PDOException), 'mysql:host=127....', 'root', Object(SensitiveParameterValue), Array)
#3 C:/laragon/www/APK_POS-sahla/APK_POS-sahla/vendor/laravel/framework/src/Illuminate/Database/Connectors/MySqlConnector.php(24): Illuminate/Database/Connectors/Connector->createConnection('mysql:host=127....', Array, Array)
#4 C:/laragon/www/APK_POS-sahla/APK_POS-sahla/vendor/laravel/framework/src/Illuminate/Database/Connectors/ConnectionFactory.php(186): Illuminate/Database/Connectors/MySqlConnector->connect(Array)
#5 [internal function]: Illuminate/Database/Connectors/ConnectionFactory->Illuminate/Database/Connectors/{closure}()
#6 C:/laragon/www/APK_POS-sahla/APK_POS-sahla/vendor/laravel/framework/src/Illuminate/Database/Connection.php(1257): call_user_func(Object(Closure))
#7 C:/laragon/www/APK_POS-sahla/APK_POS-sahla/vendor/laravel/framework/src/Illuminate/Database/Connection.php(525): Illuminate/Database/Connection->getPdo()
#8 C:/laragon/www/APK_POS-sahla/APK_POS-sahla/vendor/laravel/framework/src/Illuminate/Database/Connection.php(420): Illuminate/Database/Connection->getPdoForSelect(false)
#9 C:/laragon/www/APK_POS-sahla/APK_POS-sahla/vendor/laravel/framework/src/Illuminate/Database/Connection.php(827): Illuminate/Database/Connection->Illuminate/Database/{closure}('select * from `...', Array)
#10 C:/laragon/www/APK_POS-sahla/APK_POS-sahla/vendor/laravel/framework/src/Illuminate/Database/Connection.php(999): Illuminate/Database/Connection->runQueryCallback('select * from `...', Array, Object(Closure))
#11 C:/laragon/www/APK_POS-sahla/APK_POS-sahla/vendor/laravel/framework/src/Illuminate/Database/Connection.php(978): Illuminate/Database/Connection->tryAgainIfCausedByLostConnection(Object(Illuminate/Database/QueryException), 'select * from `...', Array, Object(Closure))
#12 C:/laragon/www/APK_POS-sahla/APK_POS-sahla/vendor/laravel/framework/src/Illuminate/Database/Connection.php(796): Illuminate/Database/Connection->handleQueryException(Object(Illuminate/Database/QueryException), 'select * from `...', Array, Object(Closure))
#13 C:/laragon/www/APK_POS-sahla/APK_POS-sahla/vendor/laravel/framework/src/Illuminate/Database/Connection.php(411): Illuminate/Database/Connection->run('select * from `...', Array, Object(Closure))
#14 C:/laragon/www/APK_POS-sahla/APK_POS-sahla/vendor/laravel/framework/src/Illuminate/Database/Query/Builder.php(3505): Illuminate/Database/Connection->select('select * from `...', Array, false)
#15 C:/laragon/www/APK_POS-sahla/APK_POS-sahla/vendor/laravel/framework/src/Illuminate/Database/Query/Builder.php(3490): Illuminate/Database/Query/Builder->runSelect()
#16 C:/laragon/www/APK_POS-sahla/APK_POS-sahla/vendor/laravel/framework/src/Illuminate/Database/Query/Builder.php(4080): Illuminate/Database/Query/Builder->Illuminate/Database/Query/{closure}()
#17 C:/laragon/www/APK_POS-sahla/APK_POS-sahla/vendor/laravel/framework/src/Illuminate/Database/Query/Builder.php(3489): Illuminate/Database/Query/Builder->onceWithColumns(Array, Object(Closure))
#18 C:/laragon/www/APK_POS-sahla/APK_POS-sahla/vendor/laravel/framework/src/Illuminate/Database/Concerns/BuildsQueries.php(366): Illuminate/Database/Query/Builder->get(Array)
#19 C:/laragon/www/APK_POS-sahla/APK_POS-sahla/vendor/laravel/framework/src/Illuminate/Database/Query/Builder.php(3412): Illuminate/Database/Query/Builder->first(Array)
#20 C:/laragon/www/APK_POS-sahla/APK_POS-sahla/vendor/laravel/framework/src/Illuminate/Session/DatabaseSessionHandler.php(96): Illuminate/Database/Query/Builder->find('bpnay6E5yfl1wk0...')
#21 C:/laragon/www/APK_POS-sahla/APK_POS-sahla/vendor/laravel/framework/src/Illuminate/Session/Store.php(128): Illuminate/Session/DatabaseSessionHandler->read('bpnay6E5yfl1wk0...')
#22 C:/laragon/www/APK_POS-sahla/APK_POS-sahla/vendor/laravel/framework/src/Illuminate/Session/Store.php(116): Illuminate/Session/Store->readFromHandler()
#23 C:/laragon/www/APK_POS-sahla/APK_POS-sahla/vendor/laravel/framework/src/Illuminate/Session/Store.php(100): Illuminate/Session/Store->loadSession()
#24 C:/laragon/www/APK_POS-sahla/APK_POS-sahla/vendor/laravel/framework/src/Illuminate/Session/Middleware/StartSession.php(146): Illuminate/Session/Store->start()
#25 C:/laragon/www/APK_POS-sahla/APK_POS-sahla/vendor/laravel/framework/src/Illuminate/Support/helpers.php(393): Illuminate/Session/Middleware/StartSession->Illuminate/Session/Middleware/{closure}(Object(Illuminate/Session/Store))
#26 C:/laragon/www/APK_POS-sahla/APK_POS-sahla/vendor/laravel/framework/src/Illuminate/Session/Middleware/StartSession.php(143): tap(Object(Illuminate/Session/Store), Object(Closure))
#27 C:/laragon/www/APK_POS-sahla/APK_POS-sahla/vendor/laravel/framework/src/Illuminate/Session/Middleware/StartSession.php(115): Illuminate/Session/Middleware/StartSession->startSession(Object(Illuminate/Http/Request), Object(Illuminate/Session/Store))
#28 C:/laragon/www/APK_POS-sahla/APK_POS-sahla/vendor/laravel/framework/src/Illuminate/Session/Middleware/StartSession.php(63): Illuminate/Session/Middleware/StartSession->handleStatefulRequest(Object(Illuminate/Http/Request), Object(Illuminate/Session/Store), Object(Closure))
#29 C:/laragon/www/APK_POS-sahla/APK_POS-sahla/vendor/laravel/framework/src/Illuminate/Pipeline/Pipeline.php(219): Illuminate/Session/Middleware/StartSession->handle(Object(Illuminate/Http/Request), Object(Closure))
#30 C:/laragon/www/APK_POS-sahla/APK_POS-sahla/vendor/laravel/framework/src/Illuminate/Cookie/Middleware/AddQueuedCookiesToResponse.php(36): Illuminate/Pipeline/Pipeline->Illuminate/Pipeline/{closure}(Object(Illuminate/Http/Request))
#31 C:/laragon/www/APK_POS-sahla/APK_POS-sahla/vendor/laravel/framework/src/Illuminate/Pipeline/Pipeline.php(219): Illuminate/Cookie/Middleware/AddQueuedCookiesToResponse->handle(Object(Illuminate/Http/Request), Object(Closure))
#32 C:/laragon/www/APK_POS-sahla/APK_POS-sahla/vendor/laravel/framework/src/Illuminate/Cookie/Middleware/EncryptCookies.php(74): Illuminate/Pipeline/Pipeline->Illuminate/Pipeline/{closure}(Object(Illuminate/Http/Request))
#33 C:/laragon/www/APK_POS-sahla/APK_POS-sahla/vendor/laravel/framework/src/Illuminate/Pipeline/Pipeline.php(219): Illuminate/Cookie/Middleware/EncryptCookies->handle(Object(Illuminate/Http/Request), Object(Closure))
#34 C:/laragon/www/APK_POS-sahla/APK_POS-sahla/vendor/laravel/framework/src/Illuminate/Pipeline/Pipeline.php(137): Illuminate/Pipeline/Pipeline->Illuminate/Pipeline/{closure}(Object(Illuminate/Http/Request))
#35 C:/laragon/www/APK_POS-sahla/APK_POS-sahla/vendor/laravel/framework/src/Illuminate/Routing/Router.php(821): Illuminate/Pipeline/Pipeline->then(Object(Closure))
#36 C:/laragon/www/APK_POS-sahla/APK_POS-sahla/vendor/laravel/framework/src/Illuminate/Routing/Router.php(800): Illuminate/Routing/Router->runRouteWithinStack(Object(Illuminate/Routing/Route), Object(Illuminate/Http/Request))
#37 C:/laragon/www/APK_POS-sahla/APK_POS-sahla/vendor/laravel/framework/src/Illuminate/Routing/Router.php(764): Illuminate/Routing/Router->runRoute(Object(Illuminate/Http/Request), Object(Illuminate/Routing/Route))
#38 C:/laragon/www/APK_POS-sahla/APK_POS-sahla/vendor/laravel/framework/src/Illuminate/Routing/Router.php(753): Illuminate/Routing/Router->dispatchToRoute(Object(Illuminate/Http/Request))
#39 C:/laragon/www/APK_POS-sahla/APK_POS-sahla/vendor/laravel/framework/src/Illuminate/Foundation/Http/Kernel.php(200): Illuminate/Routing/Router->dispatch(Object(Illuminate/Http/Request))
#40 C:/laragon/www/APK_POS-sahla/APK_POS-sahla/vendor/laravel/framework/src/Illuminate/Pipeline/Pipeline.php(180): Illuminate/Foundation/Http/Kernel->Illuminate/Foundation/Http/{closure}(Object(Illuminate/Http/Request))
#41 C:/laragon/www/APK_POS-sahla/APK_POS-sahla/vendor/laravel/framework/src/Illuminate/Foundation/Http/Middleware/TransformsRequest.php(21): Illuminate/Pipeline/Pipeline->Illuminate/Pipeline/{closure}(Object(Illuminate/Http/Request))
#42 C:/laragon/www/APK_POS-sahla/APK_POS-sahla/vendor/laravel/framework/src/Illuminate/Foundation/Http/Middleware/ConvertEmptyStringsToNull.php(31): Illuminate/Foundation/Http/Middleware/TransformsRequest->handle(Object(Illuminate/Http/Request), Object(Closure))
#43 C:/laragon/www/APK_POS-sahla/APK_POS-sahla/vendor/laravel/framework/src/Illuminate/Pipeline/Pipeline.php(219): Illuminate/Foundation/Http/Middleware/ConvertEmptyStringsToNull->handle(Object(Illuminate/Http/Request), Object(Closure))
#44 C:/laragon/www/APK_POS-sahla/APK_POS-sahla/vendor/laravel/framework/src/Illuminate/Foundation/Http/Middleware/TransformsRequest.php(21): Illuminate/Pipeline/Pipeline->Illuminate/Pipeline/{closure}(Object(Illuminate/Http/Request))
#45 C:/laragon/www/APK_POS-sahla/APK_POS-sahla/vendor/laravel/framework/src/Illuminate/Foundation/Http/Middleware/TrimStrings.php(51): Illuminate/Foundation/Http/Middleware/TransformsRequest->handle(Object(Illuminate/Http/Request), Object(Closure))
#46 C:/laragon/www/APK_POS-sahla/APK_POS-sahla/vendor/laravel/framework/src/Illuminate/Pipeline/Pipeline.php(219): Illuminate/Foundation/Http/Middleware/TrimStrings->handle(Object(Illuminate/Http/Request), Object(Closure))
#47 C:/laragon/www/APK_POS-sahla/APK_POS-sahla/vendor/laravel/framework/src/Illuminate/Http/Middleware/ValidatePostSize.php(27): Illuminate/Pipeline/Pipeline->Illuminate/Pipeline/{closure}(Object(Illuminate/Http/Request))
#48 C:/laragon/www/APK_POS-sahla/APK_POS-sahla/vendor/laravel/framework/src/Illuminate/Pipeline/Pipeline.php(219): Illuminate/Http/Middleware/ValidatePostSize->handle(Object(Illuminate/Http/Request), Object(Closure))
#49 C:/laragon/www/APK_POS-sahla/APK_POS-sahla/vendor/laravel/framework/src/Illuminate/Foundation/Http/Middleware/PreventRequestsDuringMaintenance.php(109): Illuminate/Pipeline/Pipeline->Illuminate/Pipeline/{closure}(Object(Illuminate/Http/Request))
#50 C:/laragon/www/APK_POS-sahla/APK_POS-sahla/vendor/laravel/framework/src/Illuminate/Pipeline/Pipeline.php(219): Illuminate/Foundation/Http/Middleware/PreventRequestsDuringMaintenance->handle(Object(Illuminate/Http/Request), Object(Closure))
#51 C:/laragon/www/APK_POS-sahla/APK_POS-sahla/vendor/laravel/framework/src/Illuminate/Http/Middleware/HandleCors.php(61): Illuminate/Pipeline/Pipeline->Illuminate/Pipeline/{closure}(Object(Illuminate/Http/Request))
#52 C:/laragon/www/APK_POS-sahla/APK_POS-sahla/vendor/laravel/framework/src/Illuminate/Pipeline/Pipeline.php(219): Illuminate/Http/Middleware/HandleCors->handle(Object(Illuminate/Http/Request), Object(Closure))
#53 C:/laragon/www/APK_POS-sahla/APK_POS-sahla/vendor/laravel/framework/src/Illuminate/Http/Middleware/TrustProxies.php(58): Illuminate/Pipeline/Pipeline->Illuminate/Pipeline/{closure}(Object(Illuminate/Http/Request))
#54 C:/laragon/www/APK_POS-sahla/APK_POS-sahla/vendor/laravel/framework/src/Illuminate/Pipeline/Pipeline.php(219): Illuminate/Http/Middleware/TrustProxies->handle(Object(Illuminate/Http/Request), Object(Closure))
#55 C:/laragon/www/APK_POS-sahla/APK_POS-sahla/vendor/laravel/framework/src/Illuminate/Foundation/Http/Middleware/InvokeDeferredCallbacks.php(22): Illuminate/Pipeline/Pipeline->Illuminate/Pipeline/{closure}(Object(Illuminate/Http/Request))
#56 C:/laragon/www/APK_POS-sahla/APK_POS-sahla/vendor/laravel/framework/src/Illuminate/Pipeline/Pipeline.php(219): Illuminate/Foundation/Http/Middleware/InvokeDeferredCallbacks->handle(Object(Illuminate/Http/Request), Object(Closure))
#57 C:/laragon/www/APK_POS-sahla/APK_POS-sahla/vendor/laravel/framework/src/Illuminate/Http/Middleware/ValidatePathEncoding.php(26): Illuminate/Pipeline/Pipeline->Illuminate/Pipeline/{closure}(Object(Illuminate/Http/Request))
#58 C:/laragon/www/APK_POS-sahla/APK_POS-sahla/vendor/laravel/framework/src/Illuminate/Pipeline/Pipeline.php(219): Illuminate/Http/Middleware/ValidatePathEncoding->handle(Object(Illuminate/Http/Request), Object(Closure))
#59 C:/laragon/www/APK_POS-sahla/APK_POS-sahla/vendor/laravel/framework/src/Illuminate/Pipeline/Pipeline.php(137): Illuminate/Pipeline/Pipeline->Illuminate/Pipeline/{closure}(Object(Illuminate/Http/Request))
#60 C:/laragon/www/APK_POS-sahla/APK_POS-sahla/vendor/laravel/framework/src/Illuminate/Foundation/Http/Kernel.php(175): Illuminate/Pipeline/Pipeline->then(Object(Closure))
#61 C:/laragon/www/APK_POS-sahla/APK_POS-sahla/vendor/laravel/framework/src/Illuminate/Foundation/Http/Kernel.php(144): Illuminate/Foundation/Http/Kernel->sendRequestThroughRouter(Object(Illuminate/Http/Request))
#62 C:/laragon/www/APK_POS-sahla/APK_POS-sahla/vendor/laravel/framework/src/Illuminate/Foundation/Application.php(1220): Illuminate/Foundation/Http/Kernel->handle(Object(Illuminate/Http/Request))
#63 C:/laragon/www/APK_POS-sahla/APK_POS-sahla/public/index.php(20): Illuminate/Foundation/Application->handleRequest(Object(Illuminate/Http/Request))
#64 C:/laragon/www/APK_POS-sahla/APK_POS-sahla/vendor/laravel/framework/src/Illuminate/Foundation/resources/server.php(23): require_once('C://laragon//www//...')
#65 {main}
"} 
[2026-08-12 03:58:50] local.ERROR: Uncaught ReflectionException: Class "App\Policies\ProdukPolicy" does not exist in Command line code:1
Stack trace:
#0 Command line code(1): ReflectionClass->__construct('App\\Policies\\Pr...')
#1 [internal function]: {closure}('App\\Policies\\Pr...', 'App\\Models\\Prod...')
#2 Command line code(1): array_map(Object(Closure), Array, Array)
#3 {main}
  thrown {"exception":"[object] (Symfony\\Component\\ErrorHandler\\Error\\FatalError(code: 0): Uncaught ReflectionException: Class \"App\\Policies\\ProdukPolicy\" does not exist in Command line code:1
Stack trace:
#0 Command line code(1): ReflectionClass->__construct('App\\\\Policies\\\\Pr...')
#1 [internal function]: {closure}('App\\\\Policies\\\\Pr...', 'App\\\\Models\\\\Prod...')
#2 Command line code(1): array_map(Object(Closure), Array, Array)
#3 {main}
  thrown at Command line code:1)
[stacktrace]
#0 {main}
"} 
[2026-08-12 03:59:50] local.ERROR: Uncaught ReflectionException: Class "App\Policies\ProdukPolicy" does not exist in Command line code:1
Stack trace:
#0 Command line code(1): ReflectionClass->__construct('App\\Policies\\Pr...')
#1 [internal function]: {closure}('App\\Policies\\Pr...', 'App\\Models\\Prod...')
#2 Command line code(1): array_map(Object(Closure), Array, Array)
#3 {main}
  thrown {"exception":"[object] (Symfony\\Component\\ErrorHandler\\Error\\FatalError(code: 0): Uncaught ReflectionException: Class \"App\\Policies\\ProdukPolicy\" does not exist in Command line code:1
Stack trace:
#0 Command line code(1): ReflectionClass->__construct('App\\\\Policies\\\\Pr...')
#1 [internal function]: {closure}('App\\\\Policies\\\\Pr...', 'App\\\\Models\\\\Prod...')
#2 Command line code(1): array_map(Object(Closure), Array, Array)
#3 {main}
  thrown at Command line code:1)
[stacktrace]
#0 {main}
"} 
[2026-08-12 04:00:50] local.ERROR: Uncaught ReflectionException: Class "App\Policies\ProdukPolicy" does not exist in Command line code:1
Stack trace:
#0 Command line code(1): ReflectionClass->__construct('App\\Policies\\Pr...')
#1 [internal function]: {closure}('App\\Policies\\Pr...', 'App\\Models\\Prod...')
#2 Command line code(1): array_map(Object(Closure), Array, Array)
#3 {main}
  thrown {"exception":"[object] (Symfony\\Component\\ErrorHandler\\Error\\FatalError(code: 0): Uncaught ReflectionException: Class \"App\\Policies\\ProdukPolicy\" does not exist in Command line code:1
Stack trace:
#0 Command line code(1): ReflectionClass->__construct('App\\\\Policies\\\\Pr...')
#1 [internal function]: {closure}('App\\\\Policies\\\\Pr...', 'App\\\\Models\\\\Prod...')
#2 Command line code(1): array_map(Object(Closure), Array, Array)
#3 {main}
  thrown at Command line code:1)
[stacktrace]
#0 {main}
"} 
[2026-08-12 04:01:50] local.ERROR: Uncaught ReflectionException: Class "App\Policies\ProdukPolicy" does not exist in Command line code:1
Stack trace:
#0 Command line code(1): ReflectionClass->__construct('App\\Policies\\Pr...')
#1 [internal function]: {closure}('App\\Policies\\Pr...', 'App\\Models\\Prod...')
#2 Command line code(1): array_map(Object(Closure), Array, Array)
#3 {main}
  thrown {"exception":"[object] (Symfony\\Component\\ErrorHandler\\Error\\FatalError(code: 0): Uncaught ReflectionException: Class \"App\\Policies\\ProdukPolicy\" does not exist in Command line code:1
Stack trace:
#0 Command line code(1): ReflectionClass->__construct('App\\\\Policies\\\\Pr...')
#1 [internal function]: {closure}('App\\\\Policies\\\\Pr...', 'App\\\\Models\\\\Prod...')
#2 Command line code(1): array_map(Object(Closure), Array, Array)
#3 {main}
  thrown at Command line code:1)
[stacktrace]
#0 {main}
"} 
[2026-08-12 04:02:50] local.ERROR: Uncaught ReflectionException: Class "App\Policies\ProdukPolicy" does not exist in Command line code:1
Stack trace:
#0 Command line code(1): ReflectionClass->__construct('App\\Policies\\Pr...')
#1 [internal function]: {closure}('App\\Policies\\Pr...', 'App\\Models\\Prod...')
#2 Command line code(1): array_map(Object(Closure), Array, Array)
#3 {main}
  thrown {"exception":"[object] (Symfony\\Component\\ErrorHandler\\Error\\FatalError(code: 0): Uncaught ReflectionException: Class \"App\\Policies\\ProdukPolicy\" does not exist in Command line code:1
Stack trace:
#0 Command line code(1): ReflectionClass->__construct('App\\\\Policies\\\\Pr...')
#1 [internal function]: {closure}('App\\\\Policies\\\\Pr...', 'App\\\\Models\\\\Prod...')
#2 Command line code(1): array_map(Object(Closure), Array, Array)
#3 {main}
  thrown at Command line code:1)
[stacktrace]
#0 {main}
"} 
[2026-08-12 04:03:50] local.ERROR: Uncaught ReflectionException: Class "App\Policies\ProdukPolicy" does not exist in Command line code:1
Stack trace:
#0 Command line code(1): ReflectionClass->__construct('App\\Policies\\Pr...')
#1 [internal function]: {closure}('App\\Policies\\Pr...', 'App\\Models\\Prod...')
#2 Command line code(1): array_map(Object(Closure), Array, Array)
#3 {main}
  thrown {"exception":"[object] (Symfony\\Component\\ErrorHandler\\Error\\FatalError(code: 0): Uncaught ReflectionException: Class \"App\\Policies\\ProdukPolicy\" does not exist in Command line code:1
Stack trace:
#0 Command line code(1): ReflectionClass->__construct('App\\\\Policies\\\\Pr...')
#1 [internal function]: {closure}('App\\\\Policies\\\\Pr...', 'App\\\\Models\\\\Prod...')
#2 Command line code(1): array_map(Object(Closure), Array, Array)
#3 {main}
  thrown at Command line code:1)
[stacktrace]
#0 {main}
"} 
[2026-08-12 04:04:50] local.ERROR: Uncaught ReflectionException: Class "App\Policies\ProdukPolicy" does not exist in Command line code:1
Stack trace:
#0 Command line code(1): ReflectionClass->__construct('App\\Policies\\Pr...')
#1 [internal function]: {closure}('App\\Policies\\Pr...', 'App\\Models\\Prod...')
#2 Command line code(1): array_map(Object(Closure), Array, Array)
#3 {main}
  thrown {"exception":"[object] (Symfony\\Component\\ErrorHandler\\Error\\FatalError(code: 0): Uncaught ReflectionException: Class \"App\\Policies\\ProdukPolicy\" does not exist in Command line code:1
Stack trace:
#0 Command line code(1): ReflectionClass->__construct('App\\\\Policies\\\\Pr...')
#1 [internal function]: {closure}('App\\\\Policies\\\\Pr...', 'App\\\\Models\\\\Prod...')
#2 Command line code(1): array_map(Object(Closure), Array, Array)
#3 {main}
  thrown at Command line code:1)
[stacktrace]
#0 {main}
"} 
[2026-08-12 04:05:51] local.ERROR: Uncaught ReflectionException: Class "App\Policies\ProdukPolicy" does not exist in Command line code:1
Stack trace:
#0 Command line code(1): ReflectionClass->__construct('App\\Policies\\Pr...')
#1 [internal function]: {closure}('App\\Policies\\Pr...', 'App\\Models\\Prod...')
#2 Command line code(1): array_map(Object(Closure), Array, Array)
#3 {main}
  thrown {"exception":"[object] (Symfony\\Component\\ErrorHandler\\Error\\FatalError(code: 0): Uncaught ReflectionException: Class \"App\\Policies\\ProdukPolicy\" does not exist in Command line code:1
Stack trace:
#0 Command line code(1): ReflectionClass->__construct('App\\\\Policies\\\\Pr...')
#1 [internal function]: {closure}('App\\\\Policies\\\\Pr...', 'App\\\\Models\\\\Prod...')
#2 Command line code(1): array_map(Object(Closure), Array, Array)
#3 {main}
  thrown at Command line code:1)
[stacktrace]
#0 {main}
"} 
[2026-08-12 04:06:50] local.ERROR: Uncaught ReflectionException: Class "App\Policies\ProdukPolicy" does not exist in Command line code:1
Stack trace:
#0 Command line code(1): ReflectionClass->__construct('App\\Policies\\Pr...')
#1 [internal function]: {closure}('App\\Policies\\Pr...', 'App\\Models\\Prod...')
#2 Command line code(1): array_map(Object(Closure), Array, Array)
#3 {main}
  thrown {"exception":"[object] (Symfony\\Component\\ErrorHandler\\Error\\FatalError(code: 0): Uncaught ReflectionException: Class \"App\\Policies\\ProdukPolicy\" does not exist in Command line code:1
Stack trace:
#0 Command line code(1): ReflectionClass->__construct('App\\\\Policies\\\\Pr...')
#1 [internal function]: {closure}('App\\\\Policies\\\\Pr...', 'App\\\\Models\\\\Prod...')
#2 Command line code(1): array_map(Object(Closure), Array, Array)
#3 {main}
  thrown at Command line code:1)
[stacktrace]
#0 {main}
"} 
[2026-08-12 04:07:50] local.ERROR: Uncaught ReflectionException: Class "App\Policies\ProdukPolicy" does not exist in Command line code:1
Stack trace:
#0 Command line code(1): ReflectionClass->__construct('App\\Policies\\Pr...')
#1 [internal function]: {closure}('App\\Policies\\Pr...', 'App\\Models\\Prod...')
#2 Command line code(1): array_map(Object(Closure), Array, Array)
#3 {main}
  thrown {"exception":"[object] (Symfony\\Component\\ErrorHandler\\Error\\FatalError(code: 0): Uncaught ReflectionException: Class \"App\\Policies\\ProdukPolicy\" does not exist in Command line code:1
Stack trace:
#0 Command line code(1): ReflectionClass->__construct('App\\\\Policies\\\\Pr...')
#1 [internal function]: {closure}('App\\\\Policies\\\\Pr...', 'App\\\\Models\\\\Prod...')
#2 Command line code(1): array_map(Object(Closure), Array, Array)
#3 {main}
  thrown at Command line code:1)
[stacktrace]
#0 {main}
"} 
[2026-08-12 04:08:50] local.ERROR: Uncaught ReflectionException: Class "App\Policies\ProdukPolicy" does not exist in Command line code:1
Stack trace:
#0 Command line code(1): ReflectionClass->__construct('App\\Policies\\Pr...')
#1 [internal function]: {closure}('App\\Policies\\Pr...', 'App\\Models\\Prod...')
#2 Command line code(1): array_map(Object(Closure), Array, Array)
#3 {main}
  thrown {"exception":"[object] (Symfony\\Component\\ErrorHandler\\Error\\FatalError(code: 0): Uncaught ReflectionException: Class \"App\\Policies\\ProdukPolicy\" does not exist in Command line code:1
Stack trace:
#0 Command line code(1): ReflectionClass->__construct('App\\\\Policies\\\\Pr...')
#1 [internal function]: {closure}('App\\\\Policies\\\\Pr...', 'App\\\\Models\\\\Prod...')
#2 Command line code(1): array_map(Object(Closure), Array, Array)
#3 {main}
  thrown at Command line code:1)
[stacktrace]
#0 {main}
"} 
[2026-08-12 04:09:50] local.ERROR: Uncaught ReflectionException: Class "App\Policies\ProdukPolicy" does not exist in Command line code:1
Stack trace:
#0 Command line code(1): ReflectionClass->__construct('App\\Policies\\Pr...')
#1 [internal function]: {closure}('App\\Policies\\Pr...', 'App\\Models\\Prod...')
#2 Command line code(1): array_map(Object(Closure), Array, Array)
#3 {main}
  thrown {"exception":"[object] (Symfony\\Component\\ErrorHandler\\Error\\FatalError(code: 0): Uncaught ReflectionException: Class \"App\\Policies\\ProdukPolicy\" does not exist in Command line code:1
Stack trace:
#0 Command line code(1): ReflectionClass->__construct('App\\\\Policies\\\\Pr...')
#1 [internal function]: {closure}('App\\\\Policies\\\\Pr...', 'App\\\\Models\\\\Prod...')
#2 Command line code(1): array_map(Object(Closure), Array, Array)
#3 {main}
  thrown at Command line code:1)
[stacktrace]
#0 {main}
"} 
[2026-08-12 04:10:51] local.ERROR: Uncaught ReflectionException: Class "App\Policies\ProdukPolicy" does not exist in Command line code:1
Stack trace:
#0 Command line code(1): ReflectionClass->__construct('App\\Policies\\Pr...')
#1 [internal function]: {closure}('App\\Policies\\Pr...', 'App\\Models\\Prod...')
#2 Command line code(1): array_map(Object(Closure), Array, Array)
#3 {main}
  thrown {"exception":"[object] (Symfony\\Component\\ErrorHandler\\Error\\FatalError(code: 0): Uncaught ReflectionException: Class \"App\\Policies\\ProdukPolicy\" does not exist in Command line code:1
Stack trace:
#0 Command line code(1): ReflectionClass->__construct('App\\\\Policies\\\\Pr...')
#1 [internal function]: {closure}('App\\\\Policies\\\\Pr...', 'App\\\\Models\\\\Prod...')
#2 Command line code(1): array_map(Object(Closure), Array, Array)
#3 {main}
  thrown at Command line code:1)
[stacktrace]
#0 {main}
"} 
[2026-08-12 04:11:51] local.ERROR: Uncaught ReflectionException: Class "App\Policies\ProdukPolicy" does not exist in Command line code:1
Stack trace:
#0 Command line code(1): ReflectionClass->__construct('App\\Policies\\Pr...')
#1 [internal function]: {closure}('App\\Policies\\Pr...', 'App\\Models\\Prod...')
#2 Command line code(1): array_map(Object(Closure), Array, Array)
#3 {main}
  thrown {"exception":"[object] (Symfony\\Component\\ErrorHandler\\Error\\FatalError(code: 0): Uncaught ReflectionException: Class \"App\\Policies\\ProdukPolicy\" does not exist in Command line code:1
Stack trace:
#0 Command line code(1): ReflectionClass->__construct('App\\\\Policies\\\\Pr...')
#1 [internal function]: {closure}('App\\\\Policies\\\\Pr...', 'App\\\\Models\\\\Prod...')
#2 Command line code(1): array_map(Object(Closure), Array, Array)
#3 {main}
  thrown at Command line code:1)
[stacktrace]
#0 {main}
"} 
[2026-08-12 04:12:50] local.ERROR: Uncaught ReflectionException: Class "App\Policies\ProdukPolicy" does not exist in Command line code:1
Stack trace:
#0 Command line code(1): ReflectionClass->__construct('App\\Policies\\Pr...')
#1 [internal function]: {closure}('App\\Policies\\Pr...', 'App\\Models\\Prod...')
#2 Command line code(1): array_map(Object(Closure), Array, Array)
#3 {main}
  thrown {"exception":"[object] (Symfony\\Component\\ErrorHandler\\Error\\FatalError(code: 0): Uncaught ReflectionException: Class \"App\\Policies\\ProdukPolicy\" does not exist in Command line code:1
Stack trace:
#0 Command line code(1): ReflectionClass->__construct('App\\\\Policies\\\\Pr...')
#1 [internal function]: {closure}('App\\\\Policies\\\\Pr...', 'App\\\\Models\\\\Prod...')
#2 Command line code(1): array_map(Object(Closure), Array, Array)
#3 {main}
  thrown at Command line code:1)
[stacktrace]
#0 {main}
"} 
[2026-08-12 04:13:50] local.ERROR: Uncaught ReflectionException: Class "App\Policies\ProdukPolicy" does not exist in Command line code:1
Stack trace:
#0 Command line code(1): ReflectionClass->__construct('App\\Policies\\Pr...')
#1 [internal function]: {closure}('App\\Policies\\Pr...', 'App\\Models\\Prod...')
#2 Command line code(1): array_map(Object(Closure), Array, Array)
#3 {main}
  thrown {"exception":"[object] (Symfony\\Component\\ErrorHandler\\Error\\FatalError(code: 0): Uncaught ReflectionException: Class \"App\\Policies\\ProdukPolicy\" does not exist in Command line code:1
Stack trace:
#0 Command line code(1): ReflectionClass->__construct('App\\\\Policies\\\\Pr...')
#1 [internal function]: {closure}('App\\\\Policies\\\\Pr...', 'App\\\\Models\\\\Prod...')
#2 Command line code(1): array_map(Object(Closure), Array, Array)
#3 {main}
  thrown at Command line code:1)
[stacktrace]
#0 {main}
"} 
[2026-08-12 04:14:09] local.ERROR: Namespace declaration statement has to be the very first statement or after any declare call in the script {"exception":"[object] (Symfony\\Component\\ErrorHandler\\Error\\FatalError(code: 0): Namespace declaration statement has to be the very first statement or after any declare call in the script at C:/laragon/www/pos_sahla/app/Models/Jenis.php:4)
[stacktrace]
#0 {main}
"} 
[2026-08-12 04:14:25] local.ERROR: Namespace declaration statement has to be the very first statement or after any declare call in the script {"exception":"[object] (Symfony\\Component\\ErrorHandler\\Error\\FatalError(code: 0): Namespace declaration statement has to be the very first statement or after any declare call in the script at C:/laragon/www/pos_sahla/app/Models/Jenis.php:4)
[stacktrace]
#0 {main}
"} 
[2026-08-12 04:14:50] local.ERROR: Uncaught ReflectionException: Class "App\Policies\ProdukPolicy" does not exist in Command line code:1
Stack trace:
#0 Command line code(1): ReflectionClass->__construct('App\\Policies\\Pr...')
#1 [internal function]: {closure}('App\\Policies\\Pr...', 'App\\Models\\Prod...')
#2 Command line code(1): array_map(Object(Closure), Array, Array)
#3 {main}
  thrown {"exception":"[object] (Symfony\\Component\\ErrorHandler\\Error\\FatalError(code: 0): Uncaught ReflectionException: Class \"App\\Policies\\ProdukPolicy\" does not exist in Command line code:1
Stack trace:
#0 Command line code(1): ReflectionClass->__construct('App\\\\Policies\\\\Pr...')
#1 [internal function]: {closure}('App\\\\Policies\\\\Pr...', 'App\\\\Models\\\\Prod...')
#2 Command line code(1): array_map(Object(Closure), Array, Array)
#3 {main}
  thrown at Command line code:1)
[stacktrace]
#0 {main}
"} 
[2026-08-12 04:15:50] local.ERROR: Uncaught ReflectionException: Class "App\Policies\ProdukPolicy" does not exist in Command line code:1
Stack trace:
#0 Command line code(1): ReflectionClass->__construct('App\\Policies\\Pr...')
#1 [internal function]: {closure}('App\\Policies\\Pr...', 'App\\Models\\Prod...')
#2 Command line code(1): array_map(Object(Closure), Array, Array)
#3 {main}
  thrown {"exception":"[object] (Symfony\\Component\\ErrorHandler\\Error\\FatalError(code: 0): Uncaught ReflectionException: Class \"App\\Policies\\ProdukPolicy\" does not exist in Command line code:1
Stack trace:
#0 Command line code(1): ReflectionClass->__construct('App\\\\Policies\\\\Pr...')
#1 [internal function]: {closure}('App\\\\Policies\\\\Pr...', 'App\\\\Models\\\\Prod...')
#2 Command line code(1): array_map(Object(Closure), Array, Array)
#3 {main}
  thrown at Command line code:1)
[stacktrace]
#0 {main}
"} 
[2026-08-12 04:16:50] local.ERROR: Uncaught ReflectionException: Class "App\Policies\ProdukPolicy" does not exist in Command line code:1
Stack trace:
#0 Command line code(1): ReflectionClass->__construct('App\\Policies\\Pr...')
#1 [internal function]: {closure}('App\\Policies\\Pr...', 'App\\Models\\Prod...')
#2 Command line code(1): array_map(Object(Closure), Array, Array)
#3 {main}
  thrown {"exception":"[object] (Symfony\\Component\\ErrorHandler\\Error\\FatalError(code: 0): Uncaught ReflectionException: Class \"App\\Policies\\ProdukPolicy\" does not exist in Command line code:1
Stack trace:
#0 Command line code(1): ReflectionClass->__construct('App\\\\Policies\\\\Pr...')
#1 [internal function]: {closure}('App\\\\Policies\\\\Pr...', 'App\\\\Models\\\\Prod...')
#2 Command line code(1): array_map(Object(Closure), Array, Array)
#3 {main}
  thrown at Command line code:1)
[stacktrace]
#0 {main}
"} 
[2026-08-12 04:17:50] local.ERROR: Uncaught ReflectionException: Class "App\Policies\ProdukPolicy" does not exist in Command line code:1
Stack trace:
#0 Command line code(1): ReflectionClass->__construct('App\\Policies\\Pr...')
#1 [internal function]: {closure}('App\\Policies\\Pr...', 'App\\Models\\Prod...')
#2 Command line code(1): array_map(Object(Closure), Array, Array)
#3 {main}
  thrown {"exception":"[object] (Symfony\\Component\\ErrorHandler\\Error\\FatalError(code: 0): Uncaught ReflectionException: Class \"App\\Policies\\ProdukPolicy\" does not exist in Command line code:1
Stack trace:
#0 Command line code(1): ReflectionClass->__construct('App\\\\Policies\\\\Pr...')
#1 [internal function]: {closure}('App\\\\Policies\\\\Pr...', 'App\\\\Models\\\\Prod...')
#2 Command line code(1): array_map(Object(Closure), Array, Array)
#3 {main}
  thrown at Command line code:1)
[stacktrace]
#0 {main}
"} 
[2026-08-12 04:18:50] local.ERROR: Uncaught ReflectionException: Class "App\Policies\ProdukPolicy" does not exist in Command line code:1
Stack trace:
#0 Command line code(1): ReflectionClass->__construct('App\\Policies\\Pr...')
#1 [internal function]: {closure}('App\\Policies\\Pr...', 'App\\Models\\Prod...')
#2 Command line code(1): array_map(Object(Closure), Array, Array)
#3 {main}
  thrown {"exception":"[object] (Symfony\\Component\\ErrorHandler\\Error\\FatalError(code: 0): Uncaught ReflectionException: Class \"App\\Policies\\ProdukPolicy\" does not exist in Command line code:1
Stack trace:
#0 Command line code(1): ReflectionClass->__construct('App\\\\Policies\\\\Pr...')
#1 [internal function]: {closure}('App\\\\Policies\\\\Pr...', 'App\\\\Models\\\\Prod...')
#2 Command line code(1): array_map(Object(Closure), Array, Array)
#3 {main}
  thrown at Command line code:1)
[stacktrace]
#0 {main}
"} 
[2026-08-12 04:19:50] local.ERROR: Uncaught ReflectionException: Class "App\Policies\ProdukPolicy" does not exist in Command line code:1
Stack trace:
#0 Command line code(1): ReflectionClass->__construct('App\\Policies\\Pr...')
#1 [internal function]: {closure}('App\\Policies\\Pr...', 'App\\Models\\Prod...')
#2 Command line code(1): array_map(Object(Closure), Array, Array)
#3 {main}
  thrown {"exception":"[object] (Symfony\\Component\\ErrorHandler\\Error\\FatalError(code: 0): Uncaught ReflectionException: Class \"App\\Policies\\ProdukPolicy\" does not exist in Command line code:1
Stack trace:
#0 Command line code(1): ReflectionClass->__construct('App\\\\Policies\\\\Pr...')
#1 [internal function]: {closure}('App\\\\Policies\\\\Pr...', 'App\\\\Models\\\\Prod...')
#2 Command line code(1): array_map(Object(Closure), Array, Array)
#3 {main}
  thrown at Command line code:1)
[stacktrace]
#0 {main}
"} 
[2026-08-12 04:20:50] local.ERROR: Uncaught ReflectionException: Class "App\Policies\ProdukPolicy" does not exist in Command line code:1
Stack trace:
#0 Command line code(1): ReflectionClass->__construct('App\\Policies\\Pr...')
#1 [internal function]: {closure}('App\\Policies\\Pr...', 'App\\Models\\Prod...')
#2 Command line code(1): array_map(Object(Closure), Array, Array)
#3 {main}
  thrown {"exception":"[object] (Symfony\\Component\\ErrorHandler\\Error\\FatalError(code: 0): Uncaught ReflectionException: Class \"App\\Policies\\ProdukPolicy\" does not exist in Command line code:1
Stack trace:
#0 Command line code(1): ReflectionClass->__construct('App\\\\Policies\\\\Pr...')
#1 [internal function]: {closure}('App\\\\Policies\\\\Pr...', 'App\\\\Models\\\\Prod...')
#2 Command line code(1): array_map(Object(Closure), Array, Array)
#3 {main}
  thrown at Command line code:1)
[stacktrace]
#0 {main}
"} 
[2026-08-12 04:21:50] local.ERROR: Uncaught ReflectionException: Class "App\Policies\ProdukPolicy" does not exist in Command line code:1
Stack trace:
#0 Command line code(1): ReflectionClass->__construct('App\\Policies\\Pr...')
#1 [internal function]: {closure}('App\\Policies\\Pr...', 'App\\Models\\Prod...')
#2 Command line code(1): array_map(Object(Closure), Array, Array)
#3 {main}
  thrown {"exception":"[object] (Symfony\\Component\\ErrorHandler\\Error\\FatalError(code: 0): Uncaught ReflectionException: Class \"App\\Policies\\ProdukPolicy\" does not exist in Command line code:1
Stack trace:
#0 Command line code(1): ReflectionClass->__construct('App\\\\Policies\\\\Pr...')
#1 [internal function]: {closure}('App\\\\Policies\\\\Pr...', 'App\\\\Models\\\\Prod...')
#2 Command line code(1): array_map(Object(Closure), Array, Array)
#3 {main}
  thrown at Command line code:1)
[stacktrace]
#0 {main}
"} 
[2026-08-12 04:22:50] local.ERROR: Uncaught ReflectionException: Class "App\Policies\ProdukPolicy" does not exist in Command line code:1
Stack trace:
#0 Command line code(1): ReflectionClass->__construct('App\\Policies\\Pr...')
#1 [internal function]: {closure}('App\\Policies\\Pr...', 'App\\Models\\Prod...')
#2 Command line code(1): array_map(Object(Closure), Array, Array)
#3 {main}
  thrown {"exception":"[object] (Symfony\\Component\\ErrorHandler\\Error\\FatalError(code: 0): Uncaught ReflectionException: Class \"App\\Policies\\ProdukPolicy\" does not exist in Command line code:1
Stack trace:
#0 Command line code(1): ReflectionClass->__construct('App\\\\Policies\\\\Pr...')
#1 [internal function]: {closure}('App\\\\Policies\\\\Pr...', 'App\\\\Models\\\\Prod...')
#2 Command line code(1): array_map(Object(Closure), Array, Array)
#3 {main}
  thrown at Command line code:1)
[stacktrace]
#0 {main}
"} 
[2026-08-12 04:23:50] local.ERROR: Uncaught ReflectionException: Class "App\Policies\ProdukPolicy" does not exist in Command line code:1
Stack trace:
#0 Command line code(1): ReflectionClass->__construct('App\\Policies\\Pr...')
#1 [internal function]: {closure}('App\\Policies\\Pr...', 'App\\Models\\Prod...')
#2 Command line code(1): array_map(Object(Closure), Array, Array)
#3 {main}
  thrown {"exception":"[object] (Symfony\\Component\\ErrorHandler\\Error\\FatalError(code: 0): Uncaught ReflectionException: Class \"App\\Policies\\ProdukPolicy\" does not exist in Command line code:1
Stack trace:
#0 Command line code(1): ReflectionClass->__construct('App\\\\Policies\\\\Pr...')
#1 [internal function]: {closure}('App\\\\Policies\\\\Pr...', 'App\\\\Models\\\\Prod...')
#2 Command line code(1): array_map(Object(Closure), Array, Array)
#3 {main}
  thrown at Command line code:1)
[stacktrace]
#0 {main}
"} 
[2026-08-12 04:24:50] local.ERROR: Uncaught ReflectionException: Class "App\Policies\ProdukPolicy" does not exist in Command line code:1
Stack trace:
#0 Command line code(1): ReflectionClass->__construct('App\\Policies\\Pr...')
#1 [internal function]: {closure}('App\\Policies\\Pr...', 'App\\Models\\Prod...')
#2 Command line code(1): array_map(Object(Closure), Array, Array)
#3 {main}
  thrown {"exception":"[object] (Symfony\\Component\\ErrorHandler\\Error\\FatalError(code: 0): Uncaught ReflectionException: Class \"App\\Policies\\ProdukPolicy\" does not exist in Command line code:1
Stack trace:
#0 Command line code(1): ReflectionClass->__construct('App\\\\Policies\\\\Pr...')
#1 [internal function]: {closure}('App\\\\Policies\\\\Pr...', 'App\\\\Models\\\\Prod...')
#2 Command line code(1): array_map(Object(Closure), Array, Array)
#3 {main}
  thrown at Command line code:1)
[stacktrace]
#0 {main}
"} 
[2026-08-12 04:25:50] local.ERROR: Uncaught ReflectionException: Class "App\Policies\ProdukPolicy" does not exist in Command line code:1
Stack trace:
#0 Command line code(1): ReflectionClass->__construct('App\\Policies\\Pr...')
#1 [internal function]: {closure}('App\\Policies\\Pr...', 'App\\Models\\Prod...')
#2 Command line code(1): array_map(Object(Closure), Array, Array)
#3 {main}
  thrown {"exception":"[object] (Symfony\\Component\\ErrorHandler\\Error\\FatalError(code: 0): Uncaught ReflectionException: Class \"App\\Policies\\ProdukPolicy\" does not exist in Command line code:1
Stack trace:
#0 Command line code(1): ReflectionClass->__construct('App\\\\Policies\\\\Pr...')
#1 [internal function]: {closure}('App\\\\Policies\\\\Pr...', 'App\\\\Models\\\\Prod...')
#2 Command line code(1): array_map(Object(Closure), Array, Array)
#3 {main}
  thrown at Command line code:1)
[stacktrace]
#0 {main}
"} 
[2026-08-12 04:26:50] local.ERROR: Uncaught ReflectionException: Class "App\Policies\ProdukPolicy" does not exist in Command line code:1
Stack trace:
#0 Command line code(1): ReflectionClass->__construct('App\\Policies\\Pr...')
#1 [internal function]: {closure}('App\\Policies\\Pr...', 'App\\Models\\Prod...')
#2 Command line code(1): array_map(Object(Closure), Array, Array)
#3 {main}
  thrown {"exception":"[object] (Symfony\\Component\\ErrorHandler\\Error\\FatalError(code: 0): Uncaught ReflectionException: Class \"App\\Policies\\ProdukPolicy\" does not exist in Command line code:1
Stack trace:
#0 Command line code(1): ReflectionClass->__construct('App\\\\Policies\\\\Pr...')
#1 [internal function]: {closure}('App\\\\Policies\\\\Pr...', 'App\\\\Models\\\\Prod...')
#2 Command line code(1): array_map(Object(Closure), Array, Array)
#3 {main}
  thrown at Command line code:1)
[stacktrace]
#0 {main}
"} 
[2026-08-12 04:27:50] local.ERROR: Uncaught ReflectionException: Class "App\Policies\ProdukPolicy" does not exist in Command line code:1
Stack trace:
#0 Command line code(1): ReflectionClass->__construct('App\\Policies\\Pr...')
#1 [internal function]: {closure}('App\\Policies\\Pr...', 'App\\Models\\Prod...')
#2 Command line code(1): array_map(Object(Closure), Array, Array)
#3 {main}
  thrown {"exception":"[object] (Symfony\\Component\\ErrorHandler\\Error\\FatalError(code: 0): Uncaught ReflectionException: Class \"App\\Policies\\ProdukPolicy\" does not exist in Command line code:1
Stack trace:
#0 Command line code(1): ReflectionClass->__construct('App\\\\Policies\\\\Pr...')
#1 [internal function]: {closure}('App\\\\Policies\\\\Pr...', 'App\\\\Models\\\\Prod...')
#2 Command line code(1): array_map(Object(Closure), Array, Array)
#3 {main}
  thrown at Command line code:1)
[stacktrace]
#0 {main}
"} 
[2026-08-12 04:28:50] local.ERROR: Uncaught ReflectionException: Class "App\Policies\ProdukPolicy" does not exist in Command line code:1
Stack trace:
#0 Command line code(1): ReflectionClass->__construct('App\\Policies\\Pr...')
#1 [internal function]: {closure}('App\\Policies\\Pr...', 'App\\Models\\Prod...')
#2 Command line code(1): array_map(Object(Closure), Array, Array)
#3 {main}
  thrown {"exception":"[object] (Symfony\\Component\\ErrorHandler\\Error\\FatalError(code: 0): Uncaught ReflectionException: Class \"App\\Policies\\ProdukPolicy\" does not exist in Command line code:1
Stack trace:
#0 Command line code(1): ReflectionClass->__construct('App\\\\Policies\\\\Pr...')
#1 [internal function]: {closure}('App\\\\Policies\\\\Pr...', 'App\\\\Models\\\\Prod...')
#2 Command line code(1): array_map(Object(Closure), Array, Array)
#3 {main}
  thrown at Command line code:1)
[stacktrace]
#0 {main}
"} 
[2026-08-12 04:29:50] local.ERROR: Uncaught ReflectionException: Class "App\Policies\ProdukPolicy" does not exist in Command line code:1
Stack trace:
#0 Command line code(1): ReflectionClass->__construct('App\\Policies\\Pr...')
#1 [internal function]: {closure}('App\\Policies\\Pr...', 'App\\Models\\Prod...')
#2 Command line code(1): array_map(Object(Closure), Array, Array)
#3 {main}
  thrown {"exception":"[object] (Symfony\\Component\\ErrorHandler\\Error\\FatalError(code: 0): Uncaught ReflectionException: Class \"App\\Policies\\ProdukPolicy\" does not exist in Command line code:1
Stack trace:
#0 Command line code(1): ReflectionClass->__construct('App\\\\Policies\\\\Pr...')
#1 [internal function]: {closure}('App\\\\Policies\\\\Pr...', 'App\\\\Models\\\\Prod...')
#2 Command line code(1): array_map(Object(Closure), Array, Array)
#3 {main}
  thrown at Command line code:1)
[stacktrace]
#0 {main}
"} 
[2026-08-12 04:30:50] local.ERROR: Uncaught ReflectionException: Class "App\Policies\ProdukPolicy" does not exist in Command line code:1
Stack trace:
#0 Command line code(1): ReflectionClass->__construct('App\\Policies\\Pr...')
#1 [internal function]: {closure}('App\\Policies\\Pr...', 'App\\Models\\Prod...')
#2 Command line code(1): array_map(Object(Closure), Array, Array)
#3 {main}
  thrown {"exception":"[object] (Symfony\\Component\\ErrorHandler\\Error\\FatalError(code: 0): Uncaught ReflectionException: Class \"App\\Policies\\ProdukPolicy\" does not exist in Command line code:1
Stack trace:
#0 Command line code(1): ReflectionClass->__construct('App\\\\Policies\\\\Pr...')
#1 [internal function]: {closure}('App\\\\Policies\\\\Pr...', 'App\\\\Models\\\\Prod...')
#2 Command line code(1): array_map(Object(Closure), Array, Array)
#3 {main}
  thrown at Command line code:1)
[stacktrace]
#0 {main}
"} 
[2026-08-12 04:31:50] local.ERROR: Uncaught ReflectionException: Class "App\Policies\ProdukPolicy" does not exist in Command line code:1
Stack trace:
#0 Command line code(1): ReflectionClass->__construct('App\\Policies\\Pr...')
#1 [internal function]: {closure}('App\\Policies\\Pr...', 'App\\Models\\Prod...')
#2 Command line code(1): array_map(Object(Closure), Array, Array)
#3 {main}
  thrown {"exception":"[object] (Symfony\\Component\\ErrorHandler\\Error\\FatalError(code: 0): Uncaught ReflectionException: Class \"App\\Policies\\ProdukPolicy\" does not exist in Command line code:1
Stack trace:
#0 Command line code(1): ReflectionClass->__construct('App\\\\Policies\\\\Pr...')
#1 [internal function]: {closure}('App\\\\Policies\\\\Pr...', 'App\\\\Models\\\\Prod...')
#2 Command line code(1): array_map(Object(Closure), Array, Array)
#3 {main}
  thrown at Command line code:1)
[stacktrace]
#0 {main}
"} 
[2026-08-12 04:32:51] local.ERROR: Uncaught ReflectionException: Class "App\Policies\ProdukPolicy" does not exist in Command line code:1
Stack trace:
#0 Command line code(1): ReflectionClass->__construct('App\\Policies\\Pr...')
#1 [internal function]: {closure}('App\\Policies\\Pr...', 'App\\Models\\Prod...')
#2 Command line code(1): array_map(Object(Closure), Array, Array)
#3 {main}
  thrown {"exception":"[object] (Symfony\\Component\\ErrorHandler\\Error\\FatalError(code: 0): Uncaught ReflectionException: Class \"App\\Policies\\ProdukPolicy\" does not exist in Command line code:1
Stack trace:
#0 Command line code(1): ReflectionClass->__construct('App\\\\Policies\\\\Pr...')
#1 [internal function]: {closure}('App\\\\Policies\\\\Pr...', 'App\\\\Models\\\\Prod...')
#2 Command line code(1): array_map(Object(Closure), Array, Array)
#3 {main}
  thrown at Command line code:1)
[stacktrace]
#0 {main}
"} 
[2026-08-12 04:33:36] local.ERROR: Route [admin.jenis.index] not defined. (View: C:\laragon\www\pos_sahla\resources\views\layouts\navbar.blade.php) (View: C:\laragon\www\pos_sahla\resources\views\layouts\navbar.blade.php) (View: C:\laragon\www\pos_sahla\resources\views\layouts\navbar.blade.php) {"userId":2,"exception":"[object] (Illuminate\\View\\ViewException(code: 0): Route [admin.jenis.index] not defined. (View: C:\\laragon\\www\\pos_sahla\\resources\\views\\layouts\\navbar.blade.php) (View: C:\\laragon\\www\\pos_sahla\\resources\\views\\layouts\\navbar.blade.php) (View: C:\\laragon\\www\\pos_sahla\\resources\\views\\layouts\\navbar.blade.php) at C:/laragon/www/pos_sahla/vendor/laravel/framework/src/Illuminate/Routing/UrlGenerator.php:528)
[stacktrace]
#0 C:/laragon/www/pos_sahla/vendor/laravel/framework/src/Illuminate/View/Engines/PhpEngine.php(59): Illuminate/View/Engines/CompilerEngine->handleViewException(Object(Illuminate/View/ViewException), 1)
#1 C:/laragon/www/pos_sahla/vendor/laravel/framework/src/Illuminate/View/Engines/CompilerEngine.php(76): Illuminate/View/Engines/PhpEngine->evaluatePath('C://laragon//www//...', Array)
#2 C:/laragon/www/pos_sahla/vendor/laravel/framework/src/Illuminate/View/View.php(208): Illuminate/View/Engines/CompilerEngine->get('C://laragon//www//...', Array)
#3 C:/laragon/www/pos_sahla/vendor/laravel/framework/src/Illuminate/View/View.php(191): Illuminate/View/View->getContents()
#4 C:/laragon/www/pos_sahla/vendor/laravel/framework/src/Illuminate/View/View.php(160): Illuminate/View/View->renderContents()
#5 C:/laragon/www/pos_sahla/vendor/laravel/framework/src/Illuminate/Http/Response.php(78): Illuminate/View/View->render()
#6 C:/laragon/www/pos_sahla/vendor/laravel/framework/src/Illuminate/Http/Response.php(34): Illuminate/Http/Response->setContent(Object(Illuminate/View/View))
#7 C:/laragon/www/pos_sahla/vendor/laravel/framework/src/Illuminate/Routing/Router.php(939): Illuminate/Http/Response->__construct(Object(Illuminate/View/View), 200, Array)
#8 C:/laragon/www/pos_sahla/vendor/laravel/framework/src/Illuminate/Routing/Router.php(906): Illuminate/Routing/Router::toResponse(Object(Illuminate/Http/Request), Object(Illuminate/View/View))
#9 C:/laragon/www/pos_sahla/vendor/laravel/framework/src/Illuminate/Routing/Router.php(821): Illuminate/Routing/Router->prepareResponse(Object(Illuminate/Http/Request), Object(Illuminate/View/View))
#10 C:/laragon/www/pos_sahla/vendor/laravel/framework/src/Illuminate/Pipeline/Pipeline.php(180): Illuminate/Routing/Router->Illuminate/Routing/{closure}(Object(Illuminate/Http/Request))
#11 C:/laragon/www/pos_sahla/app/Http/Middleware/RoleMiddleware.php(32): Illuminate/Pipeline/Pipeline->Illuminate/Pipeline/{closure}(Object(Illuminate/Http/Request))
#12 C:/laragon/www/pos_sahla/vendor/laravel/framework/src/Illuminate/Pipeline/Pipeline.php(219): App/Http/Middleware/RoleMiddleware->handle(Object(Illuminate/Http/Request), Object(Closure), 'admin', 'kasir')
#13 C:/laragon/www/pos_sahla/vendor/laravel/framework/src/Illuminate/Routing/Middleware/SubstituteBindings.php(50): Illuminate/Pipeline/Pipeline->Illuminate/Pipeline/{closure}(Object(Illuminate/Http/Request))
#14 C:/laragon/www/pos_sahla/vendor/laravel/framework/src/Illuminate/Pipeline/Pipeline.php(219): Illuminate/Routing/Middleware/SubstituteBindings->handle(Object(Illuminate/Http/Request), Object(Closure))
#15 C:/laragon/www/pos_sahla/vendor/laravel/framework/src/Illuminate/Auth/Middleware/Authenticate.php(63): Illuminate/Pipeline/Pipeline->Illuminate/Pipeline/{closure}(Object(Illuminate/Http/Request))
#16 C:/laragon/www/pos_sahla/vendor/laravel/framework/src/Illuminate/Pipeline/Pipeline.php(219): Illuminate/Auth/Middleware/Authenticate->handle(Object(Illuminate/Http/Request), Object(Closure))
#17 C:/laragon/www/pos_sahla/vendor/laravel/framework/src/Illuminate/Foundation/Http/Middleware/VerifyCsrfToken.php(87): Illuminate/Pipeline/Pipeline->Illuminate/Pipeline/{closure}(Object(Illuminate/Http/Request))
#18 C:/laragon/www/pos_sahla/vendor/laravel/framework/src/Illuminate/Pipeline/Pipeline.php(219): Illuminate/Foundation/Http/Middleware/VerifyCsrfToken->handle(Object(Illuminate/Http/Request), Object(Closure))
#19 C:/laragon/www/pos_sahla/vendor/laravel/framework/src/Illuminate/View/Middleware/ShareErrorsFromSession.php(48): Illuminate/Pipeline/Pipeline->Illuminate/Pipeline/{closure}(Object(Illuminate/Http/Request))
#20 C:/laragon/www/pos_sahla/vendor/laravel/framework/src/Illuminate/Pipeline/Pipeline.php(219): Illuminate/View/Middleware/ShareErrorsFromSession->handle(Object(Illuminate/Http/Request), Object(Closure))
#21 C:/laragon/www/pos_sahla/vendor/laravel/framework/src/Illuminate/Session/Middleware/StartSession.php(120): Illuminate/Pipeline/Pipeline->Illuminate/Pipeline/{closure}(Object(Illuminate/Http/Request))
#22 C:/laragon/www/pos_sahla/vendor/laravel/framework/src/Illuminate/Session/Middleware/StartSession.php(63): Illuminate/Session/Middleware/StartSession->handleStatefulRequest(Object(Illuminate/Http/Request), Object(Illuminate/Session/Store), Object(Closure))
#23 C:/laragon/www/pos_sahla/vendor/laravel/framework/src/Illuminate/Pipeline/Pipeline.php(219): Illuminate/Session/Middleware/StartSession->handle(Object(Illuminate/Http/Request), Object(Closure))
#24 C:/laragon/www/pos_sahla/vendor/laravel/framework/src/Illuminate/Cookie/Middleware/AddQueuedCookiesToResponse.php(36): Illuminate/Pipeline/Pipeline->Illuminate/Pipeline/{closure}(Object(Illuminate/Http/Request))
#25 C:/laragon/www/pos_sahla/vendor/laravel/framework/src/Illuminate/Pipeline/Pipeline.php(219): Illuminate/Cookie/Middleware/AddQueuedCookiesToResponse->handle(Object(Illuminate/Http/Request), Object(Closure))
#26 C:/laragon/www/pos_sahla/vendor/laravel/framework/src/Illuminate/Cookie/Middleware/EncryptCookies.php(74): Illuminate/Pipeline/Pipeline->Illuminate/Pipeline/{closure}(Object(Illuminate/Http/Request))
#27 C:/laragon/www/pos_sahla/vendor/laravel/framework/src/Illuminate/Pipeline/Pipeline.php(219): Illuminate/Cookie/Middleware/EncryptCookies->handle(Object(Illuminate/Http/Request), Object(Closure))
#28 C:/laragon/www/pos_sahla/vendor/laravel/framework/src/Illuminate/Pipeline/Pipeline.php(137): Illuminate/Pipeline/Pipeline->Illuminate/Pipeline/{closure}(Object(Illuminate/Http/Request))
#29 C:/laragon/www/pos_sahla/vendor/laravel/framework/src/Illuminate/Routing/Router.php(821): Illuminate/Pipeline/Pipeline->then(Object(Closure))
#30 C:/laragon/www/pos_sahla/vendor/laravel/framework/src/Illuminate/Routing/Router.php(800): Illuminate/Routing/Router->runRouteWithinStack(Object(Illuminate/Routing/Route), Object(Illuminate/Http/Request))
#31 C:/laragon/www/pos_sahla/vendor/laravel/framework/src/Illuminate/Routing/Router.php(764): Illuminate/Routing/Router->runRoute(Object(Illuminate/Http/Request), Object(Illuminate/Routing/Route))
#32 C:/laragon/www/pos_sahla/vendor/laravel/framework/src/Illuminate/Routing/Router.php(753): Illuminate/Routing/Router->dispatchToRoute(Object(Illuminate/Http/Request))
#33 C:/laragon/www/pos_sahla/vendor/laravel/framework/src/Illuminate/Foundation/Http/Kernel.php(200): Illuminate/Routing/Router->dispatch(Object(Illuminate/Http/Request))
#34 C:/laragon/www/pos_sahla/vendor/laravel/framework/src/Illuminate/Pipeline/Pipeline.php(180): Illuminate/Foundation/Http/Kernel->Illuminate/Foundation/Http/{closure}(Object(Illuminate/Http/Request))
#35 C:/laragon/www/pos_sahla/vendor/laravel/framework/src/Illuminate/Foundation/Http/Middleware/TransformsRequest.php(21): Illuminate/Pipeline/Pipeline->Illuminate/Pipeline/{closure}(Object(Illuminate/Http/Request))
#36 C:/laragon/www/pos_sahla/vendor/laravel/framework/src/Illuminate/Foundation/Http/Middleware/ConvertEmptyStringsToNull.php(31): Illuminate/Foundation/Http/Middleware/TransformsRequest->handle(Object(Illuminate/Http/Request), Object(Closure))
#37 C:/laragon/www/pos_sahla/vendor/laravel/framework/src/Illuminate/Pipeline/Pipeline.php(219): Illuminate/Foundation/Http/Middleware/ConvertEmptyStringsToNull->handle(Object(Illuminate/Http/Request), Object(Closure))
#38 C:/laragon/www/pos_sahla/vendor/laravel/framework/src/Illuminate/Foundation/Http/Middleware/TransformsRequest.php(21): Illuminate/Pipeline/Pipeline->Illuminate/Pipeline/{closure}(Object(Illuminate/Http/Request))
#39 C:/laragon/www/pos_sahla/vendor/laravel/framework/src/Illuminate/Foundation/Http/Middleware/TrimStrings.php(51): Illuminate/Foundation/Http/Middleware/TransformsRequest->handle(Object(Illuminate/Http/Request), Object(Closure))
#40 C:/laragon/www/pos_sahla/vendor/laravel/framework/src/Illuminate/Pipeline/Pipeline.php(219): Illuminate/Foundation/Http/Middleware/TrimStrings->handle(Object(Illuminate/Http/Request), Object(Closure))
#41 C:/laragon/www/pos_sahla/vendor/laravel/framework/src/Illuminate/Http/Middleware/ValidatePostSize.php(27): Illuminate/Pipeline/Pipeline->Illuminate/Pipeline/{closure}(Object(Illuminate/Http/Request))
#42 C:/laragon/www/pos_sahla/vendor/laravel/framework/src/Illuminate/Pipeline/Pipeline.php(219): Illuminate/Http/Middleware/ValidatePostSize->handle(Object(Illuminate/Http/Request), Object(Closure))
#43 C:/laragon/www/pos_sahla/vendor/laravel/framework/src/Illuminate/Foundation/Http/Middleware/PreventRequestsDuringMaintenance.php(109): Illuminate/Pipeline/Pipeline->Illuminate/Pipeline/{closure}(Object(Illuminate/Http/Request))
#44 C:/laragon/www/pos_sahla/vendor/laravel/framework/src/Illuminate/Pipeline/Pipeline.php(219): Illuminate/Foundation/Http/Middleware/PreventRequestsDuringMaintenance->handle(Object(Illuminate/Http/Request), Object(Closure))
#45 C:/laragon/www/pos_sahla/vendor/laravel/framework/src/Illuminate/Http/Middleware/HandleCors.php(61): Illuminate/Pipeline/Pipeline->Illuminate/Pipeline/{closure}(Object(Illuminate/Http/Request))
#46 C:/laragon/www/pos_sahla/vendor/laravel/framework/src/Illuminate/Pipeline/Pipeline.php(219): Illuminate/Http/Middleware/HandleCors->handle(Object(Illuminate/Http/Request), Object(Closure))
#47 C:/laragon/www/pos_sahla/vendor/laravel/framework/src/Illuminate/Http/Middleware/TrustProxies.php(58): Illuminate/Pipeline/Pipeline->Illuminate/Pipeline/{closure}(Object(Illuminate/Http/Request))
#48 C:/laragon/www/pos_sahla/vendor/laravel/framework/src/Illuminate/Pipeline/Pipeline.php(219): Illuminate/Http/Middleware/TrustProxies->handle(Object(Illuminate/Http/Request), Object(Closure))
#49 C:/laragon/www/pos_sahla/vendor/laravel/framework/src/Illuminate/Foundation/Http/Middleware/InvokeDeferredCallbacks.php(22): Illuminate/Pipeline/Pipeline->Illuminate/Pipeline/{closure}(Object(Illuminate/Http/Request))
#50 C:/laragon/www/pos_sahla/vendor/laravel/framework/src/Illuminate/Pipeline/Pipeline.php(219): Illuminate/Foundation/Http/Middleware/InvokeDeferredCallbacks->handle(Object(Illuminate/Http/Request), Object(Closure))
#51 C:/laragon/www/pos_sahla/vendor/laravel/framework/src/Illuminate/Http/Middleware/ValidatePathEncoding.php(26): Illuminate/Pipeline/Pipeline->Illuminate/Pipeline/{closure}(Object(Illuminate/Http/Request))
#52 C:/laragon/www/pos_sahla/vendor/laravel/framework/src/Illuminate/Pipeline/Pipeline.php(219): Illuminate/Http/Middleware/ValidatePathEncoding->handle(Object(Illuminate/Http/Request), Object(Closure))
#53 C:/laragon/www/pos_sahla/vendor/laravel/framework/src/Illuminate/Pipeline/Pipeline.php(137): Illuminate/Pipeline/Pipeline->Illuminate/Pipeline/{closure}(Object(Illuminate/Http/Request))
#54 C:/laragon/www/pos_sahla/vendor/laravel/framework/src/Illuminate/Foundation/Http/Kernel.php(175): Illuminate/Pipeline/Pipeline->then(Object(Closure))
#55 C:/laragon/www/pos_sahla/vendor/laravel/framework/src/Illuminate/Foundation/Http/Kernel.php(144): Illuminate/Foundation/Http/Kernel->sendRequestThroughRouter(Object(Illuminate/Http/Request))
#56 C:/laragon/www/pos_sahla/vendor/laravel/framework/src/Illuminate/Foundation/Application.php(1220): Illuminate/Foundation/Http/Kernel->handle(Object(Illuminate/Http/Request))
#57 C:/laragon/www/pos_sahla/public/index.php(20): Illuminate/Foundation/Application->handleRequest(Object(Illuminate/Http/Request))
#58 C:/laragon/www/pos_sahla/vendor/laravel/framework/src/Illuminate/Foundation/resources/server.php(23): require_once('C://laragon//www//...')
#59 {main}

[previous exception] [object] (Illuminate\\View\\ViewException(code: 0): Route [admin.jenis.index] not defined. (View: C:\\laragon\\www\\pos_sahla\\resources\\views\\layouts\\navbar.blade.php) (View: C:\\laragon\\www\\pos_sahla\\resources\\views\\layouts\\navbar.blade.php) at C:/laragon/www/pos_sahla/vendor/laravel/framework/src/Illuminate/Routing/UrlGenerator.php:528)
[stacktrace]
#0 C:/laragon/www/pos_sahla/vendor/laravel/framework/src/Illuminate/View/Engines/PhpEngine.php(59): Illuminate/View/Engines/CompilerEngine->handleViewException(Object(Illuminate/View/ViewException), 2)
#1 C:/laragon/www/pos_sahla/vendor/laravel/framework/src/Illuminate/View/Engines/CompilerEngine.php(76): Illuminate/View/Engines/PhpEngine->evaluatePath('C://laragon//www//...', Array)
#2 C:/laragon/www/pos_sahla/vendor/laravel/framework/src/Illuminate/View/View.php(208): Illuminate/View/Engines/CompilerEngine->get('C://laragon//www//...', Array)
#3 C:/laragon/www/pos_sahla/vendor/laravel/framework/src/Illuminate/View/View.php(191): Illuminate/View/View->getContents()
#4 C:/laragon/www/pos_sahla/vendor/laravel/framework/src/Illuminate/View/View.php(160): Illuminate/View/View->renderContents()
#5 C:/laragon/www/pos_sahla/storage/framework/views/e80e6de296a8f85c6c8f84001c921b73.php(290): Illuminate/View/View->render()
#6 C:/laragon/www/pos_sahla/vendor/laravel/framework/src/Illuminate/Filesystem/Filesystem.php(123): require('C://laragon//www//...')
#7 C:/laragon/www/pos_sahla/vendor/laravel/framework/src/Illuminate/Filesystem/Filesystem.php(124): Illuminate/Filesystem/Filesystem::Illuminate/Filesystem/{closure}()
#8 C:/laragon/www/pos_sahla/vendor/laravel/framework/src/Illuminate/View/Engines/PhpEngine.php(57): Illuminate/Filesystem/Filesystem->getRequire('C://laragon//www//...', Array)
#9 C:/laragon/www/pos_sahla/vendor/laravel/framework/src/Illuminate/View/Engines/CompilerEngine.php(76): Illuminate/View/Engines/PhpEngine->evaluatePath('C://laragon//www//...', Array)
#10 C:/laragon/www/pos_sahla/vendor/laravel/framework/src/Illuminate/View/View.php(208): Illuminate/View/Engines/CompilerEngine->get('C://laragon//www//...', Array)
#11 C:/laragon/www/pos_sahla/vendor/laravel/framework/src/Illuminate/View/View.php(191): Illuminate/View/View->getContents()
#12 C:/laragon/www/pos_sahla/vendor/laravel/framework/src/Illuminate/View/View.php(160): Illuminate/View/View->renderContents()
#13 C:/laragon/www/pos_sahla/vendor/laravel/framework/src/Illuminate/Http/Response.php(78): Illuminate/View/View->render()
#14 C:/laragon/www/pos_sahla/vendor/laravel/framework/src/Illuminate/Http/Response.php(34): Illuminate/Http/Response->setContent(Object(Illuminate/View/View))
#15 C:/laragon/www/pos_sahla/vendor/laravel/framework/src/Illuminate/Routing/Router.php(939): Illuminate/Http/Response->__construct(Object(Illuminate/View/View), 200, Array)
#16 C:/laragon/www/pos_sahla/vendor/laravel/framework/src/Illuminate/Routing/Router.php(906): Illuminate/Routing/Router::toResponse(Object(Illuminate/Http/Request), Object(Illuminate/View/View))
#17 C:/laragon/www/pos_sahla/vendor/laravel/framework/src/Illuminate/Routing/Router.php(821): Illuminate/Routing/Router->prepareResponse(Object(Illuminate/Http/Request), Object(Illuminate/View/View))
#18 C:/laragon/www/pos_sahla/vendor/laravel/framework/src/Illuminate/Pipeline/Pipeline.php(180): Illuminate/Routing/Router->Illuminate/Routing/{closure}(Object(Illuminate/Http/Request))
#19 C:/laragon/www/pos_sahla/app/Http/Middleware/RoleMiddleware.php(32): Illuminate/Pipeline/Pipeline->Illuminate/Pipeline/{closure}(Object(Illuminate/Http/Request))
#20 C:/laragon/www/pos_sahla/vendor/laravel/framework/src/Illuminate/Pipeline/Pipeline.php(219): App/Http/Middleware/RoleMiddleware->handle(Object(Illuminate/Http/Request), Object(Closure), 'admin', 'kasir')
#21 C:/laragon/www/pos_sahla/vendor/laravel/framework/src/Illuminate/Routing/Middleware/SubstituteBindings.php(50): Illuminate/Pipeline/Pipeline->Illuminate/Pipeline/{closure}(Object(Illuminate/Http/Request))
#22 C:/laragon/www/pos_sahla/vendor/laravel/framework/src/Illuminate/Pipeline/Pipeline.php(219): Illuminate/Routing/Middleware/SubstituteBindings->handle(Object(Illuminate/Http/Request), Object(Closure))
#23 C:/laragon/www/pos_sahla/vendor/laravel/framework/src/Illuminate/Auth/Middleware/Authenticate.php(63): Illuminate/Pipeline/Pipeline->Illuminate/Pipeline/{closure}(Object(Illuminate/Http/Request))
#24 C:/laragon/www/pos_sahla/vendor/laravel/framework/src/Illuminate/Pipeline/Pipeline.php(219): Illuminate/Auth/Middleware/Authenticate->handle(Object(Illuminate/Http/Request), Object(Closure))
#25 C:/laragon/www/pos_sahla/vendor/laravel/framework/src/Illuminate/Foundation/Http/Middleware/VerifyCsrfToken.php(87): Illuminate/Pipeline/Pipeline->Illuminate/Pipeline/{closure}(Object(Illuminate/Http/Request))
#26 C:/laragon/www/pos_sahla/vendor/laravel/framework/src/Illuminate/Pipeline/Pipeline.php(219): Illuminate/Foundation/Http/Middleware/VerifyCsrfToken->handle(Object(Illuminate/Http/Request), Object(Closure))
#27 C:/laragon/www/pos_sahla/vendor/laravel/framework/src/Illuminate/View/Middleware/ShareErrorsFromSession.php(48): Illuminate/Pipeline/Pipeline->Illuminate/Pipeline/{closure}(Object(Illuminate/Http/Request))
#28 C:/laragon/www/pos_sahla/vendor/laravel/framework/src/Illuminate/Pipeline/Pipeline.php(219): Illuminate/View/Middleware/ShareErrorsFromSession->handle(Object(Illuminate/Http/Request), Object(Closure))
#29 C:/laragon/www/pos_sahla/vendor/laravel/framework/src/Illuminate/Session/Middleware/StartSession.php(120): Illuminate/Pipeline/Pipeline->Illuminate/Pipeline/{closure}(Object(Illuminate/Http/Request))
#30 C:/laragon/www/pos_sahla/vendor/laravel/framework/src/Illuminate/Session/Middleware/StartSession.php(63): Illuminate/Session/Middleware/StartSession->handleStatefulRequest(Object(Illuminate/Http/Request), Object(Illuminate/Session/Store), Object(Closure))
#31 C:/laragon/www/pos_sahla/vendor/laravel/framework/src/Illuminate/Pipeline/Pipeline.php(219): Illuminate/Session/Middleware/StartSession->handle(Object(Illuminate/Http/Request), Object(Closure))
#32 C:/laragon/www/pos_sahla/vendor/laravel/framework/src/Illuminate/Cookie/Middleware/AddQueuedCookiesToResponse.php(36): Illuminate/Pipeline/Pipeline->Illuminate/Pipeline/{closure}(Object(Illuminate/Http/Request))
#33 C:/laragon/www/pos_sahla/vendor/laravel/framework/src/Illuminate/Pipeline/Pipeline.php(219): Illuminate/Cookie/Middleware/AddQueuedCookiesToResponse->handle(Object(Illuminate/Http/Request), Object(Closure))
#34 C:/laragon/www/pos_sahla/vendor/laravel/framework/src/Illuminate/Cookie/Middleware/EncryptCookies.php(74): Illuminate/Pipeline/Pipeline->Illuminate/Pipeline/{closure}(Object(Illuminate/Http/Request))
#35 C:/laragon/www/pos_sahla/vendor/laravel/framework/src/Illuminate/Pipeline/Pipeline.php(219): Illuminate/Cookie/Middleware/EncryptCookies->handle(Object(Illuminate/Http/Request), Object(Closure))
#36 C:/laragon/www/pos_sahla/vendor/laravel/framework/src/Illuminate/Pipeline/Pipeline.php(137): Illuminate/Pipeline/Pipeline->Illuminate/Pipeline/{closure}(Object(Illuminate/Http/Request))
#37 C:/laragon/www/pos_sahla/vendor/laravel/framework/src/Illuminate/Routing/Router.php(821): Illuminate/Pipeline/Pipeline->then(Object(Closure))
#38 C:/laragon/www/pos_sahla/vendor/laravel/framework/src/Illuminate/Routing/Router.php(800): Illuminate/Routing/Router->runRouteWithinStack(Object(Illuminate/Routing/Route), Object(Illuminate/Http/Request))
#39 C:/laragon/www/pos_sahla/vendor/laravel/framework/src/Illuminate/Routing/Router.php(764): Illuminate/Routing/Router->runRoute(Object(Illuminate/Http/Request), Object(Illuminate/Routing/Route))
#40 C:/laragon/www/pos_sahla/vendor/laravel/framework/src/Illuminate/Routing/Router.php(753): Illuminate/Routing/Router->dispatchToRoute(Object(Illuminate/Http/Request))
#41 C:/laragon/www/pos_sahla/vendor/laravel/framework/src/Illuminate/Foundation/Http/Kernel.php(200): Illuminate/Routing/Router->dispatch(Object(Illuminate/Http/Request))
#42 C:/laragon/www/pos_sahla/vendor/laravel/framework/src/Illuminate/Pipeline/Pipeline.php(180): Illuminate/Foundation/Http/Kernel->Illuminate/Foundation/Http/{closure}(Object(Illuminate/Http/Request))
#43 C:/laragon/www/pos_sahla/vendor/laravel/framework/src/Illuminate/Foundation/Http/Middleware/TransformsRequest.php(21): Illuminate/Pipeline/Pipeline->Illuminate/Pipeline/{closure}(Object(Illuminate/Http/Request))
#44 C:/laragon/www/pos_sahla/vendor/laravel/framework/src/Illuminate/Foundation/Http/Middleware/ConvertEmptyStringsToNull.php(31): Illuminate/Foundation/Http/Middleware/TransformsRequest->handle(Object(Illuminate/Http/Request), Object(Closure))
#45 C:/laragon/www/pos_sahla/vendor/laravel/framework/src/Illuminate/Pipeline/Pipeline.php(219): Illuminate/Foundation/Http/Middleware/ConvertEmptyStringsToNull->handle(Object(Illuminate/Http/Request), Object(Closure))
#46 C:/laragon/www/pos_sahla/vendor/laravel/framework/src/Illuminate/Foundation/Http/Middleware/TransformsRequest.php(21): Illuminate/Pipeline/Pipeline->Illuminate/Pipeline/{closure}(Object(Illuminate/Http/Request))
#47 C:/laragon/www/pos_sahla/vendor/laravel/framework/src/Illuminate/Foundation/Http/Middleware/TrimStrings.php(51): Illuminate/Foundation/Http/Middleware/TransformsRequest->handle(Object(Illuminate/Http/Request), Object(Closure))
#48 C:/laragon/www/pos_sahla/vendor/laravel/framework/src/Illuminate/Pipeline/Pipeline.php(219): Illuminate/Foundation/Http/Middleware/TrimStrings->handle(Object(Illuminate/Http/Request), Object(Closure))
#49 C:/laragon/www/pos_sahla/vendor/laravel/framework/src/Illuminate/Http/Middleware/ValidatePostSize.php(27): Illuminate/Pipeline/Pipeline->Illuminate/Pipeline/{closure}(Object(Illuminate/Http/Request))
#50 C:/laragon/www/pos_sahla/vendor/laravel/framework/src/Illuminate/Pipeline/Pipeline.php(219): Illuminate/Http/Middleware/ValidatePostSize->handle(Object(Illuminate/Http/Request), Object(Closure))
#51 C:/laragon/www/pos_sahla/vendor/laravel/framework/src/Illuminate/Foundation/Http/Middleware/PreventRequestsDuringMaintenance.php(109): Illuminate/Pipeline/Pipeline->Illuminate/Pipeline/{closure}(Object(Illuminate/Http/Request))
#52 C:/laragon/www/pos_sahla/vendor/laravel/framework/src/Illuminate/Pipeline/Pipeline.php(219): Illuminate/Foundation/Http/Middleware/PreventRequestsDuringMaintenance->handle(Object(Illuminate/Http/Request), Object(Closure))
#53 C:/laragon/www/pos_sahla/vendor/laravel/framework/src/Illuminate/Http/Middleware/HandleCors.php(61): Illuminate/Pipeline/Pipeline->Illuminate/Pipeline/{closure}(Object(Illuminate/Http/Request))
#54 C:/laragon/www/pos_sahla/vendor/laravel/framework/src/Illuminate/Pipeline/Pipeline.php(219): Illuminate/Http/Middleware/HandleCors->handle(Object(Illuminate/Http/Request), Object(Closure))
#55 C:/laragon/www/pos_sahla/vendor/laravel/framework/src/Illuminate/Http/Middleware/TrustProxies.php(58): Illuminate/Pipeline/Pipeline->Illuminate/Pipeline/{closure}(Object(Illuminate/Http/Request))
#56 C:/laragon/www/pos_sahla/vendor/laravel/framework/src/Illuminate/Pipeline/Pipeline.php(219): Illuminate/Http/Middleware/TrustProxies->handle(Object(Illuminate/Http/Request), Object(Closure))
#57 C:/laragon/www/pos_sahla/vendor/laravel/framework/src/Illuminate/Foundation/Http/Middleware/InvokeDeferredCallbacks.php(22): Illuminate/Pipeline/Pipeline->Illuminate/Pipeline/{closure}(Object(Illuminate/Http/Request))
#58 C:/laragon/www/pos_sahla/vendor/laravel/framework/src/Illuminate/Pipeline/Pipeline.php(219): Illuminate/Foundation/Http/Middleware/InvokeDeferredCallbacks->handle(Object(Illuminate/Http/Request), Object(Closure))
#59 C:/laragon/www/pos_sahla/vendor/laravel/framework/src/Illuminate/Http/Middleware/ValidatePathEncoding.php(26): Illuminate/Pipeline/Pipeline->Illuminate/Pipeline/{closure}(Object(Illuminate/Http/Request))
#60 C:/laragon/www/pos_sahla/vendor/laravel/framework/src/Illuminate/Pipeline/Pipeline.php(219): Illuminate/Http/Middleware/ValidatePathEncoding->handle(Object(Illuminate/Http/Request), Object(Closure))
#61 C:/laragon/www/pos_sahla/vendor/laravel/framework/src/Illuminate/Pipeline/Pipeline.php(137): Illuminate/Pipeline/Pipeline->Illuminate/Pipeline/{closure}(Object(Illuminate/Http/Request))
#62 C:/laragon/www/pos_sahla/vendor/laravel/framework/src/Illuminate/Foundation/Http/Kernel.php(175): Illuminate/Pipeline/Pipeline->then(Object(Closure))
#63 C:/laragon/www/pos_sahla/vendor/laravel/framework/src/Illuminate/Foundation/Http/Kernel.php(144): Illuminate/Foundation/Http/Kernel->sendRequestThroughRouter(Object(Illuminate/Http/Request))
#64 C:/laragon/www/pos_sahla/vendor/laravel/framework/src/Illuminate/Foundation/Application.php(1220): Illuminate/Foundation/Http/Kernel->handle(Object(Illuminate/Http/Request))
#65 C:/laragon/www/pos_sahla/public/index.php(20): Illuminate/Foundation/Application->handleRequest(Object(Illuminate/Http/Request))
#66 C:/laragon/www/pos_sahla/vendor/laravel/framework/src/Illuminate/Foundation/resources/server.php(23): require_once('C://laragon//www//...')
#67 {main}

[previous exception] [object] (Illuminate\\View\\ViewException(code: 0): Route [admin.jenis.index] not defined. (View: C:\\laragon\\www\\pos_sahla\\resources\\views\\layouts\\navbar.blade.php) at C:/laragon/www/pos_sahla/vendor/laravel/framework/src/Illuminate/Routing/UrlGenerator.php:528)
[stacktrace]
#0 C:/laragon/www/pos_sahla/vendor/laravel/framework/src/Illuminate/View/Engines/PhpEngine.php(59): Illuminate/View/Engines/CompilerEngine->handleViewException(Object(Symfony/Component/Routing/Exception/RouteNotFoundException), 3)
#1 C:/laragon/www/pos_sahla/vendor/laravel/framework/src/Illuminate/View/Engines/CompilerEngine.php(76): Illuminate/View/Engines/PhpEngine->evaluatePath('C://laragon//www//...', Array)
#2 C:/laragon/www/pos_sahla/vendor/laravel/framework/src/Illuminate/View/View.php(208): Illuminate/View/Engines/CompilerEngine->get('C://laragon//www//...', Array)
#3 C:/laragon/www/pos_sahla/vendor/laravel/framework/src/Illuminate/View/View.php(191): Illuminate/View/View->getContents()
#4 C:/laragon/www/pos_sahla/vendor/laravel/framework/src/Illuminate/View/View.php(160): Illuminate/View/View->renderContents()
#5 C:/laragon/www/pos_sahla/storage/framework/views/2ffd66219761abe178fa994925b7cb44.php(12): Illuminate/View/View->render()
#6 C:/laragon/www/pos_sahla/vendor/laravel/framework/src/Illuminate/Filesystem/Filesystem.php(123): require('C://laragon//www//...')
#7 C:/laragon/www/pos_sahla/vendor/laravel/framework/src/Illuminate/Filesystem/Filesystem.php(124): Illuminate/Filesystem/Filesystem::Illuminate/Filesystem/{closure}()
#8 C:/laragon/www/pos_sahla/vendor/laravel/framework/src/Illuminate/View/Engines/PhpEngine.php(57): Illuminate/Filesystem/Filesystem->getRequire('C://laragon//www//...', Array)
#9 C:/laragon/www/pos_sahla/vendor/laravel/framework/src/Illuminate/View/Engines/CompilerEngine.php(76): Illuminate/View/Engines/PhpEngine->evaluatePath('C://laragon//www//...', Array)
#10 C:/laragon/www/pos_sahla/vendor/laravel/framework/src/Illuminate/View/View.php(208): Illuminate/View/Engines/CompilerEngine->get('C://laragon//www//...', Array)
#11 C:/laragon/www/pos_sahla/vendor/laravel/framework/src/Illuminate/View/View.php(191): Illuminate/View/View->getContents()
#12 C:/laragon/www/pos_sahla/vendor/laravel/framework/src/Illuminate/View/View.php(160): Illuminate/View/View->renderContents()
#13 C:/laragon/www/pos_sahla/storage/framework/views/e80e6de296a8f85c6c8f84001c921b73.php(290): Illuminate/View/View->render()
#14 C:/laragon/www/pos_sahla/vendor/laravel/framework/src/Illuminate/Filesystem/Filesystem.php(123): require('C://laragon//www//...')
#15 C:/laragon/www/pos_sahla/vendor/laravel/framework/src/Illuminate/Filesystem/Filesystem.php(124): Illuminate/Filesystem/Filesystem::Illuminate/Filesystem/{closure}()
#16 C:/laragon/www/pos_sahla/vendor/laravel/framework/src/Illuminate/View/Engines/PhpEngine.php(57): Illuminate/Filesystem/Filesystem->getRequire('C://laragon//www//...', Array)
#17 C:/laragon/www/pos_sahla/vendor/laravel/framework/src/Illuminate/View/Engines/CompilerEngine.php(76): Illuminate/View/Engines/PhpEngine->evaluatePath('C://laragon//www//...', Array)
#18 C:/laragon/www/pos_sahla/vendor/laravel/framework/src/Illuminate/View/View.php(208): Illuminate/View/Engines/CompilerEngine->get('C://laragon//www//...', Array)
#19 C:/laragon/www/pos_sahla/vendor/laravel/framework/src/Illuminate/View/View.php(191): Illuminate/View/View->getContents()
#20 C:/laragon/www/pos_sahla/vendor/laravel/framework/src/Illuminate/View/View.php(160): Illuminate/View/View->renderContents()
#21 C:/laragon/www/pos_sahla/vendor/laravel/framework/src/Illuminate/Http/Response.php(78): Illuminate/View/View->render()
#22 C:/laragon/www/pos_sahla/vendor/laravel/framework/src/Illuminate/Http/Response.php(34): Illuminate/Http/Response->setContent(Object(Illuminate/View/View))
#23 C:/laragon/www/pos_sahla/vendor/laravel/framework/src/Illuminate/Routing/Router.php(939): Illuminate/Http/Response->__construct(Object(Illuminate/View/View), 200, Array)
#24 C:/laragon/www/pos_sahla/vendor/laravel/framework/src/Illuminate/Routing/Router.php(906): Illuminate/Routing/Router::toResponse(Object(Illuminate/Http/Request), Object(Illuminate/View/View))
#25 C:/laragon/www/pos_sahla/vendor/laravel/framework/src/Illuminate/Routing/Router.php(821): Illuminate/Routing/Router->prepareResponse(Object(Illuminate/Http/Request), Object(Illuminate/View/View))
#26 C:/laragon/www/pos_sahla/vendor/laravel/framework/src/Illuminate/Pipeline/Pipeline.php(180): Illuminate/Routing/Router->Illuminate/Routing/{closure}(Object(Illuminate/Http/Request))
#27 C:/laragon/www/pos_sahla/app/Http/Middleware/RoleMiddleware.php(32): Illuminate/Pipeline/Pipeline->Illuminate/Pipeline/{closure}(Object(Illuminate/Http/Request))
#28 C:/laragon/www/pos_sahla/vendor/laravel/framework/src/Illuminate/Pipeline/Pipeline.php(219): App/Http/Middleware/RoleMiddleware->handle(Object(Illuminate/Http/Request), Object(Closure), 'admin', 'kasir')
#29 C:/laragon/www/pos_sahla/vendor/laravel/framework/src/Illuminate/Routing/Middleware/SubstituteBindings.php(50): Illuminate/Pipeline/Pipeline->Illuminate/Pipeline/{closure}(Object(Illuminate/Http/Request))
#30 C:/laragon/www/pos_sahla/vendor/laravel/framework/src/Illuminate/Pipeline/Pipeline.php(219): Illuminate/Routing/Middleware/SubstituteBindings->handle(Object(Illuminate/Http/Request), Object(Closure))
#31 C:/laragon/www/pos_sahla/vendor/laravel/framework/src/Illuminate/Auth/Middleware/Authenticate.php(63): Illuminate/Pipeline/Pipeline->Illuminate/Pipeline/{closure}(Object(Illuminate/Http/Request))
#32 C:/laragon/www/pos_sahla/vendor/laravel/framework/src/Illuminate/Pipeline/Pipeline.php(219): Illuminate/Auth/Middleware/Authenticate->handle(Object(Illuminate/Http/Request), Object(Closure))
#33 C:/laragon/www/pos_sahla/vendor/laravel/framework/src/Illuminate/Foundation/Http/Middleware/VerifyCsrfToken.php(87): Illuminate/Pipeline/Pipeline->Illuminate/Pipeline/{closure}(Object(Illuminate/Http/Request))
#34 C:/laragon/www/pos_sahla/vendor/laravel/framework/src/Illuminate/Pipeline/Pipeline.php(219): Illuminate/Foundation/Http/Middleware/VerifyCsrfToken->handle(Object(Illuminate/Http/Request), Object(Closure))
#35 C:/laragon/www/pos_sahla/vendor/laravel/framework/src/Illuminate/View/Middleware/ShareErrorsFromSession.php(48): Illuminate/Pipeline/Pipeline->Illuminate/Pipeline/{closure}(Object(Illuminate/Http/Request))
#36 C:/laragon/www/pos_sahla/vendor/laravel/framework/src/Illuminate/Pipeline/Pipeline.php(219): Illuminate/View/Middleware/ShareErrorsFromSession->handle(Object(Illuminate/Http/Request), Object(Closure))
#37 C:/laragon/www/pos_sahla/vendor/laravel/framework/src/Illuminate/Session/Middleware/StartSession.php(120): Illuminate/Pipeline/Pipeline->Illuminate/Pipeline/{closure}(Object(Illuminate/Http/Request))
#38 C:/laragon/www/pos_sahla/vendor/laravel/framework/src/Illuminate/Session/Middleware/StartSession.php(63): Illuminate/Session/Middleware/StartSession->handleStatefulRequest(Object(Illuminate/Http/Request), Object(Illuminate/Session/Store), Object(Closure))
#39 C:/laragon/www/pos_sahla/vendor/laravel/framework/src/Illuminate/Pipeline/Pipeline.php(219): Illuminate/Session/Middleware/StartSession->handle(Object(Illuminate/Http/Request), Object(Closure))
#40 C:/laragon/www/pos_sahla/vendor/laravel/framework/src/Illuminate/Cookie/Middleware/AddQueuedCookiesToResponse.php(36): Illuminate/Pipeline/Pipeline->Illuminate/Pipeline/{closure}(Object(Illuminate/Http/Request))
#41 C:/laragon/www/pos_sahla/vendor/laravel/framework/src/Illuminate/Pipeline/Pipeline.php(219): Illuminate/Cookie/Middleware/AddQueuedCookiesToResponse->handle(Object(Illuminate/Http/Request), Object(Closure))
#42 C:/laragon/www/pos_sahla/vendor/laravel/framework/src/Illuminate/Cookie/Middleware/EncryptCookies.php(74): Illuminate/Pipeline/Pipeline->Illuminate/Pipeline/{closure}(Object(Illuminate/Http/Request))
#43 C:/laragon/www/pos_sahla/vendor/laravel/framework/src/Illuminate/Pipeline/Pipeline.php(219): Illuminate/Cookie/Middleware/EncryptCookies->handle(Object(Illuminate/Http/Request), Object(Closure))
#44 C:/laragon/www/pos_sahla/vendor/laravel/framework/src/Illuminate/Pipeline/Pipeline.php(137): Illuminate/Pipeline/Pipeline->Illuminate/Pipeline/{closure}(Object(Illuminate/Http/Request))
#45 C:/laragon/www/pos_sahla/vendor/laravel/framework/src/Illuminate/Routing/Router.php(821): Illuminate/Pipeline/Pipeline->then(Object(Closure))
#46 C:/laragon/www/pos_sahla/vendor/laravel/framework/src/Illuminate/Routing/Router.php(800): Illuminate/Routing/Router->runRouteWithinStack(Object(Illuminate/Routing/Route), Object(Illuminate/Http/Request))
#47 C:/laragon/www/pos_sahla/vendor/laravel/framework/src/Illuminate/Routing/Router.php(764): Illuminate/Routing/Router->runRoute(Object(Illuminate/Http/Request), Object(Illuminate/Routing/Route))
#48 C:/laragon/www/pos_sahla/vendor/laravel/framework/src/Illuminate/Routing/Router.php(753): Illuminate/Routing/Router->dispatchToRoute(Object(Illuminate/Http/Request))
#49 C:/laragon/www/pos_sahla/vendor/laravel/framework/src/Illuminate/Foundation/Http/Kernel.php(200): Illuminate/Routing/Router->dispatch(Object(Illuminate/Http/Request))
#50 C:/laragon/www/pos_sahla/vendor/laravel/framework/src/Illuminate/Pipeline/Pipeline.php(180): Illuminate/Foundation/Http/Kernel->Illuminate/Foundation/Http/{closure}(Object(Illuminate/Http/Request))
#51 C:/laragon/www/pos_sahla/vendor/laravel/framework/src/Illuminate/Foundation/Http/Middleware/TransformsRequest.php(21): Illuminate/Pipeline/Pipeline->Illuminate/Pipeline/{closure}(Object(Illuminate/Http/Request))
#52 C:/laragon/www/pos_sahla/vendor/laravel/framework/src/Illuminate/Foundation/Http/Middleware/ConvertEmptyStringsToNull.php(31): Illuminate/Foundation/Http/Middleware/TransformsRequest->handle(Object(Illuminate/Http/Request), Object(Closure))
#53 C:/laragon/www/pos_sahla/vendor/laravel/framework/src/Illuminate/Pipeline/Pipeline.php(219): Illuminate/Foundation/Http/Middleware/ConvertEmptyStringsToNull->handle(Object(Illuminate/Http/Request), Object(Closure))
#54 C:/laragon/www/pos_sahla/vendor/laravel/framework/src/Illuminate/Foundation/Http/Middleware/TransformsRequest.php(21): Illuminate/Pipeline/Pipeline->Illuminate/Pipeline/{closure}(Object(Illuminate/Http/Request))
#55 C:/laragon/www/pos_sahla/vendor/laravel/framework/src/Illuminate/Foundation/Http/Middleware/TrimStrings.php(51): Illuminate/Foundation/Http/Middleware/TransformsRequest->handle(Object(Illuminate/Http/Request), Object(Closure))
#56 C:/laragon/www/pos_sahla/vendor/laravel/framework/src/Illuminate/Pipeline/Pipeline.php(219): Illuminate/Foundation/Http/Middleware/TrimStrings->handle(Object(Illuminate/Http/Request), Object(Closure))
#57 C:/laragon/www/pos_sahla/vendor/laravel/framework/src/Illuminate/Http/Middleware/ValidatePostSize.php(27): Illuminate/Pipeline/Pipeline->Illuminate/Pipeline/{closure}(Object(Illuminate/Http/Request))
#58 C:/laragon/www/pos_sahla/vendor/laravel/framework/src/Illuminate/Pipeline/Pipeline.php(219): Illuminate/Http/Middleware/ValidatePostSize->handle(Object(Illuminate/Http/Request), Object(Closure))
#59 C:/laragon/www/pos_sahla/vendor/laravel/framework/src/Illuminate/Foundation/Http/Middleware/PreventRequestsDuringMaintenance.php(109): Illuminate/Pipeline/Pipeline->Illuminate/Pipeline/{closure}(Object(Illuminate/Http/Request))
#60 C:/laragon/www/pos_sahla/vendor/laravel/framework/src/Illuminate/Pipeline/Pipeline.php(219): Illuminate/Foundation/Http/Middleware/PreventRequestsDuringMaintenance->handle(Object(Illuminate/Http/Request), Object(Closure))
#61 C:/laragon/www/pos_sahla/vendor/laravel/framework/src/Illuminate/Http/Middleware/HandleCors.php(61): Illuminate/Pipeline/Pipeline->Illuminate/Pipeline/{closure}(Object(Illuminate/Http/Request))
#62 C:/laragon/www/pos_sahla/vendor/laravel/framework/src/Illuminate/Pipeline/Pipeline.php(219): Illuminate/Http/Middleware/HandleCors->handle(Object(Illuminate/Http/Request), Object(Closure))
#63 C:/laragon/www/pos_sahla/vendor/laravel/framework/src/Illuminate/Http/Middleware/TrustProxies.php(58): Illuminate/Pipeline/Pipeline->Illuminate/Pipeline/{closure}(Object(Illuminate/Http/Request))
#64 C:/laragon/www/pos_sahla/vendor/laravel/framework/src/Illuminate/Pipeline/Pipeline.php(219): Illuminate/Http/Middleware/TrustProxies->handle(Object(Illuminate/Http/Request), Object(Closure))
#65 C:/laragon/www/pos_sahla/vendor/laravel/framework/src/Illuminate/Foundation/Http/Middleware/InvokeDeferredCallbacks.php(22): Illuminate/Pipeline/Pipeline->Illuminate/Pipeline/{closure}(Object(Illuminate/Http/Request))
#66 C:/laragon/www/pos_sahla/vendor/laravel/framework/src/Illuminate/Pipeline/Pipeline.php(219): Illuminate/Foundation/Http/Middleware/InvokeDeferredCallbacks->handle(Object(Illuminate/Http/Request), Object(Closure))
#67 C:/laragon/www/pos_sahla/vendor/laravel/framework/src/Illuminate/Http/Middleware/ValidatePathEncoding.php(26): Illuminate/Pipeline/Pipeline->Illuminate/Pipeline/{closure}(Object(Illuminate/Http/Request))
#68 C:/laragon/www/pos_sahla/vendor/laravel/framework/src/Illuminate/Pipeline/Pipeline.php(219): Illuminate/Http/Middleware/ValidatePathEncoding->handle(Object(Illuminate/Http/Request), Object(Closure))
#69 C:/laragon/www/pos_sahla/vendor/laravel/framework/src/Illuminate/Pipeline/Pipeline.php(137): Illuminate/Pipeline/Pipeline->Illuminate/Pipeline/{closure}(Object(Illuminate/Http/Request))
#70 C:/laragon/www/pos_sahla/vendor/laravel/framework/src/Illuminate/Foundation/Http/Kernel.php(175): Illuminate/Pipeline/Pipeline->then(Object(Closure))
#71 C:/laragon/www/pos_sahla/vendor/laravel/framework/src/Illuminate/Foundation/Http/Kernel.php(144): Illuminate/Foundation/Http/Kernel->sendRequestThroughRouter(Object(Illuminate/Http/Request))
#72 C:/laragon/www/pos_sahla/vendor/laravel/framework/src/Illuminate/Foundation/Application.php(1220): Illuminate/Foundation/Http/Kernel->handle(Object(Illuminate/Http/Request))
#73 C:/laragon/www/pos_sahla/public/index.php(20): Illuminate/Foundation/Application->handleRequest(Object(Illuminate/Http/Request))
#74 C:/laragon/www/pos_sahla/vendor/laravel/framework/src/Illuminate/Foundation/resources/server.php(23): require_once('C://laragon//www//...')
#75 {main}

[previous exception] [object] (Symfony\\Component\\Routing\\Exception\\RouteNotFoundException(code: 0): Route [admin.jenis.index] not defined. at C:/laragon/www/pos_sahla/vendor/laravel/framework/src/Illuminate/Routing/UrlGenerator.php:528)
[stacktrace]
#0 C:/laragon/www/pos_sahla/vendor/laravel/framework/src/Illuminate/Foundation/helpers.php(870): Illuminate/Routing/UrlGenerator->route('admin.jenis.ind...', Array, true)
#1 C:/laragon/www/pos_sahla/storage/framework/views/ccd616c32b3192bda9c11a7c5d19e467.php(58): route('admin.jenis.ind...')
#2 C:/laragon/www/pos_sahla/vendor/laravel/framework/src/Illuminate/Filesystem/Filesystem.php(123): require('C://laragon//www//...')
#3 C:/laragon/www/pos_sahla/vendor/laravel/framework/src/Illuminate/Filesystem/Filesystem.php(124): Illuminate/Filesystem/Filesystem::Illuminate/Filesystem/{closure}()
#4 C:/laragon/www/pos_sahla/vendor/laravel/framework/src/Illuminate/View/Engines/PhpEngine.php(57): Illuminate/Filesystem/Filesystem->getRequire('C://laragon//www//...', Array)
#5 C:/laragon/www/pos_sahla/vendor/laravel/framework/src/Illuminate/View/Engines/CompilerEngine.php(76): Illuminate/View/Engines/PhpEngine->evaluatePath('C://laragon//www//...', Array)
#6 C:/laragon/www/pos_sahla/vendor/laravel/framework/src/Illuminate/View/View.php(208): Illuminate/View/Engines/CompilerEngine->get('C://laragon//www//...', Array)
#7 C:/laragon/www/pos_sahla/vendor/laravel/framework/src/Illuminate/View/View.php(191): Illuminate/View/View->getContents()
#8 C:/laragon/www/pos_sahla/vendor/laravel/framework/src/Illuminate/View/View.php(160): Illuminate/View/View->renderContents()
#9 C:/laragon/www/pos_sahla/storage/framework/views/2ffd66219761abe178fa994925b7cb44.php(12): Illuminate/View/View->render()
#10 C:/laragon/www/pos_sahla/vendor/laravel/framework/src/Illuminate/Filesystem/Filesystem.php(123): require('C://laragon//www//...')
#11 C:/laragon/www/pos_sahla/vendor/laravel/framework/src/Illuminate/Filesystem/Filesystem.php(124): Illuminate/Filesystem/Filesystem::Illuminate/Filesystem/{closure}()
#12 C:/laragon/www/pos_sahla/vendor/laravel/framework/src/Illuminate/View/Engines/PhpEngine.php(57): Illuminate/Filesystem/Filesystem->getRequire('C://laragon//www//...', Array)
#13 C:/laragon/www/pos_sahla/vendor/laravel/framework/src/Illuminate/View/Engines/CompilerEngine.php(76): Illuminate/View/Engines/PhpEngine->evaluatePath('C://laragon//www//...', Array)
#14 C:/laragon/www/pos_sahla/vendor/laravel/framework/src/Illuminate/View/View.php(208): Illuminate/View/Engines/CompilerEngine->get('C://laragon//www//...', Array)
#15 C:/laragon/www/pos_sahla/vendor/laravel/framework/src/Illuminate/View/View.php(191): Illuminate/View/View->getContents()
#16 C:/laragon/www/pos_sahla/vendor/laravel/framework/src/Illuminate/View/View.php(160): Illuminate/View/View->renderContents()
#17 C:/laragon/www/pos_sahla/storage/framework/views/e80e6de296a8f85c6c8f84001c921b73.php(290): Illuminate/View/View->render()
#18 C:/laragon/www/pos_sahla/vendor/laravel/framework/src/Illuminate/Filesystem/Filesystem.php(123): require('C://laragon//www//...')
#19 C:/laragon/www/pos_sahla/vendor/laravel/framework/src/Illuminate/Filesystem/Filesystem.php(124): Illuminate/Filesystem/Filesystem::Illuminate/Filesystem/{closure}()
#20 C:/laragon/www/pos_sahla/vendor/laravel/framework/src/Illuminate/View/Engines/PhpEngine.php(57): Illuminate/Filesystem/Filesystem->getRequire('C://laragon//www//...', Array)
#21 C:/laragon/www/pos_sahla/vendor/laravel/framework/src/Illuminate/View/Engines/CompilerEngine.php(76): Illuminate/View/Engines/PhpEngine->evaluatePath('C://laragon//www//...', Array)
#22 C:/laragon/www/pos_sahla/vendor/laravel/framework/src/Illuminate/View/View.php(208): Illuminate/View/Engines/CompilerEngine->get('C://laragon//www//...', Array)
#23 C:/laragon/www/pos_sahla/vendor/laravel/framework/src/Illuminate/View/View.php(191): Illuminate/View/View->getContents()
#24 C:/laragon/www/pos_sahla/vendor/laravel/framework/src/Illuminate/View/View.php(160): Illuminate/View/View->renderContents()
#25 C:/laragon/www/pos_sahla/vendor/laravel/framework/src/Illuminate/Http/Response.php(78): Illuminate/View/View->render()
#26 C:/laragon/www/pos_sahla/vendor/laravel/framework/src/Illuminate/Http/Response.php(34): Illuminate/Http/Response->setContent(Object(Illuminate/View/View))
#27 C:/laragon/www/pos_sahla/vendor/laravel/framework/src/Illuminate/Routing/Router.php(939): Illuminate/Http/Response->__construct(Object(Illuminate/View/View), 200, Array)
#28 C:/laragon/www/pos_sahla/vendor/laravel/framework/src/Illuminate/Routing/Router.php(906): Illuminate/Routing/Router::toResponse(Object(Illuminate/Http/Request), Object(Illuminate/View/View))
#29 C:/laragon/www/pos_sahla/vendor/laravel/framework/src/Illuminate/Routing/Router.php(821): Illuminate/Routing/Router->prepareResponse(Object(Illuminate/Http/Request), Object(Illuminate/View/View))
#30 C:/laragon/www/pos_sahla/vendor/laravel/framework/src/Illuminate/Pipeline/Pipeline.php(180): Illuminate/Routing/Router->Illuminate/Routing/{closure}(Object(Illuminate/Http/Request))
#31 C:/laragon/www/pos_sahla/app/Http/Middleware/RoleMiddleware.php(32): Illuminate/Pipeline/Pipeline->Illuminate/Pipeline/{closure}(Object(Illuminate/Http/Request))
#32 C:/laragon/www/pos_sahla/vendor/laravel/framework/src/Illuminate/Pipeline/Pipeline.php(219): App/Http/Middleware/RoleMiddleware->handle(Object(Illuminate/Http/Request), Object(Closure), 'admin', 'kasir')
#33 C:/laragon/www/pos_sahla/vendor/laravel/framework/src/Illuminate/Routing/Middleware/SubstituteBindings.php(50): Illuminate/Pipeline/Pipeline->Illuminate/Pipeline/{closure}(Object(Illuminate/Http/Request))
#34 C:/laragon/www/pos_sahla/vendor/laravel/framework/src/Illuminate/Pipeline/Pipeline.php(219): Illuminate/Routing/Middleware/SubstituteBindings->handle(Object(Illuminate/Http/Request), Object(Closure))
#35 C:/laragon/www/pos_sahla/vendor/laravel/framework/src/Illuminate/Auth/Middleware/Authenticate.php(63): Illuminate/Pipeline/Pipeline->Illuminate/Pipeline/{closure}(Object(Illuminate/Http/Request))
#36 C:/laragon/www/pos_sahla/vendor/laravel/framework/src/Illuminate/Pipeline/Pipeline.php(219): Illuminate/Auth/Middleware/Authenticate->handle(Object(Illuminate/Http/Request), Object(Closure))
#37 C:/laragon/www/pos_sahla/vendor/laravel/framework/src/Illuminate/Foundation/Http/Middleware/VerifyCsrfToken.php(87): Illuminate/Pipeline/Pipeline->Illuminate/Pipeline/{closure}(Object(Illuminate/Http/Request))
#38 C:/laragon/www/pos_sahla/vendor/laravel/framework/src/Illuminate/Pipeline/Pipeline.php(219): Illuminate/Foundation/Http/Middleware/VerifyCsrfToken->handle(Object(Illuminate/Http/Request), Object(Closure))
#39 C:/laragon/www/pos_sahla/vendor/laravel/framework/src/Illuminate/View/Middleware/ShareErrorsFromSession.php(48): Illuminate/Pipeline/Pipeline->Illuminate/Pipeline/{closure}(Object(Illuminate/Http/Request))
#40 C:/laragon/www/pos_sahla/vendor/laravel/framework/src/Illuminate/Pipeline/Pipeline.php(219): Illuminate/View/Middleware/ShareErrorsFromSession->handle(Object(Illuminate/Http/Request), Object(Closure))
#41 C:/laragon/www/pos_sahla/vendor/laravel/framework/src/Illuminate/Session/Middleware/StartSession.php(120): Illuminate/Pipeline/Pipeline->Illuminate/Pipeline/{closure}(Object(Illuminate/Http/Request))
#42 C:/laragon/www/pos_sahla/vendor/laravel/framework/src/Illuminate/Session/Middleware/StartSession.php(63): Illuminate/Session/Middleware/StartSession->handleStatefulRequest(Object(Illuminate/Http/Request), Object(Illuminate/Session/Store), Object(Closure))
#43 C:/laragon/www/pos_sahla/vendor/laravel/framework/src/Illuminate/Pipeline/Pipeline.php(219): Illuminate/Session/Middleware/StartSession->handle(Object(Illuminate/Http/Request), Object(Closure))
#44 C:/laragon/www/pos_sahla/vendor/laravel/framework/src/Illuminate/Cookie/Middleware/AddQueuedCookiesToResponse.php(36): Illuminate/Pipeline/Pipeline->Illuminate/Pipeline/{closure}(Object(Illuminate/Http/Request))
#45 C:/laragon/www/pos_sahla/vendor/laravel/framework/src/Illuminate/Pipeline/Pipeline.php(219): Illuminate/Cookie/Middleware/AddQueuedCookiesToResponse->handle(Object(Illuminate/Http/Request), Object(Closure))
#46 C:/laragon/www/pos_sahla/vendor/laravel/framework/src/Illuminate/Cookie/Middleware/EncryptCookies.php(74): Illuminate/Pipeline/Pipeline->Illuminate/Pipeline/{closure}(Object(Illuminate/Http/Request))
#47 C:/laragon/www/pos_sahla/vendor/laravel/framework/src/Illuminate/Pipeline/Pipeline.php(219): Illuminate/Cookie/Middleware/EncryptCookies->handle(Object(Illuminate/Http/Request), Object(Closure))
#48 C:/laragon/www/pos_sahla/vendor/laravel/framework/src/Illuminate/Pipeline/Pipeline.php(137): Illuminate/Pipeline/Pipeline->Illuminate/Pipeline/{closure}(Object(Illuminate/Http/Request))
#49 C:/laragon/www/pos_sahla/vendor/laravel/framework/src/Illuminate/Routing/Router.php(821): Illuminate/Pipeline/Pipeline->then(Object(Closure))
#50 C:/laragon/www/pos_sahla/vendor/laravel/framework/src/Illuminate/Routing/Router.php(800): Illuminate/Routing/Router->runRouteWithinStack(Object(Illuminate/Routing/Route), Object(Illuminate/Http/Request))
#51 C:/laragon/www/pos_sahla/vendor/laravel/framework/src/Illuminate/Routing/Router.php(764): Illuminate/Routing/Router->runRoute(Object(Illuminate/Http/Request), Object(Illuminate/Routing/Route))
#52 C:/laragon/www/pos_sahla/vendor/laravel/framework/src/Illuminate/Routing/Router.php(753): Illuminate/Routing/Router->dispatchToRoute(Object(Illuminate/Http/Request))
#53 C:/laragon/www/pos_sahla/vendor/laravel/framework/src/Illuminate/Foundation/Http/Kernel.php(200): Illuminate/Routing/Router->dispatch(Object(Illuminate/Http/Request))
#54 C:/laragon/www/pos_sahla/vendor/laravel/framework/src/Illuminate/Pipeline/Pipeline.php(180): Illuminate/Foundation/Http/Kernel->Illuminate/Foundation/Http/{closure}(Object(Illuminate/Http/Request))
#55 C:/laragon/www/pos_sahla/vendor/laravel/framework/src/Illuminate/Foundation/Http/Middleware/TransformsRequest.php(21): Illuminate/Pipeline/Pipeline->Illuminate/Pipeline/{closure}(Object(Illuminate/Http/Request))
#56 C:/laragon/www/pos_sahla/vendor/laravel/framework/src/Illuminate/Foundation/Http/Middleware/ConvertEmptyStringsToNull.php(31): Illuminate/Foundation/Http/Middleware/TransformsRequest->handle(Object(Illuminate/Http/Request), Object(Closure))
#57 C:/laragon/www/pos_sahla/vendor/laravel/framework/src/Illuminate/Pipeline/Pipeline.php(219): Illuminate/Foundation/Http/Middleware/ConvertEmptyStringsToNull->handle(Object(Illuminate/Http/Request), Object(Closure))
#58 C:/laragon/www/pos_sahla/vendor/laravel/framework/src/Illuminate/Foundation/Http/Middleware/TransformsRequest.php(21): Illuminate/Pipeline/Pipeline->Illuminate/Pipeline/{closure}(Object(Illuminate/Http/Request))
#59 C:/laragon/www/pos_sahla/vendor/laravel/framework/src/Illuminate/Foundation/Http/Middleware/TrimStrings.php(51): Illuminate/Foundation/Http/Middleware/TransformsRequest->handle(Object(Illuminate/Http/Request), Object(Closure))
#60 C:/laragon/www/pos_sahla/vendor/laravel/framework/src/Illuminate/Pipeline/Pipeline.php(219): Illuminate/Foundation/Http/Middleware/TrimStrings->handle(Object(Illuminate/Http/Request), Object(Closure))
#61 C:/laragon/www/pos_sahla/vendor/laravel/framework/src/Illuminate/Http/Middleware/ValidatePostSize.php(27): Illuminate/Pipeline/Pipeline->Illuminate/Pipeline/{closure}(Object(Illuminate/Http/Request))
#62 C:/laragon/www/pos_sahla/vendor/laravel/framework/src/Illuminate/Pipeline/Pipeline.php(219): Illuminate/Http/Middleware/ValidatePostSize->handle(Object(Illuminate/Http/Request), Object(Closure))
#63 C:/laragon/www/pos_sahla/vendor/laravel/framework/src/Illuminate/Foundation/Http/Middleware/PreventRequestsDuringMaintenance.php(109): Illuminate/Pipeline/Pipeline->Illuminate/Pipeline/{closure}(Object(Illuminate/Http/Request))
#64 C:/laragon/www/pos_sahla/vendor/laravel/framework/src/Illuminate/Pipeline/Pipeline.php(219): Illuminate/Foundation/Http/Middleware/PreventRequestsDuringMaintenance->handle(Object(Illuminate/Http/Request), Object(Closure))
#65 C:/laragon/www/pos_sahla/vendor/laravel/framework/src/Illuminate/Http/Middleware/HandleCors.php(61): Illuminate/Pipeline/Pipeline->Illuminate/Pipeline/{closure}(Object(Illuminate/Http/Request))
#66 C:/laragon/www/pos_sahla/vendor/laravel/framework/src/Illuminate/Pipeline/Pipeline.php(219): Illuminate/Http/Middleware/HandleCors->handle(Object(Illuminate/Http/Request), Object(Closure))
#67 C:/laragon/www/pos_sahla/vendor/laravel/framework/src/Illuminate/Http/Middleware/TrustProxies.php(58): Illuminate/Pipeline/Pipeline->Illuminate/Pipeline/{closure}(Object(Illuminate/Http/Request))
#68 C:/laragon/www/pos_sahla/vendor/laravel/framework/src/Illuminate/Pipeline/Pipeline.php(219): Illuminate/Http/Middleware/TrustProxies->handle(Object(Illuminate/Http/Request), Object(Closure))
#69 C:/laragon/www/pos_sahla/vendor/laravel/framework/src/Illuminate/Foundation/Http/Middleware/InvokeDeferredCallbacks.php(22): Illuminate/Pipeline/Pipeline->Illuminate/Pipeline/{closure}(Object(Illuminate/Http/Request))
#70 C:/laragon/www/pos_sahla/vendor/laravel/framework/src/Illuminate/Pipeline/Pipeline.php(219): Illuminate/Foundation/Http/Middleware/InvokeDeferredCallbacks->handle(Object(Illuminate/Http/Request), Object(Closure))
#71 C:/laragon/www/pos_sahla/vendor/laravel/framework/src/Illuminate/Http/Middleware/ValidatePathEncoding.php(26): Illuminate/Pipeline/Pipeline->Illuminate/Pipeline/{closure}(Object(Illuminate/Http/Request))
#72 C:/laragon/www/pos_sahla/vendor/laravel/framework/src/Illuminate/Pipeline/Pipeline.php(219): Illuminate/Http/Middleware/ValidatePathEncoding->handle(Object(Illuminate/Http/Request), Object(Closure))
#73 C:/laragon/www/pos_sahla/vendor/laravel/framework/src/Illuminate/Pipeline/Pipeline.php(137): Illuminate/Pipeline/Pipeline->Illuminate/Pipeline/{closure}(Object(Illuminate/Http/Request))
#74 C:/laragon/www/pos_sahla/vendor/laravel/framework/src/Illuminate/Foundation/Http/Kernel.php(175): Illuminate/Pipeline/Pipeline->then(Object(Closure))
#75 C:/laragon/www/pos_sahla/vendor/laravel/framework/src/Illuminate/Foundation/Http/Kernel.php(144): Illuminate/Foundation/Http/Kernel->sendRequestThroughRouter(Object(Illuminate/Http/Request))
#76 C:/laragon/www/pos_sahla/vendor/laravel/framework/src/Illuminate/Foundation/Application.php(1220): Illuminate/Foundation/Http/Kernel->handle(Object(Illuminate/Http/Request))
#77 C:/laragon/www/pos_sahla/public/index.php(20): Illuminate/Foundation/Application->handleRequest(Object(Illuminate/Http/Request))
#78 C:/laragon/www/pos_sahla/vendor/laravel/framework/src/Illuminate/Foundation/resources/server.php(23): require_once('C://laragon//www//...')
#79 {main}
"} 
[2026-08-12 04:33:50] local.ERROR: Uncaught ReflectionException: Class "App\Policies\ProdukPolicy" does not exist in Command line code:1
Stack trace:
#0 Command line code(1): ReflectionClass->__construct('App\\Policies\\Pr...')
#1 [internal function]: {closure}('App\\Policies\\Pr...', 'App\\Models\\Prod...')
#2 Command line code(1): array_map(Object(Closure), Array, Array)
#3 {main}
  thrown {"exception":"[object] (Symfony\\Component\\ErrorHandler\\Error\\FatalError(code: 0): Uncaught ReflectionException: Class \"App\\Policies\\ProdukPolicy\" does not exist in Command line code:1
Stack trace:
#0 Command line code(1): ReflectionClass->__construct('App\\\\Policies\\\\Pr...')
#1 [internal function]: {closure}('App\\\\Policies\\\\Pr...', 'App\\\\Models\\\\Prod...')
#2 Command line code(1): array_map(Object(Closure), Array, Array)
#3 {main}
  thrown at Command line code:1)
[stacktrace]
#0 {main}
"} 
[2026-08-12 04:34:51] local.ERROR: Uncaught ReflectionException: Class "App\Policies\ProdukPolicy" does not exist in Command line code:1
Stack trace:
#0 Command line code(1): ReflectionClass->__construct('App\\Policies\\Pr...')
#1 [internal function]: {closure}('App\\Policies\\Pr...', 'App\\Models\\Prod...')
#2 Command line code(1): array_map(Object(Closure), Array, Array)
#3 {main}
  thrown {"exception":"[object] (Symfony\\Component\\ErrorHandler\\Error\\FatalError(code: 0): Uncaught ReflectionException: Class \"App\\Policies\\ProdukPolicy\" does not exist in Command line code:1
Stack trace:
#0 Command line code(1): ReflectionClass->__construct('App\\\\Policies\\\\Pr...')
#1 [internal function]: {closure}('App\\\\Policies\\\\Pr...', 'App\\\\Models\\\\Prod...')
#2 Command line code(1): array_map(Object(Closure), Array, Array)
#3 {main}
  thrown at Command line code:1)
[stacktrace]
#0 {main}
"} 
[2026-08-12 04:35:16] local.ERROR: SQLSTATE[42S02]: Base table or view not found: 1146 Table 'pos_sahlamanda.jenis' doesn't exist (Connection: mysql, Host: 127.0.0.1, Port: 3306, Database: pos_sahlamanda, SQL: select count(*) as aggregate from `jenis`) {"userId":2,"exception":"[object] (Illuminate\\Database\\QueryException(code: 42S02): SQLSTATE[42S02]: Base table or view not found: 1146 Table 'pos_sahlamanda.jenis' doesn't exist (Connection: mysql, Host: 127.0.0.1, Port: 3306, Database: pos_sahlamanda, SQL: select count(*) as aggregate from `jenis`) at C:/laragon/www/pos_sahla/vendor/laravel/framework/src/Illuminate/Database/Connection.php:838)
[stacktrace]
#0 C:/laragon/www/pos_sahla/vendor/laravel/framework/src/Illuminate/Database/Connection.php(794): Illuminate/Database/Connection->runQueryCallback('select count(*)...', Array, Object(Closure))
#1 C:/laragon/www/pos_sahla/vendor/laravel/framework/src/Illuminate/Database/Connection.php(411): Illuminate/Database/Connection->run('select count(*)...', Array, Object(Closure))
#2 C:/laragon/www/pos_sahla/vendor/laravel/framework/src/Illuminate/Database/Query/Builder.php(3505): Illuminate/Database/Connection->select('select count(*)...', Array, true)
#3 C:/laragon/www/pos_sahla/vendor/laravel/framework/src/Illuminate/Database/Query/Builder.php(3490): Illuminate/Database/Query/Builder->runSelect()
#4 C:/laragon/www/pos_sahla/vendor/laravel/framework/src/Illuminate/Database/Query/Builder.php(4080): Illuminate/Database/Query/Builder->Illuminate/Database/Query/{closure}()
#5 C:/laragon/www/pos_sahla/vendor/laravel/framework/src/Illuminate/Database/Query/Builder.php(3489): Illuminate/Database/Query/Builder->onceWithColumns(Array, Object(Closure))
#6 C:/laragon/www/pos_sahla/vendor/laravel/framework/src/Illuminate/Database/Query/Builder.php(3684): Illuminate/Database/Query/Builder->get()
#7 C:/laragon/www/pos_sahla/vendor/laravel/framework/src/Illuminate/Database/Query/Builder.php(3643): Illuminate/Database/Query/Builder->runPaginationCountQuery(Array)
#8 C:/laragon/www/pos_sahla/vendor/laravel/framework/src/Illuminate/Database/Eloquent/Builder.php(1120): Illuminate/Database/Query/Builder->getCountForPagination()
#9 C:/laragon/www/pos_sahla/app/Http/Controllers/JenisController.php(22): Illuminate/Database/Eloquent/Builder->paginate(10)
#10 C:/laragon/www/pos_sahla/vendor/laravel/framework/src/Illuminate/Routing/Controller.php(54): App/Http/Controllers/JenisController->index(Object(App/Http/Requests/SearchRequest))
#11 C:/laragon/www/pos_sahla/vendor/laravel/framework/src/Illuminate/Routing/ControllerDispatcher.php(43): Illuminate/Routing/Controller->callAction('index', Array)
#12 C:/laragon/www/pos_sahla/vendor/laravel/framework/src/Illuminate/Routing/Route.php(265): Illuminate/Routing/ControllerDispatcher->dispatch(Object(Illuminate/Routing/Route), Object(App/Http/Controllers/JenisController), 'index')
#13 C:/laragon/www/pos_sahla/vendor/laravel/framework/src/Illuminate/Routing/Route.php(211): Illuminate/Routing/Route->runController()
#14 C:/laragon/www/pos_sahla/vendor/laravel/framework/src/Illuminate/Routing/Router.php(822): Illuminate/Routing/Route->run()
#15 C:/laragon/www/pos_sahla/vendor/laravel/framework/src/Illuminate/Pipeline/Pipeline.php(180): Illuminate/Routing/Router->Illuminate/Routing/{closure}(Object(Illuminate/Http/Request))
#16 C:/laragon/www/pos_sahla/app/Http/Middleware/RoleMiddleware.php(32): Illuminate/Pipeline/Pipeline->Illuminate/Pipeline/{closure}(Object(Illuminate/Http/Request))
#17 C:/laragon/www/pos_sahla/vendor/laravel/framework/src/Illuminate/Pipeline/Pipeline.php(219): App/Http/Middleware/RoleMiddleware->handle(Object(Illuminate/Http/Request), Object(Closure), 'admin', 'kasir')
#18 C:/laragon/www/pos_sahla/vendor/laravel/framework/src/Illuminate/Routing/Middleware/SubstituteBindings.php(50): Illuminate/Pipeline/Pipeline->Illuminate/Pipeline/{closure}(Object(Illuminate/Http/Request))
#19 C:/laragon/www/pos_sahla/vendor/laravel/framework/src/Illuminate/Pipeline/Pipeline.php(219): Illuminate/Routing/Middleware/SubstituteBindings->handle(Object(Illuminate/Http/Request), Object(Closure))
#20 C:/laragon/www/pos_sahla/vendor/laravel/framework/src/Illuminate/Auth/Middleware/Authenticate.php(63): Illuminate/Pipeline/Pipeline->Illuminate/Pipeline/{closure}(Object(Illuminate/Http/Request))
#21 C:/laragon/www/pos_sahla/vendor/laravel/framework/src/Illuminate/Pipeline/Pipeline.php(219): Illuminate/Auth/Middleware/Authenticate->handle(Object(Illuminate/Http/Request), Object(Closure))
#22 C:/laragon/www/pos_sahla/vendor/laravel/framework/src/Illuminate/Foundation/Http/Middleware/VerifyCsrfToken.php(87): Illuminate/Pipeline/Pipeline->Illuminate/Pipeline/{closure}(Object(Illuminate/Http/Request))
#23 C:/laragon/www/pos_sahla/vendor/laravel/framework/src/Illuminate/Pipeline/Pipeline.php(219): Illuminate/Foundation/Http/Middleware/VerifyCsrfToken->handle(Object(Illuminate/Http/Request), Object(Closure))
#24 C:/laragon/www/pos_sahla/vendor/laravel/framework/src/Illuminate/View/Middleware/ShareErrorsFromSession.php(48): Illuminate/Pipeline/Pipeline->Illuminate/Pipeline/{closure}(Object(Illuminate/Http/Request))
#25 C:/laragon/www/pos_sahla/vendor/laravel/framework/src/Illuminate/Pipeline/Pipeline.php(219): Illuminate/View/Middleware/ShareErrorsFromSession->handle(Object(Illuminate/Http/Request), Object(Closure))
#26 C:/laragon/www/pos_sahla/vendor/laravel/framework/src/Illuminate/Session/Middleware/StartSession.php(120): Illuminate/Pipeline/Pipeline->Illuminate/Pipeline/{closure}(Object(Illuminate/Http/Request))
#27 C:/laragon/www/pos_sahla/vendor/laravel/framework/src/Illuminate/Session/Middleware/StartSession.php(63): Illuminate/Session/Middleware/StartSession->handleStatefulRequest(Object(Illuminate/Http/Request), Object(Illuminate/Session/Store), Object(Closure))
#28 C:/laragon/www/pos_sahla/vendor/laravel/framework/src/Illuminate/Pipeline/Pipeline.php(219): Illuminate/Session/Middleware/StartSession->handle(Object(Illuminate/Http/Request), Object(Closure))
#29 C:/laragon/www/pos_sahla/vendor/laravel/framework/src/Illuminate/Cookie/Middleware/AddQueuedCookiesToResponse.php(36): Illuminate/Pipeline/Pipeline->Illuminate/Pipeline/{closure}(Object(Illuminate/Http/Request))
#30 C:/laragon/www/pos_sahla/vendor/laravel/framework/src/Illuminate/Pipeline/Pipeline.php(219): Illuminate/Cookie/Middleware/AddQueuedCookiesToResponse->handle(Object(Illuminate/Http/Request), Object(Closure))
#31 C:/laragon/www/pos_sahla/vendor/laravel/framework/src/Illuminate/Cookie/Middleware/EncryptCookies.php(74): Illuminate/Pipeline/Pipeline->Illuminate/Pipeline/{closure}(Object(Illuminate/Http/Request))
#32 C:/laragon/www/pos_sahla/vendor/laravel/framework/src/Illuminate/Pipeline/Pipeline.php(219): Illuminate/Cookie/Middleware/EncryptCookies->handle(Object(Illuminate/Http/Request), Object(Closure))
#33 C:/laragon/www/pos_sahla/vendor/laravel/framework/src/Illuminate/Pipeline/Pipeline.php(137): Illuminate/Pipeline/Pipeline->Illuminate/Pipeline/{closure}(Object(Illuminate/Http/Request))
#34 C:/laragon/www/pos_sahla/vendor/laravel/framework/src/Illuminate/Routing/Router.php(821): Illuminate/Pipeline/Pipeline->then(Object(Closure))
#35 C:/laragon/www/pos_sahla/vendor/laravel/framework/src/Illuminate/Routing/Router.php(800): Illuminate/Routing/Router->runRouteWithinStack(Object(Illuminate/Routing/Route), Object(Illuminate/Http/Request))
#36 C:/laragon/www/pos_sahla/vendor/laravel/framework/src/Illuminate/Routing/Router.php(764): Illuminate/Routing/Router->runRoute(Object(Illuminate/Http/Request), Object(Illuminate/Routing/Route))
#37 C:/laragon/www/pos_sahla/vendor/laravel/framework/src/Illuminate/Routing/Router.php(753): Illuminate/Routing/Router->dispatchToRoute(Object(Illuminate/Http/Request))
#38 C:/laragon/www/pos_sahla/vendor/laravel/framework/src/Illuminate/Foundation/Http/Kernel.php(200): Illuminate/Routing/Router->dispatch(Object(Illuminate/Http/Request))
#39 C:/laragon/www/pos_sahla/vendor/laravel/framework/src/Illuminate/Pipeline/Pipeline.php(180): Illuminate/Foundation/Http/Kernel->Illuminate/Foundation/Http/{closure}(Object(Illuminate/Http/Request))
#40 C:/laragon/www/pos_sahla/vendor/laravel/framework/src/Illuminate/Foundation/Http/Middleware/TransformsRequest.php(21): Illuminate/Pipeline/Pipeline->Illuminate/Pipeline/{closure}(Object(Illuminate/Http/Request))
#41 C:/laragon/www/pos_sahla/vendor/laravel/framework/src/Illuminate/Foundation/Http/Middleware/ConvertEmptyStringsToNull.php(31): Illuminate/Foundation/Http/Middleware/TransformsRequest->handle(Object(Illuminate/Http/Request), Object(Closure))
#42 C:/laragon/www/pos_sahla/vendor/laravel/framework/src/Illuminate/Pipeline/Pipeline.php(219): Illuminate/Foundation/Http/Middleware/ConvertEmptyStringsToNull->handle(Object(Illuminate/Http/Request), Object(Closure))
#43 C:/laragon/www/pos_sahla/vendor/laravel/framework/src/Illuminate/Foundation/Http/Middleware/TransformsRequest.php(21): Illuminate/Pipeline/Pipeline->Illuminate/Pipeline/{closure}(Object(Illuminate/Http/Request))
#44 C:/laragon/www/pos_sahla/vendor/laravel/framework/src/Illuminate/Foundation/Http/Middleware/TrimStrings.php(51): Illuminate/Foundation/Http/Middleware/TransformsRequest->handle(Object(Illuminate/Http/Request), Object(Closure))
#45 C:/laragon/www/pos_sahla/vendor/laravel/framework/src/Illuminate/Pipeline/Pipeline.php(219): Illuminate/Foundation/Http/Middleware/TrimStrings->handle(Object(Illuminate/Http/Request), Object(Closure))
#46 C:/laragon/www/pos_sahla/vendor/laravel/framework/src/Illuminate/Http/Middleware/ValidatePostSize.php(27): Illuminate/Pipeline/Pipeline->Illuminate/Pipeline/{closure}(Object(Illuminate/Http/Request))
#47 C:/laragon/www/pos_sahla/vendor/laravel/framework/src/Illuminate/Pipeline/Pipeline.php(219): Illuminate/Http/Middleware/ValidatePostSize->handle(Object(Illuminate/Http/Request), Object(Closure))
#48 C:/laragon/www/pos_sahla/vendor/laravel/framework/src/Illuminate/Foundation/Http/Middleware/PreventRequestsDuringMaintenance.php(109): Illuminate/Pipeline/Pipeline->Illuminate/Pipeline/{closure}(Object(Illuminate/Http/Request))
#49 C:/laragon/www/pos_sahla/vendor/laravel/framework/src/Illuminate/Pipeline/Pipeline.php(219): Illuminate/Foundation/Http/Middleware/PreventRequestsDuringMaintenance->handle(Object(Illuminate/Http/Request), Object(Closure))
#50 C:/laragon/www/pos_sahla/vendor/laravel/framework/src/Illuminate/Http/Middleware/HandleCors.php(61): Illuminate/Pipeline/Pipeline->Illuminate/Pipeline/{closure}(Object(Illuminate/Http/Request))
#51 C:/laragon/www/pos_sahla/vendor/laravel/framework/src/Illuminate/Pipeline/Pipeline.php(219): Illuminate/Http/Middleware/HandleCors->handle(Object(Illuminate/Http/Request), Object(Closure))
#52 C:/laragon/www/pos_sahla/vendor/laravel/framework/src/Illuminate/Http/Middleware/TrustProxies.php(58): Illuminate/Pipeline/Pipeline->Illuminate/Pipeline/{closure}(Object(Illuminate/Http/Request))
#53 C:/laragon/www/pos_sahla/vendor/laravel/framework/src/Illuminate/Pipeline/Pipeline.php(219): Illuminate/Http/Middleware/TrustProxies->handle(Object(Illuminate/Http/Request), Object(Closure))
#54 C:/laragon/www/pos_sahla/vendor/laravel/framework/src/Illuminate/Foundation/Http/Middleware/InvokeDeferredCallbacks.php(22): Illuminate/Pipeline/Pipeline->Illuminate/Pipeline/{closure}(Object(Illuminate/Http/Request))
#55 C:/laragon/www/pos_sahla/vendor/laravel/framework/src/Illuminate/Pipeline/Pipeline.php(219): Illuminate/Foundation/Http/Middleware/InvokeDeferredCallbacks->handle(Object(Illuminate/Http/Request), Object(Closure))
#56 C:/laragon/www/pos_sahla/vendor/laravel/framework/src/Illuminate/Http/Middleware/ValidatePathEncoding.php(26): Illuminate/Pipeline/Pipeline->Illuminate/Pipeline/{closure}(Object(Illuminate/Http/Request))
#57 C:/laragon/www/pos_sahla/vendor/laravel/framework/src/Illuminate/Pipeline/Pipeline.php(219): Illuminate/Http/Middleware/ValidatePathEncoding->handle(Object(Illuminate/Http/Request), Object(Closure))
#58 C:/laragon/www/pos_sahla/vendor/laravel/framework/src/Illuminate/Pipeline/Pipeline.php(137): Illuminate/Pipeline/Pipeline->Illuminate/Pipeline/{closure}(Object(Illuminate/Http/Request))
#59 C:/laragon/www/pos_sahla/vendor/laravel/framework/src/Illuminate/Foundation/Http/Kernel.php(175): Illuminate/Pipeline/Pipeline->then(Object(Closure))
#60 C:/laragon/www/pos_sahla/vendor/laravel/framework/src/Illuminate/Foundation/Http/Kernel.php(144): Illuminate/Foundation/Http/Kernel->sendRequestThroughRouter(Object(Illuminate/Http/Request))
#61 C:/laragon/www/pos_sahla/vendor/laravel/framework/src/Illuminate/Foundation/Application.php(1220): Illuminate/Foundation/Http/Kernel->handle(Object(Illuminate/Http/Request))
#62 C:/laragon/www/pos_sahla/public/index.php(20): Illuminate/Foundation/Application->handleRequest(Object(Illuminate/Http/Request))
#63 C:/laragon/www/pos_sahla/vendor/laravel/framework/src/Illuminate/Foundation/resources/server.php(23): require_once('C://laragon//www//...')
#64 {main}

[previous exception] [object] (PDOException(code: 42S02): SQLSTATE[42S02]: Base table or view not found: 1146 Table 'pos_sahlamanda.jenis' doesn't exist at C:/laragon/www/pos_sahla/vendor/laravel/framework/src/Illuminate/Database/Connection.php:420)
[stacktrace]
#0 C:/laragon/www/pos_sahla/vendor/laravel/framework/src/Illuminate/Database/Connection.php(420): PDO->prepare('select count(*)...')
#1 C:/laragon/www/pos_sahla/vendor/laravel/framework/src/Illuminate/Database/Connection.php(827): Illuminate/Database/Connection->Illuminate/Database/{closure}('select count(*)...', Array)
#2 C:/laragon/www/pos_sahla/vendor/laravel/framework/src/Illuminate/Database/Connection.php(794): Illuminate/Database/Connection->runQueryCallback('select count(*)...', Array, Object(Closure))
#3 C:/laragon/www/pos_sahla/vendor/laravel/framework/src/Illuminate/Database/Connection.php(411): Illuminate/Database/Connection->run('select count(*)...', Array, Object(Closure))
#4 C:/laragon/www/pos_sahla/vendor/laravel/framework/src/Illuminate/Database/Query/Builder.php(3505): Illuminate/Database/Connection->select('select count(*)...', Array, true)
#5 C:/laragon/www/pos_sahla/vendor/laravel/framework/src/Illuminate/Database/Query/Builder.php(3490): Illuminate/Database/Query/Builder->runSelect()
#6 C:/laragon/www/pos_sahla/vendor/laravel/framework/src/Illuminate/Database/Query/Builder.php(4080): Illuminate/Database/Query/Builder->Illuminate/Database/Query/{closure}()
#7 C:/laragon/www/pos_sahla/vendor/laravel/framework/src/Illuminate/Database/Query/Builder.php(3489): Illuminate/Database/Query/Builder->onceWithColumns(Array, Object(Closure))
#8 C:/laragon/www/pos_sahla/vendor/laravel/framework/src/Illuminate/Database/Query/Builder.php(3684): Illuminate/Database/Query/Builder->get()
#9 C:/laragon/www/pos_sahla/vendor/laravel/framework/src/Illuminate/Database/Query/Builder.php(3643): Illuminate/Database/Query/Builder->runPaginationCountQuery(Array)
#10 C:/laragon/www/pos_sahla/vendor/laravel/framework/src/Illuminate/Database/Eloquent/Builder.php(1120): Illuminate/Database/Query/Builder->getCountForPagination()
#11 C:/laragon/www/pos_sahla/app/Http/Controllers/JenisController.php(22): Illuminate/Database/Eloquent/Builder->paginate(10)
#12 C:/laragon/www/pos_sahla/vendor/laravel/framework/src/Illuminate/Routing/Controller.php(54): App/Http/Controllers/JenisController->index(Object(App/Http/Requests/SearchRequest))
#13 C:/laragon/www/pos_sahla/vendor/laravel/framework/src/Illuminate/Routing/ControllerDispatcher.php(43): Illuminate/Routing/Controller->callAction('index', Array)
#14 C:/laragon/www/pos_sahla/vendor/laravel/framework/src/Illuminate/Routing/Route.php(265): Illuminate/Routing/ControllerDispatcher->dispatch(Object(Illuminate/Routing/Route), Object(App/Http/Controllers/JenisController), 'index')
#15 C:/laragon/www/pos_sahla/vendor/laravel/framework/src/Illuminate/Routing/Route.php(211): Illuminate/Routing/Route->runController()
#16 C:/laragon/www/pos_sahla/vendor/laravel/framework/src/Illuminate/Routing/Router.php(822): Illuminate/Routing/Route->run()
#17 C:/laragon/www/pos_sahla/vendor/laravel/framework/src/Illuminate/Pipeline/Pipeline.php(180): Illuminate/Routing/Router->Illuminate/Routing/{closure}(Object(Illuminate/Http/Request))
#18 C:/laragon/www/pos_sahla/app/Http/Middleware/RoleMiddleware.php(32): Illuminate/Pipeline/Pipeline->Illuminate/Pipeline/{closure}(Object(Illuminate/Http/Request))
#19 C:/laragon/www/pos_sahla/vendor/laravel/framework/src/Illuminate/Pipeline/Pipeline.php(219): App/Http/Middleware/RoleMiddleware->handle(Object(Illuminate/Http/Request), Object(Closure), 'admin', 'kasir')
#20 C:/laragon/www/pos_sahla/vendor/laravel/framework/src/Illuminate/Routing/Middleware/SubstituteBindings.php(50): Illuminate/Pipeline/Pipeline->Illuminate/Pipeline/{closure}(Object(Illuminate/Http/Request))
#21 C:/laragon/www/pos_sahla/vendor/laravel/framework/src/Illuminate/Pipeline/Pipeline.php(219): Illuminate/Routing/Middleware/SubstituteBindings->handle(Object(Illuminate/Http/Request), Object(Closure))
#22 C:/laragon/www/pos_sahla/vendor/laravel/framework/src/Illuminate/Auth/Middleware/Authenticate.php(63): Illuminate/Pipeline/Pipeline->Illuminate/Pipeline/{closure}(Object(Illuminate/Http/Request))
#23 C:/laragon/www/pos_sahla/vendor/laravel/framework/src/Illuminate/Pipeline/Pipeline.php(219): Illuminate/Auth/Middleware/Authenticate->handle(Object(Illuminate/Http/Request), Object(Closure))
#24 C:/laragon/www/pos_sahla/vendor/laravel/framework/src/Illuminate/Foundation/Http/Middleware/VerifyCsrfToken.php(87): Illuminate/Pipeline/Pipeline->Illuminate/Pipeline/{closure}(Object(Illuminate/Http/Request))
#25 C:/laragon/www/pos_sahla/vendor/laravel/framework/src/Illuminate/Pipeline/Pipeline.php(219): Illuminate/Foundation/Http/Middleware/VerifyCsrfToken->handle(Object(Illuminate/Http/Request), Object(Closure))
#26 C:/laragon/www/pos_sahla/vendor/laravel/framework/src/Illuminate/View/Middleware/ShareErrorsFromSession.php(48): Illuminate/Pipeline/Pipeline->Illuminate/Pipeline/{closure}(Object(Illuminate/Http/Request))
#27 C:/laragon/www/pos_sahla/vendor/laravel/framework/src/Illuminate/Pipeline/Pipeline.php(219): Illuminate/View/Middleware/ShareErrorsFromSession->handle(Object(Illuminate/Http/Request), Object(Closure))
#28 C:/laragon/www/pos_sahla/vendor/laravel/framework/src/Illuminate/Session/Middleware/StartSession.php(120): Illuminate/Pipeline/Pipeline->Illuminate/Pipeline/{closure}(Object(Illuminate/Http/Request))
#29 C:/laragon/www/pos_sahla/vendor/laravel/framework/src/Illuminate/Session/Middleware/StartSession.php(63): Illuminate/Session/Middleware/StartSession->handleStatefulRequest(Object(Illuminate/Http/Request), Object(Illuminate/Session/Store), Object(Closure))
#30 C:/laragon/www/pos_sahla/vendor/laravel/framework/src/Illuminate/Pipeline/Pipeline.php(219): Illuminate/Session/Middleware/StartSession->handle(Object(Illuminate/Http/Request), Object(Closure))
#31 C:/laragon/www/pos_sahla/vendor/laravel/framework/src/Illuminate/Cookie/Middleware/AddQueuedCookiesToResponse.php(36): Illuminate/Pipeline/Pipeline->Illuminate/Pipeline/{closure}(Object(Illuminate/Http/Request))
#32 C:/laragon/www/pos_sahla/vendor/laravel/framework/src/Illuminate/Pipeline/Pipeline.php(219): Illuminate/Cookie/Middleware/AddQueuedCookiesToResponse->handle(Object(Illuminate/Http/Request), Object(Closure))
#33 C:/laragon/www/pos_sahla/vendor/laravel/framework/src/Illuminate/Cookie/Middleware/EncryptCookies.php(74): Illuminate/Pipeline/Pipeline->Illuminate/Pipeline/{closure}(Object(Illuminate/Http/Request))
#34 C:/laragon/www/pos_sahla/vendor/laravel/framework/src/Illuminate/Pipeline/Pipeline.php(219): Illuminate/Cookie/Middleware/EncryptCookies->handle(Object(Illuminate/Http/Request), Object(Closure))
#35 C:/laragon/www/pos_sahla/vendor/laravel/framework/src/Illuminate/Pipeline/Pipeline.php(137): Illuminate/Pipeline/Pipeline->Illuminate/Pipeline/{closure}(Object(Illuminate/Http/Request))
#36 C:/laragon/www/pos_sahla/vendor/laravel/framework/src/Illuminate/Routing/Router.php(821): Illuminate/Pipeline/Pipeline->then(Object(Closure))
#37 C:/laragon/www/pos_sahla/vendor/laravel/framework/src/Illuminate/Routing/Router.php(800): Illuminate/Routing/Router->runRouteWithinStack(Object(Illuminate/Routing/Route), Object(Illuminate/Http/Request))
#38 C:/laragon/www/pos_sahla/vendor/laravel/framework/src/Illuminate/Routing/Router.php(764): Illuminate/Routing/Router->runRoute(Object(Illuminate/Http/Request), Object(Illuminate/Routing/Route))
#39 C:/laragon/www/pos_sahla/vendor/laravel/framework/src/Illuminate/Routing/Router.php(753): Illuminate/Routing/Router->dispatchToRoute(Object(Illuminate/Http/Request))
#40 C:/laragon/www/pos_sahla/vendor/laravel/framework/src/Illuminate/Foundation/Http/Kernel.php(200): Illuminate/Routing/Router->dispatch(Object(Illuminate/Http/Request))
#41 C:/laragon/www/pos_sahla/vendor/laravel/framework/src/Illuminate/Pipeline/Pipeline.php(180): Illuminate/Foundation/Http/Kernel->Illuminate/Foundation/Http/{closure}(Object(Illuminate/Http/Request))
#42 C:/laragon/www/pos_sahla/vendor/laravel/framework/src/Illuminate/Foundation/Http/Middleware/TransformsRequest.php(21): Illuminate/Pipeline/Pipeline->Illuminate/Pipeline/{closure}(Object(Illuminate/Http/Request))
#43 C:/laragon/www/pos_sahla/vendor/laravel/framework/src/Illuminate/Foundation/Http/Middleware/ConvertEmptyStringsToNull.php(31): Illuminate/Foundation/Http/Middleware/TransformsRequest->handle(Object(Illuminate/Http/Request), Object(Closure))
#44 C:/laragon/www/pos_sahla/vendor/laravel/framework/src/Illuminate/Pipeline/Pipeline.php(219): Illuminate/Foundation/Http/Middleware/ConvertEmptyStringsToNull->handle(Object(Illuminate/Http/Request), Object(Closure))
#45 C:/laragon/www/pos_sahla/vendor/laravel/framework/src/Illuminate/Foundation/Http/Middleware/TransformsRequest.php(21): Illuminate/Pipeline/Pipeline->Illuminate/Pipeline/{closure}(Object(Illuminate/Http/Request))
#46 C:/laragon/www/pos_sahla/vendor/laravel/framework/src/Illuminate/Foundation/Http/Middleware/TrimStrings.php(51): Illuminate/Foundation/Http/Middleware/TransformsRequest->handle(Object(Illuminate/Http/Request), Object(Closure))
#47 C:/laragon/www/pos_sahla/vendor/laravel/framework/src/Illuminate/Pipeline/Pipeline.php(219): Illuminate/Foundation/Http/Middleware/TrimStrings->handle(Object(Illuminate/Http/Request), Object(Closure))
#48 C:/laragon/www/pos_sahla/vendor/laravel/framework/src/Illuminate/Http/Middleware/ValidatePostSize.php(27): Illuminate/Pipeline/Pipeline->Illuminate/Pipeline/{closure}(Object(Illuminate/Http/Request))
#49 C:/laragon/www/pos_sahla/vendor/laravel/framework/src/Illuminate/Pipeline/Pipeline.php(219): Illuminate/Http/Middleware/ValidatePostSize->handle(Object(Illuminate/Http/Request), Object(Closure))
#50 C:/laragon/www/pos_sahla/vendor/laravel/framework/src/Illuminate/Foundation/Http/Middleware/PreventRequestsDuringMaintenance.php(109): Illuminate/Pipeline/Pipeline->Illuminate/Pipeline/{closure}(Object(Illuminate/Http/Request))
#51 C:/laragon/www/pos_sahla/vendor/laravel/framework/src/Illuminate/Pipeline/Pipeline.php(219): Illuminate/Foundation/Http/Middleware/PreventRequestsDuringMaintenance->handle(Object(Illuminate/Http/Request), Object(Closure))
#52 C:/laragon/www/pos_sahla/vendor/laravel/framework/src/Illuminate/Http/Middleware/HandleCors.php(61): Illuminate/Pipeline/Pipeline->Illuminate/Pipeline/{closure}(Object(Illuminate/Http/Request))
#53 C:/laragon/www/pos_sahla/vendor/laravel/framework/src/Illuminate/Pipeline/Pipeline.php(219): Illuminate/Http/Middleware/HandleCors->handle(Object(Illuminate/Http/Request), Object(Closure))
#54 C:/laragon/www/pos_sahla/vendor/laravel/framework/src/Illuminate/Http/Middleware/TrustProxies.php(58): Illuminate/Pipeline/Pipeline->Illuminate/Pipeline/{closure}(Object(Illuminate/Http/Request))
#55 C:/laragon/www/pos_sahla/vendor/laravel/framework/src/Illuminate/Pipeline/Pipeline.php(219): Illuminate/Http/Middleware/TrustProxies->handle(Object(Illuminate/Http/Request), Object(Closure))
#56 C:/laragon/www/pos_sahla/vendor/laravel/framework/src/Illuminate/Foundation/Http/Middleware/InvokeDeferredCallbacks.php(22): Illuminate/Pipeline/Pipeline->Illuminate/Pipeline/{closure}(Object(Illuminate/Http/Request))
#57 C:/laragon/www/pos_sahla/vendor/laravel/framework/src/Illuminate/Pipeline/Pipeline.php(219): Illuminate/Foundation/Http/Middleware/InvokeDeferredCallbacks->handle(Object(Illuminate/Http/Request), Object(Closure))
#58 C:/laragon/www/pos_sahla/vendor/laravel/framework/src/Illuminate/Http/Middleware/ValidatePathEncoding.php(26): Illuminate/Pipeline/Pipeline->Illuminate/Pipeline/{closure}(Object(Illuminate/Http/Request))
#59 C:/laragon/www/pos_sahla/vendor/laravel/framework/src/Illuminate/Pipeline/Pipeline.php(219): Illuminate/Http/Middleware/ValidatePathEncoding->handle(Object(Illuminate/Http/Request), Object(Closure))
#60 C:/laragon/www/pos_sahla/vendor/laravel/framework/src/Illuminate/Pipeline/Pipeline.php(137): Illuminate/Pipeline/Pipeline->Illuminate/Pipeline/{closure}(Object(Illuminate/Http/Request))
#61 C:/laragon/www/pos_sahla/vendor/laravel/framework/src/Illuminate/Foundation/Http/Kernel.php(175): Illuminate/Pipeline/Pipeline->then(Object(Closure))
#62 C:/laragon/www/pos_sahla/vendor/laravel/framework/src/Illuminate/Foundation/Http/Kernel.php(144): Illuminate/Foundation/Http/Kernel->sendRequestThroughRouter(Object(Illuminate/Http/Request))
#63 C:/laragon/www/pos_sahla/vendor/laravel/framework/src/Illuminate/Foundation/Application.php(1220): Illuminate/Foundation/Http/Kernel->handle(Object(Illuminate/Http/Request))
#64 C:/laragon/www/pos_sahla/public/index.php(20): Illuminate/Foundation/Application->handleRequest(Object(Illuminate/Http/Request))
#65 C:/laragon/www/pos_sahla/vendor/laravel/framework/src/Illuminate/Foundation/resources/server.php(23): require_once('C://laragon//www//...')
#66 {main}
"} 
[2026-08-12 04:35:50] local.ERROR: Uncaught ReflectionException: Class "App\Policies\ProdukPolicy" does not exist in Command line code:1
Stack trace:
#0 Command line code(1): ReflectionClass->__construct('App\\Policies\\Pr...')
#1 [internal function]: {closure}('App\\Policies\\Pr...', 'App\\Models\\Prod...')
#2 Command line code(1): array_map(Object(Closure), Array, Array)
#3 {main}
  thrown {"exception":"[object] (Symfony\\Component\\ErrorHandler\\Error\\FatalError(code: 0): Uncaught ReflectionException: Class \"App\\Policies\\ProdukPolicy\" does not exist in Command line code:1
Stack trace:
#0 Command line code(1): ReflectionClass->__construct('App\\\\Policies\\\\Pr...')
#1 [internal function]: {closure}('App\\\\Policies\\\\Pr...', 'App\\\\Models\\\\Prod...')
#2 Command line code(1): array_map(Object(Closure), Array, Array)
#3 {main}
  thrown at Command line code:1)
[stacktrace]
#0 {main}
"} 
[2026-08-12 04:36:51] local.ERROR: Uncaught ReflectionException: Class "App\Policies\ProdukPolicy" does not exist in Command line code:1
Stack trace:
#0 Command line code(1): ReflectionClass->__construct('App\\Policies\\Pr...')
#1 [internal function]: {closure}('App\\Policies\\Pr...', 'App\\Models\\Prod...')
#2 Command line code(1): array_map(Object(Closure), Array, Array)
#3 {main}
  thrown {"exception":"[object] (Symfony\\Component\\ErrorHandler\\Error\\FatalError(code: 0): Uncaught ReflectionException: Class \"App\\Policies\\ProdukPolicy\" does not exist in Command line code:1
Stack trace:
#0 Command line code(1): ReflectionClass->__construct('App\\\\Policies\\\\Pr...')
#1 [internal function]: {closure}('App\\\\Policies\\\\Pr...', 'App\\\\Models\\\\Prod...')
#2 Command line code(1): array_map(Object(Closure), Array, Array)
#3 {main}
  thrown at Command line code:1)
[stacktrace]
#0 {main}
"} 
[2026-08-12 04:37:39] local.ERROR: SQLSTATE[HY000]: General error: 1824 Failed to open the referenced table 'jenis' (Connection: mysql, Host: 127.0.0.1, Port: 3306, Database: pos_sahlamanda, SQL: alter table `produk` add constraint `produk_jenis_id_foreign` foreign key (`jenis_id`) references `jenis` (`id`) on delete set null) {"exception":"[object] (Illuminate\\Database\\QueryException(code: HY000): SQLSTATE[HY000]: General error: 1824 Failed to open the referenced table 'jenis' (Connection: mysql, Host: 127.0.0.1, Port: 3306, Database: pos_sahlamanda, SQL: alter table `produk` add constraint `produk_jenis_id_foreign` foreign key (`jenis_id`) references `jenis` (`id`) on delete set null) at C:/laragon/www/pos_sahla/vendor/laravel/framework/src/Illuminate/Database/Connection.php:838)
[stacktrace]
#0 C:/laragon/www/pos_sahla/vendor/laravel/framework/src/Illuminate/Database/Connection.php(794): Illuminate/Database/Connection->runQueryCallback('alter table `pr...', Array, Object(Closure))
#1 C:/laragon/www/pos_sahla/vendor/laravel/framework/src/Illuminate/Database/Connection.php(573): Illuminate/Database/Connection->run('alter table `pr...', Array, Object(Closure))
#2 C:/laragon/www/pos_sahla/vendor/laravel/framework/src/Illuminate/Database/Schema/Blueprint.php(121): Illuminate/Database/Connection->statement('alter table `pr...')
#3 C:/laragon/www/pos_sahla/vendor/laravel/framework/src/Illuminate/Database/Schema/Builder.php(686): Illuminate/Database/Schema/Blueprint->build()
#4 C:/laragon/www/pos_sahla/vendor/laravel/framework/src/Illuminate/Database/Schema/Builder.php(494): Illuminate/Database/Schema/Builder->build(Object(Illuminate/Database/Schema/Blueprint))
#5 C:/laragon/www/pos_sahla/vendor/laravel/framework/src/Illuminate/Support/Facades/Facade.php(363): Illuminate/Database/Schema/Builder->table('produk', Object(Closure))
#6 C:/laragon/www/pos_sahla/database/migrations/2026_08_12_041209_add_jenis_id_to_produk_table.php(12): Illuminate/Support/Facades/Facade::__callStatic('table', Array)
#7 C:/laragon/www/pos_sahla/vendor/laravel/framework/src/Illuminate/Database/Migrations/Migrator.php(517): Illuminate/Database/Migrations/Migration@anonymous->up()
#8 C:/laragon/www/pos_sahla/vendor/laravel/framework/src/Illuminate/Database/Migrations/Migrator.php(442): Illuminate/Database/Migrations/Migrator->runMethod(Object(Illuminate/Database/MySqlConnection), Object(Illuminate/Database/Migrations/Migration@anonymous), 'up')
#9 C:/laragon/www/pos_sahla/vendor/laravel/framework/src/Illuminate/Database/Migrations/Migrator.php(451): Illuminate/Database/Migrations/Migrator->Illuminate/Database/Migrations/{closure}()
#10 C:/laragon/www/pos_sahla/vendor/laravel/framework/src/Illuminate/Database/Migrations/Migrator.php(253): Illuminate/Database/Migrations/Migrator->runMigration(Object(Illuminate/Database/Migrations/Migration@anonymous), 'up')
#11 C:/laragon/www/pos_sahla/vendor/laravel/framework/src/Illuminate/Console/View/Components/Task.php(41): Illuminate/Database/Migrations/Migrator->Illuminate/Database/Migrations/{closure}()
#12 C:/laragon/www/pos_sahla/vendor/laravel/framework/src/Illuminate/Database/Migrations/Migrator.php(814): Illuminate/Console/View/Components/Task->render('2026_08_12_0412...', Object(Closure))
#13 C:/laragon/www/pos_sahla/vendor/laravel/framework/src/Illuminate/Database/Migrations/Migrator.php(253): Illuminate/Database/Migrations/Migrator->write('Illuminate//Cons...', '2026_08_12_0412...', Object(Closure))
#14 C:/laragon/www/pos_sahla/vendor/laravel/framework/src/Illuminate/Database/Migrations/Migrator.php(211): Illuminate/Database/Migrations/Migrator->runUp('C://laragon//www//...', 2, false)
#15 C:/laragon/www/pos_sahla/vendor/laravel/framework/src/Illuminate/Database/Migrations/Migrator.php(138): Illuminate/Database/Migrations/Migrator->runPending(Array, Array)
#16 C:/laragon/www/pos_sahla/vendor/laravel/framework/src/Illuminate/Database/Console/Migrations/MigrateCommand.php(116): Illuminate/Database/Migrations/Migrator->run(Array, Array)
#17 C:/laragon/www/pos_sahla/vendor/laravel/framework/src/Illuminate/Database/Migrations/Migrator.php(671): Illuminate/Database/Console/Migrations/MigrateCommand->Illuminate/Database/Console/Migrations/{closure}()
#18 C:/laragon/www/pos_sahla/vendor/laravel/framework/src/Illuminate/Database/Console/Migrations/MigrateCommand.php(109): Illuminate/Database/Migrations/Migrator->usingConnection(NULL, Object(Closure))
#19 C:/laragon/www/pos_sahla/vendor/laravel/framework/src/Illuminate/Database/Console/Migrations/MigrateCommand.php(88): Illuminate/Database/Console/Migrations/MigrateCommand->runMigrations()
#20 C:/laragon/www/pos_sahla/vendor/laravel/framework/src/Illuminate/Container/BoundMethod.php(36): Illuminate/Database/Console/Migrations/MigrateCommand->handle()
#21 C:/laragon/www/pos_sahla/vendor/laravel/framework/src/Illuminate/Container/Util.php(43): Illuminate/Container/BoundMethod::Illuminate/Container/{closure}()
#22 C:/laragon/www/pos_sahla/vendor/laravel/framework/src/Illuminate/Container/BoundMethod.php(96): Illuminate/Container/Util::unwrapIfClosure(Object(Closure))
#23 C:/laragon/www/pos_sahla/vendor/laravel/framework/src/Illuminate/Container/BoundMethod.php(35): Illuminate/Container/BoundMethod::callBoundMethod(Object(Illuminate/Foundation/Application), Array, Object(Closure))
#24 C:/laragon/www/pos_sahla/vendor/laravel/framework/src/Illuminate/Container/Container.php(799): Illuminate/Container/BoundMethod::call(Object(Illuminate/Foundation/Application), Array, Array, NULL)
#25 C:/laragon/www/pos_sahla/vendor/laravel/framework/src/Illuminate/Console/Command.php(211): Illuminate/Container/Container->call(Array)
#26 C:/laragon/www/pos_sahla/vendor/symfony/console/Command/Command.php(341): Illuminate/Console/Command->execute(Object(Symfony/Component/Console/Input/ArgvInput), Object(Illuminate/Console/OutputStyle))
#27 C:/laragon/www/pos_sahla/vendor/laravel/framework/src/Illuminate/Console/Command.php(180): Symfony/Component/Console/Command/Command->run(Object(Symfony/Component/Console/Input/ArgvInput), Object(Illuminate/Console/OutputStyle))
#28 C:/laragon/www/pos_sahla/vendor/symfony/console/Application.php(1117): Illuminate/Console/Command->run(Object(Symfony/Component/Console/Input/ArgvInput), Object(Symfony/Component/Console/Output/ConsoleOutput))
#29 C:/laragon/www/pos_sahla/vendor/symfony/console/Application.php(356): Symfony/Component/Console/Application->doRunCommand(Object(Illuminate/Database/Console/Migrations/MigrateCommand), Object(Symfony/Component/Console/Input/ArgvInput), Object(Symfony/Component/Console/Output/ConsoleOutput))
#30 C:/laragon/www/pos_sahla/vendor/symfony/console/Application.php(195): Symfony/Component/Console/Application->doRun(Object(Symfony/Component/Console/Input/ArgvInput), Object(Symfony/Component/Console/Output/ConsoleOutput))
#31 C:/laragon/www/pos_sahla/vendor/laravel/framework/src/Illuminate/Foundation/Console/Kernel.php(198): Symfony/Component/Console/Application->run(Object(Symfony/Component/Console/Input/ArgvInput), Object(Symfony/Component/Console/Output/ConsoleOutput))
#32 C:/laragon/www/pos_sahla/vendor/laravel/framework/src/Illuminate/Foundation/Application.php(1235): Illuminate/Foundation/Console/Kernel->handle(Object(Symfony/Component/Console/Input/ArgvInput), Object(Symfony/Component/Console/Output/ConsoleOutput))
#33 C:/laragon/www/pos_sahla/artisan(16): Illuminate/Foundation/Application->handleCommand(Object(Symfony/Component/Console/Input/ArgvInput))
#34 {main}

[previous exception] [object] (PDOException(code: HY000): SQLSTATE[HY000]: General error: 1824 Failed to open the referenced table 'jenis' at C:/laragon/www/pos_sahla/vendor/laravel/framework/src/Illuminate/Database/Connection.php:584)
[stacktrace]
#0 C:/laragon/www/pos_sahla/vendor/laravel/framework/src/Illuminate/Database/Connection.php(584): PDOStatement->execute()
#1 C:/laragon/www/pos_sahla/vendor/laravel/framework/src/Illuminate/Database/Connection.php(827): Illuminate/Database/Connection->Illuminate/Database/{closure}('alter table `pr...', Array)
#2 C:/laragon/www/pos_sahla/vendor/laravel/framework/src/Illuminate/Database/Connection.php(794): Illuminate/Database/Connection->runQueryCallback('alter table `pr...', Array, Object(Closure))
#3 C:/laragon/www/pos_sahla/vendor/laravel/framework/src/Illuminate/Database/Connection.php(573): Illuminate/Database/Connection->run('alter table `pr...', Array, Object(Closure))
#4 C:/laragon/www/pos_sahla/vendor/laravel/framework/src/Illuminate/Database/Schema/Blueprint.php(121): Illuminate/Database/Connection->statement('alter table `pr...')
#5 C:/laragon/www/pos_sahla/vendor/laravel/framework/src/Illuminate/Database/Schema/Builder.php(686): Illuminate/Database/Schema/Blueprint->build()
#6 C:/laragon/www/pos_sahla/vendor/laravel/framework/src/Illuminate/Database/Schema/Builder.php(494): Illuminate/Database/Schema/Builder->build(Object(Illuminate/Database/Schema/Blueprint))
#7 C:/laragon/www/pos_sahla/vendor/laravel/framework/src/Illuminate/Support/Facades/Facade.php(363): Illuminate/Database/Schema/Builder->table('produk', Object(Closure))
#8 C:/laragon/www/pos_sahla/database/migrations/2026_08_12_041209_add_jenis_id_to_produk_table.php(12): Illuminate/Support/Facades/Facade::__callStatic('table', Array)
#9 C:/laragon/www/pos_sahla/vendor/laravel/framework/src/Illuminate/Database/Migrations/Migrator.php(517): Illuminate/Database/Migrations/Migration@anonymous->up()
#10 C:/laragon/www/pos_sahla/vendor/laravel/framework/src/Illuminate/Database/Migrations/Migrator.php(442): Illuminate/Database/Migrations/Migrator->runMethod(Object(Illuminate/Database/MySqlConnection), Object(Illuminate/Database/Migrations/Migration@anonymous), 'up')
#11 C:/laragon/www/pos_sahla/vendor/laravel/framework/src/Illuminate/Database/Migrations/Migrator.php(451): Illuminate/Database/Migrations/Migrator->Illuminate/Database/Migrations/{closure}()
#12 C:/laragon/www/pos_sahla/vendor/laravel/framework/src/Illuminate/Database/Migrations/Migrator.php(253): Illuminate/Database/Migrations/Migrator->runMigration(Object(Illuminate/Database/Migrations/Migration@anonymous), 'up')
#13 C:/laragon/www/pos_sahla/vendor/laravel/framework/src/Illuminate/Console/View/Components/Task.php(41): Illuminate/Database/Migrations/Migrator->Illuminate/Database/Migrations/{closure}()
#14 C:/laragon/www/pos_sahla/vendor/laravel/framework/src/Illuminate/Database/Migrations/Migrator.php(814): Illuminate/Console/View/Components/Task->render('2026_08_12_0412...', Object(Closure))
#15 C:/laragon/www/pos_sahla/vendor/laravel/framework/src/Illuminate/Database/Migrations/Migrator.php(253): Illuminate/Database/Migrations/Migrator->write('Illuminate//Cons...', '2026_08_12_0412...', Object(Closure))
#16 C:/laragon/www/pos_sahla/vendor/laravel/framework/src/Illuminate/Database/Migrations/Migrator.php(211): Illuminate/Database/Migrations/Migrator->runUp('C://laragon//www//...', 2, false)
#17 C:/laragon/www/pos_sahla/vendor/laravel/framework/src/Illuminate/Database/Migrations/Migrator.php(138): Illuminate/Database/Migrations/Migrator->runPending(Array, Array)
#18 C:/laragon/www/pos_sahla/vendor/laravel/framework/src/Illuminate/Database/Console/Migrations/MigrateCommand.php(116): Illuminate/Database/Migrations/Migrator->run(Array, Array)
#19 C:/laragon/www/pos_sahla/vendor/laravel/framework/src/Illuminate/Database/Migrations/Migrator.php(671): Illuminate/Database/Console/Migrations/MigrateCommand->Illuminate/Database/Console/Migrations/{closure}()
#20 C:/laragon/www/pos_sahla/vendor/laravel/framework/src/Illuminate/Database/Console/Migrations/MigrateCommand.php(109): Illuminate/Database/Migrations/Migrator->usingConnection(NULL, Object(Closure))
#21 C:/laragon/www/pos_sahla/vendor/laravel/framework/src/Illuminate/Database/Console/Migrations/MigrateCommand.php(88): Illuminate/Database/Console/Migrations/MigrateCommand->runMigrations()
#22 C:/laragon/www/pos_sahla/vendor/laravel/framework/src/Illuminate/Container/BoundMethod.php(36): Illuminate/Database/Console/Migrations/MigrateCommand->handle()
#23 C:/laragon/www/pos_sahla/vendor/laravel/framework/src/Illuminate/Container/Util.php(43): Illuminate/Container/BoundMethod::Illuminate/Container/{closure}()
#24 C:/laragon/www/pos_sahla/vendor/laravel/framework/src/Illuminate/Container/BoundMethod.php(96): Illuminate/Container/Util::unwrapIfClosure(Object(Closure))
#25 C:/laragon/www/pos_sahla/vendor/laravel/framework/src/Illuminate/Container/BoundMethod.php(35): Illuminate/Container/BoundMethod::callBoundMethod(Object(Illuminate/Foundation/Application), Array, Object(Closure))
#26 C:/laragon/www/pos_sahla/vendor/laravel/framework/src/Illuminate/Container/Container.php(799): Illuminate/Container/BoundMethod::call(Object(Illuminate/Foundation/Application), Array, Array, NULL)
#27 C:/laragon/www/pos_sahla/vendor/laravel/framework/src/Illuminate/Console/Command.php(211): Illuminate/Container/Container->call(Array)
#28 C:/laragon/www/pos_sahla/vendor/symfony/console/Command/Command.php(341): Illuminate/Console/Command->execute(Object(Symfony/Component/Console/Input/ArgvInput), Object(Illuminate/Console/OutputStyle))
#29 C:/laragon/www/pos_sahla/vendor/laravel/framework/src/Illuminate/Console/Command.php(180): Symfony/Component/Console/Command/Command->run(Object(Symfony/Component/Console/Input/ArgvInput), Object(Illuminate/Console/OutputStyle))
#30 C:/laragon/www/pos_sahla/vendor/symfony/console/Application.php(1117): Illuminate/Console/Command->run(Object(Symfony/Component/Console/Input/ArgvInput), Object(Symfony/Component/Console/Output/ConsoleOutput))
#31 C:/laragon/www/pos_sahla/vendor/symfony/console/Application.php(356): Symfony/Component/Console/Application->doRunCommand(Object(Illuminate/Database/Console/Migrations/MigrateCommand), Object(Symfony/Component/Console/Input/ArgvInput), Object(Symfony/Component/Console/Output/ConsoleOutput))
#32 C:/laragon/www/pos_sahla/vendor/symfony/console/Application.php(195): Symfony/Component/Console/Application->doRun(Object(Symfony/Component/Console/Input/ArgvInput), Object(Symfony/Component/Console/Output/ConsoleOutput))
#33 C:/laragon/www/pos_sahla/vendor/laravel/framework/src/Illuminate/Foundation/Console/Kernel.php(198): Symfony/Component/Console/Application->run(Object(Symfony/Component/Console/Input/ArgvInput), Object(Symfony/Component/Console/Output/ConsoleOutput))
#34 C:/laragon/www/pos_sahla/vendor/laravel/framework/src/Illuminate/Foundation/Application.php(1235): Illuminate/Foundation/Console/Kernel->handle(Object(Symfony/Component/Console/Input/ArgvInput), Object(Symfony/Component/Console/Output/ConsoleOutput))
#35 C:/laragon/www/pos_sahla/artisan(16): Illuminate/Foundation/Application->handleCommand(Object(Symfony/Component/Console/Input/ArgvInput))
#36 {main}
"} 
[2026-08-12 04:37:51] local.ERROR: Uncaught ReflectionException: Class "App\Policies\ProdukPolicy" does not exist in Command line code:1
Stack trace:
#0 Command line code(1): ReflectionClass->__construct('App\\Policies\\Pr...')
#1 [internal function]: {closure}('App\\Policies\\Pr...', 'App\\Models\\Prod...')
#2 Command line code(1): array_map(Object(Closure), Array, Array)
#3 {main}
  thrown {"exception":"[object] (Symfony\\Component\\ErrorHandler\\Error\\FatalError(code: 0): Uncaught ReflectionException: Class \"App\\Policies\\ProdukPolicy\" does not exist in Command line code:1
Stack trace:
#0 Command line code(1): ReflectionClass->__construct('App\\\\Policies\\\\Pr...')
#1 [internal function]: {closure}('App\\\\Policies\\\\Pr...', 'App\\\\Models\\\\Prod...')
#2 Command line code(1): array_map(Object(Closure), Array, Array)
#3 {main}
  thrown at Command line code:1)
[stacktrace]
#0 {main}
"} 
[2026-08-12 04:38:50] local.ERROR: Uncaught ReflectionException: Class "App\Policies\ProdukPolicy" does not exist in Command line code:1
Stack trace:
#0 Command line code(1): ReflectionClass->__construct('App\\Policies\\Pr...')
#1 [internal function]: {closure}('App\\Policies\\Pr...', 'App\\Models\\Prod...')
#2 Command line code(1): array_map(Object(Closure), Array, Array)
#3 {main}
  thrown {"exception":"[object] (Symfony\\Component\\ErrorHandler\\Error\\FatalError(code: 0): Uncaught ReflectionException: Class \"App\\Policies\\ProdukPolicy\" does not exist in Command line code:1
Stack trace:
#0 Command line code(1): ReflectionClass->__construct('App\\\\Policies\\\\Pr...')
#1 [internal function]: {closure}('App\\\\Policies\\\\Pr...', 'App\\\\Models\\\\Prod...')
#2 Command line code(1): array_map(Object(Closure), Array, Array)
#3 {main}
  thrown at Command line code:1)
[stacktrace]
#0 {main}
"} 
[2026-08-12 04:39:10] local.ERROR: SQLSTATE[42S21]: Column already exists: 1060 Duplicate column name 'jenis_id' (Connection: mysql, Host: 127.0.0.1, Port: 3306, Database: pos_sahlamanda, SQL: alter table `produk` add `jenis_id` bigint unsigned null after `nama`) {"exception":"[object] (Illuminate\\Database\\QueryException(code: 42S21): SQLSTATE[42S21]: Column already exists: 1060 Duplicate column name 'jenis_id' (Connection: mysql, Host: 127.0.0.1, Port: 3306, Database: pos_sahlamanda, SQL: alter table `produk` add `jenis_id` bigint unsigned null after `nama`) at C:/laragon/www/pos_sahla/vendor/laravel/framework/src/Illuminate/Database/Connection.php:838)
[stacktrace]
#0 C:/laragon/www/pos_sahla/vendor/laravel/framework/src/Illuminate/Database/Connection.php(794): Illuminate/Database/Connection->runQueryCallback('alter table `pr...', Array, Object(Closure))
#1 C:/laragon/www/pos_sahla/vendor/laravel/framework/src/Illuminate/Database/Connection.php(573): Illuminate/Database/Connection->run('alter table `pr...', Array, Object(Closure))
#2 C:/laragon/www/pos_sahla/vendor/laravel/framework/src/Illuminate/Database/Schema/Blueprint.php(121): Illuminate/Database/Connection->statement('alter table `pr...')
#3 C:/laragon/www/pos_sahla/vendor/laravel/framework/src/Illuminate/Database/Schema/Builder.php(686): Illuminate/Database/Schema/Blueprint->build()
#4 C:/laragon/www/pos_sahla/vendor/laravel/framework/src/Illuminate/Database/Schema/Builder.php(494): Illuminate/Database/Schema/Builder->build(Object(Illuminate/Database/Schema/Blueprint))
#5 C:/laragon/www/pos_sahla/vendor/laravel/framework/src/Illuminate/Support/Facades/Facade.php(363): Illuminate/Database/Schema/Builder->table('produk', Object(Closure))
#6 C:/laragon/www/pos_sahla/database/migrations/2026_08_12_041209_add_jenis_id_to_produk_table.php(12): Illuminate/Support/Facades/Facade::__callStatic('table', Array)
#7 C:/laragon/www/pos_sahla/vendor/laravel/framework/src/Illuminate/Database/Migrations/Migrator.php(517): Illuminate/Database/Migrations/Migration@anonymous->up()
#8 C:/laragon/www/pos_sahla/vendor/laravel/framework/src/Illuminate/Database/Migrations/Migrator.php(442): Illuminate/Database/Migrations/Migrator->runMethod(Object(Illuminate/Database/MySqlConnection), Object(Illuminate/Database/Migrations/Migration@anonymous), 'up')
#9 C:/laragon/www/pos_sahla/vendor/laravel/framework/src/Illuminate/Database/Migrations/Migrator.php(451): Illuminate/Database/Migrations/Migrator->Illuminate/Database/Migrations/{closure}()
#10 C:/laragon/www/pos_sahla/vendor/laravel/framework/src/Illuminate/Database/Migrations/Migrator.php(253): Illuminate/Database/Migrations/Migrator->runMigration(Object(Illuminate/Database/Migrations/Migration@anonymous), 'up')
#11 C:/laragon/www/pos_sahla/vendor/laravel/framework/src/Illuminate/Console/View/Components/Task.php(41): Illuminate/Database/Migrations/Migrator->Illuminate/Database/Migrations/{closure}()
#12 C:/laragon/www/pos_sahla/vendor/laravel/framework/src/Illuminate/Database/Migrations/Migrator.php(814): Illuminate/Console/View/Components/Task->render('2026_08_12_0412...', Object(Closure))
#13 C:/laragon/www/pos_sahla/vendor/laravel/framework/src/Illuminate/Database/Migrations/Migrator.php(253): Illuminate/Database/Migrations/Migrator->write('Illuminate//Cons...', '2026_08_12_0412...', Object(Closure))
#14 C:/laragon/www/pos_sahla/vendor/laravel/framework/src/Illuminate/Database/Migrations/Migrator.php(211): Illuminate/Database/Migrations/Migrator->runUp('C://laragon//www//...', 2, false)
#15 C:/laragon/www/pos_sahla/vendor/laravel/framework/src/Illuminate/Database/Migrations/Migrator.php(138): Illuminate/Database/Migrations/Migrator->runPending(Array, Array)
#16 C:/laragon/www/pos_sahla/vendor/laravel/framework/src/Illuminate/Database/Console/Migrations/MigrateCommand.php(116): Illuminate/Database/Migrations/Migrator->run(Array, Array)
#17 C:/laragon/www/pos_sahla/vendor/laravel/framework/src/Illuminate/Database/Migrations/Migrator.php(671): Illuminate/Database/Console/Migrations/MigrateCommand->Illuminate/Database/Console/Migrations/{closure}()
#18 C:/laragon/www/pos_sahla/vendor/laravel/framework/src/Illuminate/Database/Console/Migrations/MigrateCommand.php(109): Illuminate/Database/Migrations/Migrator->usingConnection(NULL, Object(Closure))
#19 C:/laragon/www/pos_sahla/vendor/laravel/framework/src/Illuminate/Database/Console/Migrations/MigrateCommand.php(88): Illuminate/Database/Console/Migrations/MigrateCommand->runMigrations()
#20 C:/laragon/www/pos_sahla/vendor/laravel/framework/src/Illuminate/Container/BoundMethod.php(36): Illuminate/Database/Console/Migrations/MigrateCommand->handle()
#21 C:/laragon/www/pos_sahla/vendor/laravel/framework/src/Illuminate/Container/Util.php(43): Illuminate/Container/BoundMethod::Illuminate/Container/{closure}()
#22 C:/laragon/www/pos_sahla/vendor/laravel/framework/src/Illuminate/Container/BoundMethod.php(96): Illuminate/Container/Util::unwrapIfClosure(Object(Closure))
#23 C:/laragon/www/pos_sahla/vendor/laravel/framework/src/Illuminate/Container/BoundMethod.php(35): Illuminate/Container/BoundMethod::callBoundMethod(Object(Illuminate/Foundation/Application), Array, Object(Closure))
#24 C:/laragon/www/pos_sahla/vendor/laravel/framework/src/Illuminate/Container/Container.php(799): Illuminate/Container/BoundMethod::call(Object(Illuminate/Foundation/Application), Array, Array, NULL)
#25 C:/laragon/www/pos_sahla/vendor/laravel/framework/src/Illuminate/Console/Command.php(211): Illuminate/Container/Container->call(Array)
#26 C:/laragon/www/pos_sahla/vendor/symfony/console/Command/Command.php(341): Illuminate/Console/Command->execute(Object(Symfony/Component/Console/Input/ArgvInput), Object(Illuminate/Console/OutputStyle))
#27 C:/laragon/www/pos_sahla/vendor/laravel/framework/src/Illuminate/Console/Command.php(180): Symfony/Component/Console/Command/Command->run(Object(Symfony/Component/Console/Input/ArgvInput), Object(Illuminate/Console/OutputStyle))
#28 C:/laragon/www/pos_sahla/vendor/symfony/console/Application.php(1117): Illuminate/Console/Command->run(Object(Symfony/Component/Console/Input/ArgvInput), Object(Symfony/Component/Console/Output/ConsoleOutput))
#29 C:/laragon/www/pos_sahla/vendor/symfony/console/Application.php(356): Symfony/Component/Console/Application->doRunCommand(Object(Illuminate/Database/Console/Migrations/MigrateCommand), Object(Symfony/Component/Console/Input/ArgvInput), Object(Symfony/Component/Console/Output/ConsoleOutput))
#30 C:/laragon/www/pos_sahla/vendor/symfony/console/Application.php(195): Symfony/Component/Console/Application->doRun(Object(Symfony/Component/Console/Input/ArgvInput), Object(Symfony/Component/Console/Output/ConsoleOutput))
#31 C:/laragon/www/pos_sahla/vendor/laravel/framework/src/Illuminate/Foundation/Console/Kernel.php(198): Symfony/Component/Console/Application->run(Object(Symfony/Component/Console/Input/ArgvInput), Object(Symfony/Component/Console/Output/ConsoleOutput))
#32 C:/laragon/www/pos_sahla/vendor/laravel/framework/src/Illuminate/Foundation/Application.php(1235): Illuminate/Foundation/Console/Kernel->handle(Object(Symfony/Component/Console/Input/ArgvInput), Object(Symfony/Component/Console/Output/ConsoleOutput))
#33 C:/laragon/www/pos_sahla/artisan(16): Illuminate/Foundation/Application->handleCommand(Object(Symfony/Component/Console/Input/ArgvInput))
#34 {main}

[previous exception] [object] (PDOException(code: 42S21): SQLSTATE[42S21]: Column already exists: 1060 Duplicate column name 'jenis_id' at C:/laragon/www/pos_sahla/vendor/laravel/framework/src/Illuminate/Database/Connection.php:584)
[stacktrace]
#0 C:/laragon/www/pos_sahla/vendor/laravel/framework/src/Illuminate/Database/Connection.php(584): PDOStatement->execute()
#1 C:/laragon/www/pos_sahla/vendor/laravel/framework/src/Illuminate/Database/Connection.php(827): Illuminate/Database/Connection->Illuminate/Database/{closure}('alter table `pr...', Array)
#2 C:/laragon/www/pos_sahla/vendor/laravel/framework/src/Illuminate/Database/Connection.php(794): Illuminate/Database/Connection->runQueryCallback('alter table `pr...', Array, Object(Closure))
#3 C:/laragon/www/pos_sahla/vendor/laravel/framework/src/Illuminate/Database/Connection.php(573): Illuminate/Database/Connection->run('alter table `pr...', Array, Object(Closure))
#4 C:/laragon/www/pos_sahla/vendor/laravel/framework/src/Illuminate/Database/Schema/Blueprint.php(121): Illuminate/Database/Connection->statement('alter table `pr...')
#5 C:/laragon/www/pos_sahla/vendor/laravel/framework/src/Illuminate/Database/Schema/Builder.php(686): Illuminate/Database/Schema/Blueprint->build()
#6 C:/laragon/www/pos_sahla/vendor/laravel/framework/src/Illuminate/Database/Schema/Builder.php(494): Illuminate/Database/Schema/Builder->build(Object(Illuminate/Database/Schema/Blueprint))
#7 C:/laragon/www/pos_sahla/vendor/laravel/framework/src/Illuminate/Support/Facades/Facade.php(363): Illuminate/Database/Schema/Builder->table('produk', Object(Closure))
#8 C:/laragon/www/pos_sahla/database/migrations/2026_08_12_041209_add_jenis_id_to_produk_table.php(12): Illuminate/Support/Facades/Facade::__callStatic('table', Array)
#9 C:/laragon/www/pos_sahla/vendor/laravel/framework/src/Illuminate/Database/Migrations/Migrator.php(517): Illuminate/Database/Migrations/Migration@anonymous->up()
#10 C:/laragon/www/pos_sahla/vendor/laravel/framework/src/Illuminate/Database/Migrations/Migrator.php(442): Illuminate/Database/Migrations/Migrator->runMethod(Object(Illuminate/Database/MySqlConnection), Object(Illuminate/Database/Migrations/Migration@anonymous), 'up')
#11 C:/laragon/www/pos_sahla/vendor/laravel/framework/src/Illuminate/Database/Migrations/Migrator.php(451): Illuminate/Database/Migrations/Migrator->Illuminate/Database/Migrations/{closure}()
#12 C:/laragon/www/pos_sahla/vendor/laravel/framework/src/Illuminate/Database/Migrations/Migrator.php(253): Illuminate/Database/Migrations/Migrator->runMigration(Object(Illuminate/Database/Migrations/Migration@anonymous), 'up')
#13 C:/laragon/www/pos_sahla/vendor/laravel/framework/src/Illuminate/Console/View/Components/Task.php(41): Illuminate/Database/Migrations/Migrator->Illuminate/Database/Migrations/{closure}()
#14 C:/laragon/www/pos_sahla/vendor/laravel/framework/src/Illuminate/Database/Migrations/Migrator.php(814): Illuminate/Console/View/Components/Task->render('2026_08_12_0412...', Object(Closure))
#15 C:/laragon/www/pos_sahla/vendor/laravel/framework/src/Illuminate/Database/Migrations/Migrator.php(253): Illuminate/Database/Migrations/Migrator->write('Illuminate//Cons...', '2026_08_12_0412...', Object(Closure))
#16 C:/laragon/www/pos_sahla/vendor/laravel/framework/src/Illuminate/Database/Migrations/Migrator.php(211): Illuminate/Database/Migrations/Migrator->runUp('C://laragon//www//...', 2, false)
#17 C:/laragon/www/pos_sahla/vendor/laravel/framework/src/Illuminate/Database/Migrations/Migrator.php(138): Illuminate/Database/Migrations/Migrator->runPending(Array, Array)
#18 C:/laragon/www/pos_sahla/vendor/laravel/framework/src/Illuminate/Database/Console/Migrations/MigrateCommand.php(116): Illuminate/Database/Migrations/Migrator->run(Array, Array)
#19 C:/laragon/www/pos_sahla/vendor/laravel/framework/src/Illuminate/Database/Migrations/Migrator.php(671): Illuminate/Database/Console/Migrations/MigrateCommand->Illuminate/Database/Console/Migrations/{closure}()
#20 C:/laragon/www/pos_sahla/vendor/laravel/framework/src/Illuminate/Database/Console/Migrations/MigrateCommand.php(109): Illuminate/Database/Migrations/Migrator->usingConnection(NULL, Object(Closure))
#21 C:/laragon/www/pos_sahla/vendor/laravel/framework/src/Illuminate/Database/Console/Migrations/MigrateCommand.php(88): Illuminate/Database/Console/Migrations/MigrateCommand->runMigrations()
#22 C:/laragon/www/pos_sahla/vendor/laravel/framework/src/Illuminate/Container/BoundMethod.php(36): Illuminate/Database/Console/Migrations/MigrateCommand->handle()
#23 C:/laragon/www/pos_sahla/vendor/laravel/framework/src/Illuminate/Container/Util.php(43): Illuminate/Container/BoundMethod::Illuminate/Container/{closure}()
#24 C:/laragon/www/pos_sahla/vendor/laravel/framework/src/Illuminate/Container/BoundMethod.php(96): Illuminate/Container/Util::unwrapIfClosure(Object(Closure))
#25 C:/laragon/www/pos_sahla/vendor/laravel/framework/src/Illuminate/Container/BoundMethod.php(35): Illuminate/Container/BoundMethod::callBoundMethod(Object(Illuminate/Foundation/Application), Array, Object(Closure))
#26 C:/laragon/www/pos_sahla/vendor/laravel/framework/src/Illuminate/Container/Container.php(799): Illuminate/Container/BoundMethod::call(Object(Illuminate/Foundation/Application), Array, Array, NULL)
#27 C:/laragon/www/pos_sahla/vendor/laravel/framework/src/Illuminate/Console/Command.php(211): Illuminate/Container/Container->call(Array)
#28 C:/laragon/www/pos_sahla/vendor/symfony/console/Command/Command.php(341): Illuminate/Console/Command->execute(Object(Symfony/Component/Console/Input/ArgvInput), Object(Illuminate/Console/OutputStyle))
#29 C:/laragon/www/pos_sahla/vendor/laravel/framework/src/Illuminate/Console/Command.php(180): Symfony/Component/Console/Command/Command->run(Object(Symfony/Component/Console/Input/ArgvInput), Object(Illuminate/Console/OutputStyle))
#30 C:/laragon/www/pos_sahla/vendor/symfony/console/Application.php(1117): Illuminate/Console/Command->run(Object(Symfony/Component/Console/Input/ArgvInput), Object(Symfony/Component/Console/Output/ConsoleOutput))
#31 C:/laragon/www/pos_sahla/vendor/symfony/console/Application.php(356): Symfony/Component/Console/Application->doRunCommand(Object(Illuminate/Database/Console/Migrations/MigrateCommand), Object(Symfony/Component/Console/Input/ArgvInput), Object(Symfony/Component/Console/Output/ConsoleOutput))
#32 C:/laragon/www/pos_sahla/vendor/symfony/console/Application.php(195): Symfony/Component/Console/Application->doRun(Object(Symfony/Component/Console/Input/ArgvInput), Object(Symfony/Component/Console/Output/ConsoleOutput))
#33 C:/laragon/www/pos_sahla/vendor/laravel/framework/src/Illuminate/Foundation/Console/Kernel.php(198): Symfony/Component/Console/Application->run(Object(Symfony/Component/Console/Input/ArgvInput), Object(Symfony/Component/Console/Output/ConsoleOutput))
#34 C:/laragon/www/pos_sahla/vendor/laravel/framework/src/Illuminate/Foundation/Application.php(1235): Illuminate/Foundation/Console/Kernel->handle(Object(Symfony/Component/Console/Input/ArgvInput), Object(Symfony/Component/Console/Output/ConsoleOutput))
#35 C:/laragon/www/pos_sahla/artisan(16): Illuminate/Foundation/Application->handleCommand(Object(Symfony/Component/Console/Input/ArgvInput))
#36 {main}
"} 
[2026-08-12 04:39:50] local.ERROR: Uncaught ReflectionException: Class "App\Policies\ProdukPolicy" does not exist in Command line code:1
Stack trace:
#0 Command line code(1): ReflectionClass->__construct('App\\Policies\\Pr...')
#1 [internal function]: {closure}('App\\Policies\\Pr...', 'App\\Models\\Prod...')
#2 Command line code(1): array_map(Object(Closure), Array, Array)
#3 {main}
  thrown {"exception":"[object] (Symfony\\Component\\ErrorHandler\\Error\\FatalError(code: 0): Uncaught ReflectionException: Class \"App\\Policies\\ProdukPolicy\" does not exist in Command line code:1
Stack trace:
#0 Command line code(1): ReflectionClass->__construct('App\\\\Policies\\\\Pr...')
#1 [internal function]: {closure}('App\\\\Policies\\\\Pr...', 'App\\\\Models\\\\Prod...')
#2 Command line code(1): array_map(Object(Closure), Array, Array)
#3 {main}
  thrown at Command line code:1)
[stacktrace]
#0 {main}
"} 
[2026-08-12 04:40:51] local.ERROR: Uncaught ReflectionException: Class "App\Policies\ProdukPolicy" does not exist in Command line code:1
Stack trace:
#0 Command line code(1): ReflectionClass->__construct('App\\Policies\\Pr...')
#1 [internal function]: {closure}('App\\Policies\\Pr...', 'App\\Models\\Prod...')
#2 Command line code(1): array_map(Object(Closure), Array, Array)
#3 {main}
  thrown {"exception":"[object] (Symfony\\Component\\ErrorHandler\\Error\\FatalError(code: 0): Uncaught ReflectionException: Class \"App\\Policies\\ProdukPolicy\" does not exist in Command line code:1
Stack trace:
#0 Command line code(1): ReflectionClass->__construct('App\\\\Policies\\\\Pr...')
#1 [internal function]: {closure}('App\\\\Policies\\\\Pr...', 'App\\\\Models\\\\Prod...')
#2 Command line code(1): array_map(Object(Closure), Array, Array)
#3 {main}
  thrown at Command line code:1)
[stacktrace]
#0 {main}
"} 
[2026-08-12 04:41:43] local.ERROR: SQLSTATE[42S22]: Column not found: 1054 Unknown column 'nama' in 'where clause' (Connection: mysql, Host: 127.0.0.1, Port: 3306, Database: pos_sahlamanda, SQL: select count(*) as aggregate from `jenis` where `nama` = makanan) {"userId":2,"exception":"[object] (Illuminate\\Database\\QueryException(code: 42S22): SQLSTATE[42S22]: Column not found: 1054 Unknown column 'nama' in 'where clause' (Connection: mysql, Host: 127.0.0.1, Port: 3306, Database: pos_sahlamanda, SQL: select count(*) as aggregate from `jenis` where `nama` = makanan) at C:/laragon/www/pos_sahla/vendor/laravel/framework/src/Illuminate/Database/Connection.php:838)
[stacktrace]
#0 C:/laragon/www/pos_sahla/vendor/laravel/framework/src/Illuminate/Database/Connection.php(794): Illuminate/Database/Connection->runQueryCallback('select count(*)...', Array, Object(Closure))
#1 C:/laragon/www/pos_sahla/vendor/laravel/framework/src/Illuminate/Database/Connection.php(411): Illuminate/Database/Connection->run('select count(*)...', Array, Object(Closure))
#2 C:/laragon/www/pos_sahla/vendor/laravel/framework/src/Illuminate/Database/Query/Builder.php(3505): Illuminate/Database/Connection->select('select count(*)...', Array, false)
#3 C:/laragon/www/pos_sahla/vendor/laravel/framework/src/Illuminate/Database/Query/Builder.php(3490): Illuminate/Database/Query/Builder->runSelect()
#4 C:/laragon/www/pos_sahla/vendor/laravel/framework/src/Illuminate/Database/Query/Builder.php(4080): Illuminate/Database/Query/Builder->Illuminate/Database/Query/{closure}()
#5 C:/laragon/www/pos_sahla/vendor/laravel/framework/src/Illuminate/Database/Query/Builder.php(3489): Illuminate/Database/Query/Builder->onceWithColumns(Array, Object(Closure))
#6 C:/laragon/www/pos_sahla/vendor/laravel/framework/src/Illuminate/Database/Query/Builder.php(4004): Illuminate/Database/Query/Builder->get(Array)
#7 C:/laragon/www/pos_sahla/vendor/laravel/framework/src/Illuminate/Database/Query/Builder.php(3932): Illuminate/Database/Query/Builder->aggregate('count', Array)
#8 C:/laragon/www/pos_sahla/vendor/laravel/framework/src/Illuminate/Validation/DatabasePresenceVerifier.php(53): Illuminate/Database/Query/Builder->count()
#9 C:/laragon/www/pos_sahla/vendor/laravel/framework/src/Illuminate/Validation/Concerns/ValidatesAttributes.php(1083): Illuminate/Validation/DatabasePresenceVerifier->getCount('jenis', 'nama', 'makanan', NULL, NULL, Array)
#10 C:/laragon/www/pos_sahla/vendor/laravel/framework/src/Illuminate/Validation/Validator.php(726): Illuminate/Validation/Validator->validateUnique('nama', 'makanan', Array, Object(Illuminate/Validation/Validator))
#11 C:/laragon/www/pos_sahla/vendor/laravel/framework/src/Illuminate/Validation/Validator.php(481): Illuminate/Validation/Validator->validateAttribute('nama', 'Unique')
#12 C:/laragon/www/pos_sahla/vendor/laravel/framework/src/Illuminate/Validation/Validator.php(516): Illuminate/Validation/Validator->passes()
#13 C:/laragon/www/pos_sahla/vendor/laravel/framework/src/Illuminate/Validation/ValidatesWhenResolvedTrait.php(31): Illuminate/Validation/Validator->fails()
#14 C:/laragon/www/pos_sahla/vendor/laravel/framework/src/Illuminate/Foundation/Providers/FormRequestServiceProvider.php(30): Illuminate/Foundation/Http/FormRequest->validateResolved()
#15 C:/laragon/www/pos_sahla/vendor/laravel/framework/src/Illuminate/Container/Container.php(1618): Illuminate/Foundation/Providers/FormRequestServiceProvider->Illuminate/Foundation/Providers/{closure}(Object(App/Http/Requests/Jenis/StoreRequest), Object(Illuminate/Foundation/Application))
#16 C:/laragon/www/pos_sahla/vendor/laravel/framework/src/Illuminate/Container/Container.php(1556): Illuminate/Container/Container->fireCallbackArray(Object(App/Http/Requests/Jenis/StoreRequest), Array)
#17 C:/laragon/www/pos_sahla/vendor/laravel/framework/src/Illuminate/Container/Container.php(1542): Illuminate/Container/Container->fireAfterResolvingCallbacks('App//Http//Reques...', Object(App/Http/Requests/Jenis/StoreRequest))
#18 C:/laragon/www/pos_sahla/vendor/laravel/framework/src/Illuminate/Container/Container.php(951): Illuminate/Container/Container->fireResolvingCallbacks('App//Http//Reques...', Object(App/Http/Requests/Jenis/StoreRequest))
#19 C:/laragon/www/pos_sahla/vendor/laravel/framework/src/Illuminate/Foundation/Application.php(1078): Illuminate/Container/Container->resolve('App//Http//Reques...', Array, true)
#20 C:/laragon/www/pos_sahla/vendor/laravel/framework/src/Illuminate/Container/Container.php(864): Illuminate/Foundation/Application->resolve('App//Http//Reques...', Array)
#21 C:/laragon/www/pos_sahla/vendor/laravel/framework/src/Illuminate/Foundation/Application.php(1058): Illuminate/Container/Container->make('App//Http//Reques...', Array)
#22 C:/laragon/www/pos_sahla/vendor/laravel/framework/src/Illuminate/Routing/ResolvesRouteDependencies.php(92): Illuminate/Foundation/Application->make('App//Http//Reques...')
#23 C:/laragon/www/pos_sahla/vendor/laravel/framework/src/Illuminate/Routing/ResolvesRouteDependencies.php(51): Illuminate/Routing/ControllerDispatcher->transformDependency(Object(ReflectionParameter), Array, Object(stdClass))
#24 C:/laragon/www/pos_sahla/vendor/laravel/framework/src/Illuminate/Routing/ResolvesRouteDependencies.php(30): Illuminate/Routing/ControllerDispatcher->resolveMethodDependencies(Array, Object(ReflectionMethod))
#25 C:/laragon/www/pos_sahla/vendor/laravel/framework/src/Illuminate/Routing/ControllerDispatcher.php(59): Illuminate/Routing/ControllerDispatcher->resolveClassMethodDependencies(Array, Object(App/Http/Controllers/JenisController), 'store')
#26 C:/laragon/www/pos_sahla/vendor/laravel/framework/src/Illuminate/Routing/ControllerDispatcher.php(40): Illuminate/Routing/ControllerDispatcher->resolveParameters(Object(Illuminate/Routing/Route), Object(App/Http/Controllers/JenisController), 'store')
#27 C:/laragon/www/pos_sahla/vendor/laravel/framework/src/Illuminate/Routing/Route.php(265): Illuminate/Routing/ControllerDispatcher->dispatch(Object(Illuminate/Routing/Route), Object(App/Http/Controllers/JenisController), 'store')
#28 C:/laragon/www/pos_sahla/vendor/laravel/framework/src/Illuminate/Routing/Route.php(211): Illuminate/Routing/Route->runController()
#29 C:/laragon/www/pos_sahla/vendor/laravel/framework/src/Illuminate/Routing/Router.php(822): Illuminate/Routing/Route->run()
#30 C:/laragon/www/pos_sahla/vendor/laravel/framework/src/Illuminate/Pipeline/Pipeline.php(180): Illuminate/Routing/Router->Illuminate/Routing/{closure}(Object(Illuminate/Http/Request))
#31 C:/laragon/www/pos_sahla/app/Http/Middleware/RoleMiddleware.php(32): Illuminate/Pipeline/Pipeline->Illuminate/Pipeline/{closure}(Object(Illuminate/Http/Request))
#32 C:/laragon/www/pos_sahla/vendor/laravel/framework/src/Illuminate/Pipeline/Pipeline.php(219): App/Http/Middleware/RoleMiddleware->handle(Object(Illuminate/Http/Request), Object(Closure), 'admin', 'kasir')
#33 C:/laragon/www/pos_sahla/vendor/laravel/framework/src/Illuminate/Routing/Middleware/SubstituteBindings.php(50): Illuminate/Pipeline/Pipeline->Illuminate/Pipeline/{closure}(Object(Illuminate/Http/Request))
#34 C:/laragon/www/pos_sahla/vendor/laravel/framework/src/Illuminate/Pipeline/Pipeline.php(219): Illuminate/Routing/Middleware/SubstituteBindings->handle(Object(Illuminate/Http/Request), Object(Closure))
#35 C:/laragon/www/pos_sahla/vendor/laravel/framework/src/Illuminate/Auth/Middleware/Authenticate.php(63): Illuminate/Pipeline/Pipeline->Illuminate/Pipeline/{closure}(Object(Illuminate/Http/Request))
#36 C:/laragon/www/pos_sahla/vendor/laravel/framework/src/Illuminate/Pipeline/Pipeline.php(219): Illuminate/Auth/Middleware/Authenticate->handle(Object(Illuminate/Http/Request), Object(Closure))
#37 C:/laragon/www/pos_sahla/vendor/laravel/framework/src/Illuminate/Foundation/Http/Middleware/VerifyCsrfToken.php(87): Illuminate/Pipeline/Pipeline->Illuminate/Pipeline/{closure}(Object(Illuminate/Http/Request))
#38 C:/laragon/www/pos_sahla/vendor/laravel/framework/src/Illuminate/Pipeline/Pipeline.php(219): Illuminate/Foundation/Http/Middleware/VerifyCsrfToken->handle(Object(Illuminate/Http/Request), Object(Closure))
#39 C:/laragon/www/pos_sahla/vendor/laravel/framework/src/Illuminate/View/Middleware/ShareErrorsFromSession.php(48): Illuminate/Pipeline/Pipeline->Illuminate/Pipeline/{closure}(Object(Illuminate/Http/Request))
#40 C:/laragon/www/pos_sahla/vendor/laravel/framework/src/Illuminate/Pipeline/Pipeline.php(219): Illuminate/View/Middleware/ShareErrorsFromSession->handle(Object(Illuminate/Http/Request), Object(Closure))
#41 C:/laragon/www/pos_sahla/vendor/laravel/framework/src/Illuminate/Session/Middleware/StartSession.php(120): Illuminate/Pipeline/Pipeline->Illuminate/Pipeline/{closure}(Object(Illuminate/Http/Request))
#42 C:/laragon/www/pos_sahla/vendor/laravel/framework/src/Illuminate/Session/Middleware/StartSession.php(63): Illuminate/Session/Middleware/StartSession->handleStatefulRequest(Object(Illuminate/Http/Request), Object(Illuminate/Session/Store), Object(Closure))
#43 C:/laragon/www/pos_sahla/vendor/laravel/framework/src/Illuminate/Pipeline/Pipeline.php(219): Illuminate/Session/Middleware/StartSession->handle(Object(Illuminate/Http/Request), Object(Closure))
#44 C:/laragon/www/pos_sahla/vendor/laravel/framework/src/Illuminate/Cookie/Middleware/AddQueuedCookiesToResponse.php(36): Illuminate/Pipeline/Pipeline->Illuminate/Pipeline/{closure}(Object(Illuminate/Http/Request))
#45 C:/laragon/www/pos_sahla/vendor/laravel/framework/src/Illuminate/Pipeline/Pipeline.php(219): Illuminate/Cookie/Middleware/AddQueuedCookiesToResponse->handle(Object(Illuminate/Http/Request), Object(Closure))
#46 C:/laragon/www/pos_sahla/vendor/laravel/framework/src/Illuminate/Cookie/Middleware/EncryptCookies.php(74): Illuminate/Pipeline/Pipeline->Illuminate/Pipeline/{closure}(Object(Illuminate/Http/Request))
#47 C:/laragon/www/pos_sahla/vendor/laravel/framework/src/Illuminate/Pipeline/Pipeline.php(219): Illuminate/Cookie/Middleware/EncryptCookies->handle(Object(Illuminate/Http/Request), Object(Closure))
#48 C:/laragon/www/pos_sahla/vendor/laravel/framework/src/Illuminate/Pipeline/Pipeline.php(137): Illuminate/Pipeline/Pipeline->Illuminate/Pipeline/{closure}(Object(Illuminate/Http/Request))
#49 C:/laragon/www/pos_sahla/vendor/laravel/framework/src/Illuminate/Routing/Router.php(821): Illuminate/Pipeline/Pipeline->then(Object(Closure))
#50 C:/laragon/www/pos_sahla/vendor/laravel/framework/src/Illuminate/Routing/Router.php(800): Illuminate/Routing/Router->runRouteWithinStack(Object(Illuminate/Routing/Route), Object(Illuminate/Http/Request))
#51 C:/laragon/www/pos_sahla/vendor/laravel/framework/src/Illuminate/Routing/Router.php(764): Illuminate/Routing/Router->runRoute(Object(Illuminate/Http/Request), Object(Illuminate/Routing/Route))
#52 C:/laragon/www/pos_sahla/vendor/laravel/framework/src/Illuminate/Routing/Router.php(753): Illuminate/Routing/Router->dispatchToRoute(Object(Illuminate/Http/Request))
#53 C:/laragon/www/pos_sahla/vendor/laravel/framework/src/Illuminate/Foundation/Http/Kernel.php(200): Illuminate/Routing/Router->dispatch(Object(Illuminate/Http/Request))
#54 C:/laragon/www/pos_sahla/vendor/laravel/framework/src/Illuminate/Pipeline/Pipeline.php(180): Illuminate/Foundation/Http/Kernel->Illuminate/Foundation/Http/{closure}(Object(Illuminate/Http/Request))
#55 C:/laragon/www/pos_sahla/vendor/laravel/framework/src/Illuminate/Foundation/Http/Middleware/TransformsRequest.php(21): Illuminate/Pipeline/Pipeline->Illuminate/Pipeline/{closure}(Object(Illuminate/Http/Request))
#56 C:/laragon/www/pos_sahla/vendor/laravel/framework/src/Illuminate/Foundation/Http/Middleware/ConvertEmptyStringsToNull.php(31): Illuminate/Foundation/Http/Middleware/TransformsRequest->handle(Object(Illuminate/Http/Request), Object(Closure))
#57 C:/laragon/www/pos_sahla/vendor/laravel/framework/src/Illuminate/Pipeline/Pipeline.php(219): Illuminate/Foundation/Http/Middleware/ConvertEmptyStringsToNull->handle(Object(Illuminate/Http/Request), Object(Closure))
#58 C:/laragon/www/pos_sahla/vendor/laravel/framework/src/Illuminate/Foundation/Http/Middleware/TransformsRequest.php(21): Illuminate/Pipeline/Pipeline->Illuminate/Pipeline/{closure}(Object(Illuminate/Http/Request))
#59 C:/laragon/www/pos_sahla/vendor/laravel/framework/src/Illuminate/Foundation/Http/Middleware/TrimStrings.php(51): Illuminate/Foundation/Http/Middleware/TransformsRequest->handle(Object(Illuminate/Http/Request), Object(Closure))
#60 C:/laragon/www/pos_sahla/vendor/laravel/framework/src/Illuminate/Pipeline/Pipeline.php(219): Illuminate/Foundation/Http/Middleware/TrimStrings->handle(Object(Illuminate/Http/Request), Object(Closure))
#61 C:/laragon/www/pos_sahla/vendor/laravel/framework/src/Illuminate/Http/Middleware/ValidatePostSize.php(27): Illuminate/Pipeline/Pipeline->Illuminate/Pipeline/{closure}(Object(Illuminate/Http/Request))
#62 C:/laragon/www/pos_sahla/vendor/laravel/framework/src/Illuminate/Pipeline/Pipeline.php(219): Illuminate/Http/Middleware/ValidatePostSize->handle(Object(Illuminate/Http/Request), Object(Closure))
#63 C:/laragon/www/pos_sahla/vendor/laravel/framework/src/Illuminate/Foundation/Http/Middleware/PreventRequestsDuringMaintenance.php(109): Illuminate/Pipeline/Pipeline->Illuminate/Pipeline/{closure}(Object(Illuminate/Http/Request))
#64 C:/laragon/www/pos_sahla/vendor/laravel/framework/src/Illuminate/Pipeline/Pipeline.php(219): Illuminate/Foundation/Http/Middleware/PreventRequestsDuringMaintenance->handle(Object(Illuminate/Http/Request), Object(Closure))
#65 C:/laragon/www/pos_sahla/vendor/laravel/framework/src/Illuminate/Http/Middleware/HandleCors.php(61): Illuminate/Pipeline/Pipeline->Illuminate/Pipeline/{closure}(Object(Illuminate/Http/Request))
#66 C:/laragon/www/pos_sahla/vendor/laravel/framework/src/Illuminate/Pipeline/Pipeline.php(219): Illuminate/Http/Middleware/HandleCors->handle(Object(Illuminate/Http/Request), Object(Closure))
#67 C:/laragon/www/pos_sahla/vendor/laravel/framework/src/Illuminate/Http/Middleware/TrustProxies.php(58): Illuminate/Pipeline/Pipeline->Illuminate/Pipeline/{closure}(Object(Illuminate/Http/Request))
#68 C:/laragon/www/pos_sahla/vendor/laravel/framework/src/Illuminate/Pipeline/Pipeline.php(219): Illuminate/Http/Middleware/TrustProxies->handle(Object(Illuminate/Http/Request), Object(Closure))
#69 C:/laragon/www/pos_sahla/vendor/laravel/framework/src/Illuminate/Foundation/Http/Middleware/InvokeDeferredCallbacks.php(22): Illuminate/Pipeline/Pipeline->Illuminate/Pipeline/{closure}(Object(Illuminate/Http/Request))
#70 C:/laragon/www/pos_sahla/vendor/laravel/framework/src/Illuminate/Pipeline/Pipeline.php(219): Illuminate/Foundation/Http/Middleware/InvokeDeferredCallbacks->handle(Object(Illuminate/Http/Request), Object(Closure))
#71 C:/laragon/www/pos_sahla/vendor/laravel/framework/src/Illuminate/Http/Middleware/ValidatePathEncoding.php(26): Illuminate/Pipeline/Pipeline->Illuminate/Pipeline/{closure}(Object(Illuminate/Http/Request))
#72 C:/laragon/www/pos_sahla/vendor/laravel/framework/src/Illuminate/Pipeline/Pipeline.php(219): Illuminate/Http/Middleware/ValidatePathEncoding->handle(Object(Illuminate/Http/Request), Object(Closure))
#73 C:/laragon/www/pos_sahla/vendor/laravel/framework/src/Illuminate/Pipeline/Pipeline.php(137): Illuminate/Pipeline/Pipeline->Illuminate/Pipeline/{closure}(Object(Illuminate/Http/Request))
#74 C:/laragon/www/pos_sahla/vendor/laravel/framework/src/Illuminate/Foundation/Http/Kernel.php(175): Illuminate/Pipeline/Pipeline->then(Object(Closure))
#75 C:/laragon/www/pos_sahla/vendor/laravel/framework/src/Illuminate/Foundation/Http/Kernel.php(144): Illuminate/Foundation/Http/Kernel->sendRequestThroughRouter(Object(Illuminate/Http/Request))
#76 C:/laragon/www/pos_sahla/vendor/laravel/framework/src/Illuminate/Foundation/Application.php(1220): Illuminate/Foundation/Http/Kernel->handle(Object(Illuminate/Http/Request))
#77 C:/laragon/www/pos_sahla/public/index.php(20): Illuminate/Foundation/Application->handleRequest(Object(Illuminate/Http/Request))
#78 C:/laragon/www/pos_sahla/vendor/laravel/framework/src/Illuminate/Foundation/resources/server.php(23): require_once('C://laragon//www//...')
#79 {main}

[previous exception] [object] (PDOException(code: 42S22): SQLSTATE[42S22]: Column not found: 1054 Unknown column 'nama' in 'where clause' at C:/laragon/www/pos_sahla/vendor/laravel/framework/src/Illuminate/Database/Connection.php:420)
[stacktrace]
#0 C:/laragon/www/pos_sahla/vendor/laravel/framework/src/Illuminate/Database/Connection.php(420): PDO->prepare('select count(*)...')
#1 C:/laragon/www/pos_sahla/vendor/laravel/framework/src/Illuminate/Database/Connection.php(827): Illuminate/Database/Connection->Illuminate/Database/{closure}('select count(*)...', Array)
#2 C:/laragon/www/pos_sahla/vendor/laravel/framework/src/Illuminate/Database/Connection.php(794): Illuminate/Database/Connection->runQueryCallback('select count(*)...', Array, Object(Closure))
#3 C:/laragon/www/pos_sahla/vendor/laravel/framework/src/Illuminate/Database/Connection.php(411): Illuminate/Database/Connection->run('select count(*)...', Array, Object(Closure))
#4 C:/laragon/www/pos_sahla/vendor/laravel/framework/src/Illuminate/Database/Query/Builder.php(3505): Illuminate/Database/Connection->select('select count(*)...', Array, false)
#5 C:/laragon/www/pos_sahla/vendor/laravel/framework/src/Illuminate/Database/Query/Builder.php(3490): Illuminate/Database/Query/Builder->runSelect()
#6 C:/laragon/www/pos_sahla/vendor/laravel/framework/src/Illuminate/Database/Query/Builder.php(4080): Illuminate/Database/Query/Builder->Illuminate/Database/Query/{closure}()
#7 C:/laragon/www/pos_sahla/vendor/laravel/framework/src/Illuminate/Database/Query/Builder.php(3489): Illuminate/Database/Query/Builder->onceWithColumns(Array, Object(Closure))
#8 C:/laragon/www/pos_sahla/vendor/laravel/framework/src/Illuminate/Database/Query/Builder.php(4004): Illuminate/Database/Query/Builder->get(Array)
#9 C:/laragon/www/pos_sahla/vendor/laravel/framework/src/Illuminate/Database/Query/Builder.php(3932): Illuminate/Database/Query/Builder->aggregate('count', Array)
#10 C:/laragon/www/pos_sahla/vendor/laravel/framework/src/Illuminate/Validation/DatabasePresenceVerifier.php(53): Illuminate/Database/Query/Builder->count()
#11 C:/laragon/www/pos_sahla/vendor/laravel/framework/src/Illuminate/Validation/Concerns/ValidatesAttributes.php(1083): Illuminate/Validation/DatabasePresenceVerifier->getCount('jenis', 'nama', 'makanan', NULL, NULL, Array)
#12 C:/laragon/www/pos_sahla/vendor/laravel/framework/src/Illuminate/Validation/Validator.php(726): Illuminate/Validation/Validator->validateUnique('nama', 'makanan', Array, Object(Illuminate/Validation/Validator))
#13 C:/laragon/www/pos_sahla/vendor/laravel/framework/src/Illuminate/Validation/Validator.php(481): Illuminate/Validation/Validator->validateAttribute('nama', 'Unique')
#14 C:/laragon/www/pos_sahla/vendor/laravel/framework/src/Illuminate/Validation/Validator.php(516): Illuminate/Validation/Validator->passes()
#15 C:/laragon/www/pos_sahla/vendor/laravel/framework/src/Illuminate/Validation/ValidatesWhenResolvedTrait.php(31): Illuminate/Validation/Validator->fails()
#16 C:/laragon/www/pos_sahla/vendor/laravel/framework/src/Illuminate/Foundation/Providers/FormRequestServiceProvider.php(30): Illuminate/Foundation/Http/FormRequest->validateResolved()
#17 C:/laragon/www/pos_sahla/vendor/laravel/framework/src/Illuminate/Container/Container.php(1618): Illuminate/Foundation/Providers/FormRequestServiceProvider->Illuminate/Foundation/Providers/{closure}(Object(App/Http/Requests/Jenis/StoreRequest), Object(Illuminate/Foundation/Application))
#18 C:/laragon/www/pos_sahla/vendor/laravel/framework/src/Illuminate/Container/Container.php(1556): Illuminate/Container/Container->fireCallbackArray(Object(App/Http/Requests/Jenis/StoreRequest), Array)
#19 C:/laragon/www/pos_sahla/vendor/laravel/framework/src/Illuminate/Container/Container.php(1542): Illuminate/Container/Container->fireAfterResolvingCallbacks('App//Http//Reques...', Object(App/Http/Requests/Jenis/StoreRequest))
#20 C:/laragon/www/pos_sahla/vendor/laravel/framework/src/Illuminate/Container/Container.php(951): Illuminate/Container/Container->fireResolvingCallbacks('App//Http//Reques...', Object(App/Http/Requests/Jenis/StoreRequest))
#21 C:/laragon/www/pos_sahla/vendor/laravel/framework/src/Illuminate/Foundation/Application.php(1078): Illuminate/Container/Container->resolve('App//Http//Reques...', Array, true)
#22 C:/laragon/www/pos_sahla/vendor/laravel/framework/src/Illuminate/Container/Container.php(864): Illuminate/Foundation/Application->resolve('App//Http//Reques...', Array)
#23 C:/laragon/www/pos_sahla/vendor/laravel/framework/src/Illuminate/Foundation/Application.php(1058): Illuminate/Container/Container->make('App//Http//Reques...', Array)
#24 C:/laragon/www/pos_sahla/vendor/laravel/framework/src/Illuminate/Routing/ResolvesRouteDependencies.php(92): Illuminate/Foundation/Application->make('App//Http//Reques...')
#25 C:/laragon/www/pos_sahla/vendor/laravel/framework/src/Illuminate/Routing/ResolvesRouteDependencies.php(51): Illuminate/Routing/ControllerDispatcher->transformDependency(Object(ReflectionParameter), Array, Object(stdClass))
#26 C:/laragon/www/pos_sahla/vendor/laravel/framework/src/Illuminate/Routing/ResolvesRouteDependencies.php(30): Illuminate/Routing/ControllerDispatcher->resolveMethodDependencies(Array, Object(ReflectionMethod))
#27 C:/laragon/www/pos_sahla/vendor/laravel/framework/src/Illuminate/Routing/ControllerDispatcher.php(59): Illuminate/Routing/ControllerDispatcher->resolveClassMethodDependencies(Array, Object(App/Http/Controllers/JenisController), 'store')
#28 C:/laragon/www/pos_sahla/vendor/laravel/framework/src/Illuminate/Routing/ControllerDispatcher.php(40): Illuminate/Routing/ControllerDispatcher->resolveParameters(Object(Illuminate/Routing/Route), Object(App/Http/Controllers/JenisController), 'store')
#29 C:/laragon/www/pos_sahla/vendor/laravel/framework/src/Illuminate/Routing/Route.php(265): Illuminate/Routing/ControllerDispatcher->dispatch(Object(Illuminate/Routing/Route), Object(App/Http/Controllers/JenisController), 'store')
#30 C:/laragon/www/pos_sahla/vendor/laravel/framework/src/Illuminate/Routing/Route.php(211): Illuminate/Routing/Route->runController()
#31 C:/laragon/www/pos_sahla/vendor/laravel/framework/src/Illuminate/Routing/Router.php(822): Illuminate/Routing/Route->run()
#32 C:/laragon/www/pos_sahla/vendor/laravel/framework/src/Illuminate/Pipeline/Pipeline.php(180): Illuminate/Routing/Router->Illuminate/Routing/{closure}(Object(Illuminate/Http/Request))
#33 C:/laragon/www/pos_sahla/app/Http/Middleware/RoleMiddleware.php(32): Illuminate/Pipeline/Pipeline->Illuminate/Pipeline/{closure}(Object(Illuminate/Http/Request))
#34 C:/laragon/www/pos_sahla/vendor/laravel/framework/src/Illuminate/Pipeline/Pipeline.php(219): App/Http/Middleware/RoleMiddleware->handle(Object(Illuminate/Http/Request), Object(Closure), 'admin', 'kasir')
#35 C:/laragon/www/pos_sahla/vendor/laravel/framework/src/Illuminate/Routing/Middleware/SubstituteBindings.php(50): Illuminate/Pipeline/Pipeline->Illuminate/Pipeline/{closure}(Object(Illuminate/Http/Request))
#36 C:/laragon/www/pos_sahla/vendor/laravel/framework/src/Illuminate/Pipeline/Pipeline.php(219): Illuminate/Routing/Middleware/SubstituteBindings->handle(Object(Illuminate/Http/Request), Object(Closure))
#37 C:/laragon/www/pos_sahla/vendor/laravel/framework/src/Illuminate/Auth/Middleware/Authenticate.php(63): Illuminate/Pipeline/Pipeline->Illuminate/Pipeline/{closure}(Object(Illuminate/Http/Request))
#38 C:/laragon/www/pos_sahla/vendor/laravel/framework/src/Illuminate/Pipeline/Pipeline.php(219): Illuminate/Auth/Middleware/Authenticate->handle(Object(Illuminate/Http/Request), Object(Closure))
#39 C:/laragon/www/pos_sahla/vendor/laravel/framework/src/Illuminate/Foundation/Http/Middleware/VerifyCsrfToken.php(87): Illuminate/Pipeline/Pipeline->Illuminate/Pipeline/{closure}(Object(Illuminate/Http/Request))
#40 C:/laragon/www/pos_sahla/vendor/laravel/framework/src/Illuminate/Pipeline/Pipeline.php(219): Illuminate/Foundation/Http/Middleware/VerifyCsrfToken->handle(Object(Illuminate/Http/Request), Object(Closure))
#41 C:/laragon/www/pos_sahla/vendor/laravel/framework/src/Illuminate/View/Middleware/ShareErrorsFromSession.php(48): Illuminate/Pipeline/Pipeline->Illuminate/Pipeline/{closure}(Object(Illuminate/Http/Request))
#42 C:/laragon/www/pos_sahla/vendor/laravel/framework/src/Illuminate/Pipeline/Pipeline.php(219): Illuminate/View/Middleware/ShareErrorsFromSession->handle(Object(Illuminate/Http/Request), Object(Closure))
#43 C:/laragon/www/pos_sahla/vendor/laravel/framework/src/Illuminate/Session/Middleware/StartSession.php(120): Illuminate/Pipeline/Pipeline->Illuminate/Pipeline/{closure}(Object(Illuminate/Http/Request))
#44 C:/laragon/www/pos_sahla/vendor/laravel/framework/src/Illuminate/Session/Middleware/StartSession.php(63): Illuminate/Session/Middleware/StartSession->handleStatefulRequest(Object(Illuminate/Http/Request), Object(Illuminate/Session/Store), Object(Closure))
#45 C:/laragon/www/pos_sahla/vendor/laravel/framework/src/Illuminate/Pipeline/Pipeline.php(219): Illuminate/Session/Middleware/StartSession->handle(Object(Illuminate/Http/Request), Object(Closure))
#46 C:/laragon/www/pos_sahla/vendor/laravel/framework/src/Illuminate/Cookie/Middleware/AddQueuedCookiesToResponse.php(36): Illuminate/Pipeline/Pipeline->Illuminate/Pipeline/{closure}(Object(Illuminate/Http/Request))
#47 C:/laragon/www/pos_sahla/vendor/laravel/framework/src/Illuminate/Pipeline/Pipeline.php(219): Illuminate/Cookie/Middleware/AddQueuedCookiesToResponse->handle(Object(Illuminate/Http/Request), Object(Closure))
#48 C:/laragon/www/pos_sahla/vendor/laravel/framework/src/Illuminate/Cookie/Middleware/EncryptCookies.php(74): Illuminate/Pipeline/Pipeline->Illuminate/Pipeline/{closure}(Object(Illuminate/Http/Request))
#49 C:/laragon/www/pos_sahla/vendor/laravel/framework/src/Illuminate/Pipeline/Pipeline.php(219): Illuminate/Cookie/Middleware/EncryptCookies->handle(Object(Illuminate/Http/Request), Object(Closure))
#50 C:/laragon/www/pos_sahla/vendor/laravel/framework/src/Illuminate/Pipeline/Pipeline.php(137): Illuminate/Pipeline/Pipeline->Illuminate/Pipeline/{closure}(Object(Illuminate/Http/Request))
#51 C:/laragon/www/pos_sahla/vendor/laravel/framework/src/Illuminate/Routing/Router.php(821): Illuminate/Pipeline/Pipeline->then(Object(Closure))
#52 C:/laragon/www/pos_sahla/vendor/laravel/framework/src/Illuminate/Routing/Router.php(800): Illuminate/Routing/Router->runRouteWithinStack(Object(Illuminate/Routing/Route), Object(Illuminate/Http/Request))
#53 C:/laragon/www/pos_sahla/vendor/laravel/framework/src/Illuminate/Routing/Router.php(764): Illuminate/Routing/Router->runRoute(Object(Illuminate/Http/Request), Object(Illuminate/Routing/Route))
#54 C:/laragon/www/pos_sahla/vendor/laravel/framework/src/Illuminate/Routing/Router.php(753): Illuminate/Routing/Router->dispatchToRoute(Object(Illuminate/Http/Request))
#55 C:/laragon/www/pos_sahla/vendor/laravel/framework/src/Illuminate/Foundation/Http/Kernel.php(200): Illuminate/Routing/Router->dispatch(Object(Illuminate/Http/Request))
#56 C:/laragon/www/pos_sahla/vendor/laravel/framework/src/Illuminate/Pipeline/Pipeline.php(180): Illuminate/Foundation/Http/Kernel->Illuminate/Foundation/Http/{closure}(Object(Illuminate/Http/Request))
#57 C:/laragon/www/pos_sahla/vendor/laravel/framework/src/Illuminate/Foundation/Http/Middleware/TransformsRequest.php(21): Illuminate/Pipeline/Pipeline->Illuminate/Pipeline/{closure}(Object(Illuminate/Http/Request))
#58 C:/laragon/www/pos_sahla/vendor/laravel/framework/src/Illuminate/Foundation/Http/Middleware/ConvertEmptyStringsToNull.php(31): Illuminate/Foundation/Http/Middleware/TransformsRequest->handle(Object(Illuminate/Http/Request), Object(Closure))
#59 C:/laragon/www/pos_sahla/vendor/laravel/framework/src/Illuminate/Pipeline/Pipeline.php(219): Illuminate/Foundation/Http/Middleware/ConvertEmptyStringsToNull->handle(Object(Illuminate/Http/Request), Object(Closure))
#60 C:/laragon/www/pos_sahla/vendor/laravel/framework/src/Illuminate/Foundation/Http/Middleware/TransformsRequest.php(21): Illuminate/Pipeline/Pipeline->Illuminate/Pipeline/{closure}(Object(Illuminate/Http/Request))
#61 C:/laragon/www/pos_sahla/vendor/laravel/framework/src/Illuminate/Foundation/Http/Middleware/TrimStrings.php(51): Illuminate/Foundation/Http/Middleware/TransformsRequest->handle(Object(Illuminate/Http/Request), Object(Closure))
#62 C:/laragon/www/pos_sahla/vendor/laravel/framework/src/Illuminate/Pipeline/Pipeline.php(219): Illuminate/Foundation/Http/Middleware/TrimStrings->handle(Object(Illuminate/Http/Request), Object(Closure))
#63 C:/laragon/www/pos_sahla/vendor/laravel/framework/src/Illuminate/Http/Middleware/ValidatePostSize.php(27): Illuminate/Pipeline/Pipeline->Illuminate/Pipeline/{closure}(Object(Illuminate/Http/Request))
#64 C:/laragon/www/pos_sahla/vendor/laravel/framework/src/Illuminate/Pipeline/Pipeline.php(219): Illuminate/Http/Middleware/ValidatePostSize->handle(Object(Illuminate/Http/Request), Object(Closure))
#65 C:/laragon/www/pos_sahla/vendor/laravel/framework/src/Illuminate/Foundation/Http/Middleware/PreventRequestsDuringMaintenance.php(109): Illuminate/Pipeline/Pipeline->Illuminate/Pipeline/{closure}(Object(Illuminate/Http/Request))
#66 C:/laragon/www/pos_sahla/vendor/laravel/framework/src/Illuminate/Pipeline/Pipeline.php(219): Illuminate/Foundation/Http/Middleware/PreventRequestsDuringMaintenance->handle(Object(Illuminate/Http/Request), Object(Closure))
#67 C:/laragon/www/pos_sahla/vendor/laravel/framework/src/Illuminate/Http/Middleware/HandleCors.php(61): Illuminate/Pipeline/Pipeline->Illuminate/Pipeline/{closure}(Object(Illuminate/Http/Request))
#68 C:/laragon/www/pos_sahla/vendor/laravel/framework/src/Illuminate/Pipeline/Pipeline.php(219): Illuminate/Http/Middleware/HandleCors->handle(Object(Illuminate/Http/Request), Object(Closure))
#69 C:/laragon/www/pos_sahla/vendor/laravel/framework/src/Illuminate/Http/Middleware/TrustProxies.php(58): Illuminate/Pipeline/Pipeline->Illuminate/Pipeline/{closure}(Object(Illuminate/Http/Request))
#70 C:/laragon/www/pos_sahla/vendor/laravel/framework/src/Illuminate/Pipeline/Pipeline.php(219): Illuminate/Http/Middleware/TrustProxies->handle(Object(Illuminate/Http/Request), Object(Closure))
#71 C:/laragon/www/pos_sahla/vendor/laravel/framework/src/Illuminate/Foundation/Http/Middleware/InvokeDeferredCallbacks.php(22): Illuminate/Pipeline/Pipeline->Illuminate/Pipeline/{closure}(Object(Illuminate/Http/Request))
#72 C:/laragon/www/pos_sahla/vendor/laravel/framework/src/Illuminate/Pipeline/Pipeline.php(219): Illuminate/Foundation/Http/Middleware/InvokeDeferredCallbacks->handle(Object(Illuminate/Http/Request), Object(Closure))
#73 C:/laragon/www/pos_sahla/vendor/laravel/framework/src/Illuminate/Http/Middleware/ValidatePathEncoding.php(26): Illuminate/Pipeline/Pipeline->Illuminate/Pipeline/{closure}(Object(Illuminate/Http/Request))
#74 C:/laragon/www/pos_sahla/vendor/laravel/framework/src/Illuminate/Pipeline/Pipeline.php(219): Illuminate/Http/Middleware/ValidatePathEncoding->handle(Object(Illuminate/Http/Request), Object(Closure))
#75 C:/laragon/www/pos_sahla/vendor/laravel/framework/src/Illuminate/Pipeline/Pipeline.php(137): Illuminate/Pipeline/Pipeline->Illuminate/Pipeline/{closure}(Object(Illuminate/Http/Request))
#76 C:/laragon/www/pos_sahla/vendor/laravel/framework/src/Illuminate/Foundation/Http/Kernel.php(175): Illuminate/Pipeline/Pipeline->then(Object(Closure))
#77 C:/laragon/www/pos_sahla/vendor/laravel/framework/src/Illuminate/Foundation/Http/Kernel.php(144): Illuminate/Foundation/Http/Kernel->sendRequestThroughRouter(Object(Illuminate/Http/Request))
#78 C:/laragon/www/pos_sahla/vendor/laravel/framework/src/Illuminate/Foundation/Application.php(1220): Illuminate/Foundation/Http/Kernel->handle(Object(Illuminate/Http/Request))
#79 C:/laragon/www/pos_sahla/public/index.php(20): Illuminate/Foundation/Application->handleRequest(Object(Illuminate/Http/Request))
#80 C:/laragon/www/pos_sahla/vendor/laravel/framework/src/Illuminate/Foundation/resources/server.php(23): require_once('C://laragon//www//...')
#81 {main}
"} 
[2026-08-12 04:41:51] local.ERROR: Uncaught ReflectionException: Class "App\Policies\ProdukPolicy" does not exist in Command line code:1
Stack trace:
#0 Command line code(1): ReflectionClass->__construct('App\\Policies\\Pr...')
#1 [internal function]: {closure}('App\\Policies\\Pr...', 'App\\Models\\Prod...')
#2 Command line code(1): array_map(Object(Closure), Array, Array)
#3 {main}
  thrown {"exception":"[object] (Symfony\\Component\\ErrorHandler\\Error\\FatalError(code: 0): Uncaught ReflectionException: Class \"App\\Policies\\ProdukPolicy\" does not exist in Command line code:1
Stack trace:
#0 Command line code(1): ReflectionClass->__construct('App\\\\Policies\\\\Pr...')
#1 [internal function]: {closure}('App\\\\Policies\\\\Pr...', 'App\\\\Models\\\\Prod...')
#2 Command line code(1): array_map(Object(Closure), Array, Array)
#3 {main}
  thrown at Command line code:1)
[stacktrace]
#0 {main}
"} 
[2026-08-12 04:42:51] local.ERROR: Uncaught ReflectionException: Class "App\Policies\ProdukPolicy" does not exist in Command line code:1
Stack trace:
#0 Command line code(1): ReflectionClass->__construct('App\\Policies\\Pr...')
#1 [internal function]: {closure}('App\\Policies\\Pr...', 'App\\Models\\Prod...')
#2 Command line code(1): array_map(Object(Closure), Array, Array)
#3 {main}
  thrown {"exception":"[object] (Symfony\\Component\\ErrorHandler\\Error\\FatalError(code: 0): Uncaught ReflectionException: Class \"App\\Policies\\ProdukPolicy\" does not exist in Command line code:1
Stack trace:
#0 Command line code(1): ReflectionClass->__construct('App\\\\Policies\\\\Pr...')
#1 [internal function]: {closure}('App\\\\Policies\\\\Pr...', 'App\\\\Models\\\\Prod...')
#2 Command line code(1): array_map(Object(Closure), Array, Array)
#3 {main}
  thrown at Command line code:1)
[stacktrace]
#0 {main}
"} 
[2026-08-12 04:43:51] local.ERROR: Uncaught ReflectionException: Class "App\Policies\ProdukPolicy" does not exist in Command line code:1
Stack trace:
#0 Command line code(1): ReflectionClass->__construct('App\\Policies\\Pr...')
#1 [internal function]: {closure}('App\\Policies\\Pr...', 'App\\Models\\Prod...')
#2 Command line code(1): array_map(Object(Closure), Array, Array)
#3 {main}
  thrown {"exception":"[object] (Symfony\\Component\\ErrorHandler\\Error\\FatalError(code: 0): Uncaught ReflectionException: Class \"App\\Policies\\ProdukPolicy\" does not exist in Command line code:1
Stack trace:
#0 Command line code(1): ReflectionClass->__construct('App\\\\Policies\\\\Pr...')
#1 [internal function]: {closure}('App\\\\Policies\\\\Pr...', 'App\\\\Models\\\\Prod...')
#2 Command line code(1): array_map(Object(Closure), Array, Array)
#3 {main}
  thrown at Command line code:1)
[stacktrace]
#0 {main}
"} 
[2026-08-12 04:44:11] local.ERROR: SQLSTATE[42S22]: Column not found: 1054 Unknown column 'nama' in 'where clause' (Connection: mysql, Host: 127.0.0.1, Port: 3306, Database: pos_sahlamanda, SQL: select count(*) as aggregate from `jenis` where `nama` like %e%) {"userId":2,"exception":"[object] (Illuminate\\Database\\QueryException(code: 42S22): SQLSTATE[42S22]: Column not found: 1054 Unknown column 'nama' in 'where clause' (Connection: mysql, Host: 127.0.0.1, Port: 3306, Database: pos_sahlamanda, SQL: select count(*) as aggregate from `jenis` where `nama` like %e%) at C:/laragon/www/pos_sahla/vendor/laravel/framework/src/Illuminate/Database/Connection.php:838)
[stacktrace]
#0 C:/laragon/www/pos_sahla/vendor/laravel/framework/src/Illuminate/Database/Connection.php(794): Illuminate/Database/Connection->runQueryCallback('select count(*)...', Array, Object(Closure))
#1 C:/laragon/www/pos_sahla/vendor/laravel/framework/src/Illuminate/Database/Connection.php(411): Illuminate/Database/Connection->run('select count(*)...', Array, Object(Closure))
#2 C:/laragon/www/pos_sahla/vendor/laravel/framework/src/Illuminate/Database/Query/Builder.php(3505): Illuminate/Database/Connection->select('select count(*)...', Array, true)
#3 C:/laragon/www/pos_sahla/vendor/laravel/framework/src/Illuminate/Database/Query/Builder.php(3490): Illuminate/Database/Query/Builder->runSelect()
#4 C:/laragon/www/pos_sahla/vendor/laravel/framework/src/Illuminate/Database/Query/Builder.php(4080): Illuminate/Database/Query/Builder->Illuminate/Database/Query/{closure}()
#5 C:/laragon/www/pos_sahla/vendor/laravel/framework/src/Illuminate/Database/Query/Builder.php(3489): Illuminate/Database/Query/Builder->onceWithColumns(Array, Object(Closure))
#6 C:/laragon/www/pos_sahla/vendor/laravel/framework/src/Illuminate/Database/Query/Builder.php(3684): Illuminate/Database/Query/Builder->get()
#7 C:/laragon/www/pos_sahla/vendor/laravel/framework/src/Illuminate/Database/Query/Builder.php(3643): Illuminate/Database/Query/Builder->runPaginationCountQuery(Array)
#8 C:/laragon/www/pos_sahla/vendor/laravel/framework/src/Illuminate/Database/Eloquent/Builder.php(1120): Illuminate/Database/Query/Builder->getCountForPagination()
#9 C:/laragon/www/pos_sahla/app/Http/Controllers/JenisController.php(22): Illuminate/Database/Eloquent/Builder->paginate(10)
#10 C:/laragon/www/pos_sahla/vendor/laravel/framework/src/Illuminate/Routing/Controller.php(54): App/Http/Controllers/JenisController->index(Object(App/Http/Requests/SearchRequest))
#11 C:/laragon/www/pos_sahla/vendor/laravel/framework/src/Illuminate/Routing/ControllerDispatcher.php(43): Illuminate/Routing/Controller->callAction('index', Array)
#12 C:/laragon/www/pos_sahla/vendor/laravel/framework/src/Illuminate/Routing/Route.php(265): Illuminate/Routing/ControllerDispatcher->dispatch(Object(Illuminate/Routing/Route), Object(App/Http/Controllers/JenisController), 'index')
#13 C:/laragon/www/pos_sahla/vendor/laravel/framework/src/Illuminate/Routing/Route.php(211): Illuminate/Routing/Route->runController()
#14 C:/laragon/www/pos_sahla/vendor/laravel/framework/src/Illuminate/Routing/Router.php(822): Illuminate/Routing/Route->run()
#15 C:/laragon/www/pos_sahla/vendor/laravel/framework/src/Illuminate/Pipeline/Pipeline.php(180): Illuminate/Routing/Router->Illuminate/Routing/{closure}(Object(Illuminate/Http/Request))
#16 C:/laragon/www/pos_sahla/app/Http/Middleware/RoleMiddleware.php(32): Illuminate/Pipeline/Pipeline->Illuminate/Pipeline/{closure}(Object(Illuminate/Http/Request))
#17 C:/laragon/www/pos_sahla/vendor/laravel/framework/src/Illuminate/Pipeline/Pipeline.php(219): App/Http/Middleware/RoleMiddleware->handle(Object(Illuminate/Http/Request), Object(Closure), 'admin', 'kasir')
#18 C:/laragon/www/pos_sahla/vendor/laravel/framework/src/Illuminate/Routing/Middleware/SubstituteBindings.php(50): Illuminate/Pipeline/Pipeline->Illuminate/Pipeline/{closure}(Object(Illuminate/Http/Request))
#19 C:/laragon/www/pos_sahla/vendor/laravel/framework/src/Illuminate/Pipeline/Pipeline.php(219): Illuminate/Routing/Middleware/SubstituteBindings->handle(Object(Illuminate/Http/Request), Object(Closure))
#20 C:/laragon/www/pos_sahla/vendor/laravel/framework/src/Illuminate/Auth/Middleware/Authenticate.php(63): Illuminate/Pipeline/Pipeline->Illuminate/Pipeline/{closure}(Object(Illuminate/Http/Request))
#21 C:/laragon/www/pos_sahla/vendor/laravel/framework/src/Illuminate/Pipeline/Pipeline.php(219): Illuminate/Auth/Middleware/Authenticate->handle(Object(Illuminate/Http/Request), Object(Closure))
#22 C:/laragon/www/pos_sahla/vendor/laravel/framework/src/Illuminate/Foundation/Http/Middleware/VerifyCsrfToken.php(87): Illuminate/Pipeline/Pipeline->Illuminate/Pipeline/{closure}(Object(Illuminate/Http/Request))
#23 C:/laragon/www/pos_sahla/vendor/laravel/framework/src/Illuminate/Pipeline/Pipeline.php(219): Illuminate/Foundation/Http/Middleware/VerifyCsrfToken->handle(Object(Illuminate/Http/Request), Object(Closure))
#24 C:/laragon/www/pos_sahla/vendor/laravel/framework/src/Illuminate/View/Middleware/ShareErrorsFromSession.php(48): Illuminate/Pipeline/Pipeline->Illuminate/Pipeline/{closure}(Object(Illuminate/Http/Request))
#25 C:/laragon/www/pos_sahla/vendor/laravel/framework/src/Illuminate/Pipeline/Pipeline.php(219): Illuminate/View/Middleware/ShareErrorsFromSession->handle(Object(Illuminate/Http/Request), Object(Closure))
#26 C:/laragon/www/pos_sahla/vendor/laravel/framework/src/Illuminate/Session/Middleware/StartSession.php(120): Illuminate/Pipeline/Pipeline->Illuminate/Pipeline/{closure}(Object(Illuminate/Http/Request))
#27 C:/laragon/www/pos_sahla/vendor/laravel/framework/src/Illuminate/Session/Middleware/StartSession.php(63): Illuminate/Session/Middleware/StartSession->handleStatefulRequest(Object(Illuminate/Http/Request), Object(Illuminate/Session/Store), Object(Closure))
#28 C:/laragon/www/pos_sahla/vendor/laravel/framework/src/Illuminate/Pipeline/Pipeline.php(219): Illuminate/Session/Middleware/StartSession->handle(Object(Illuminate/Http/Request), Object(Closure))
#29 C:/laragon/www/pos_sahla/vendor/laravel/framework/src/Illuminate/Cookie/Middleware/AddQueuedCookiesToResponse.php(36): Illuminate/Pipeline/Pipeline->Illuminate/Pipeline/{closure}(Object(Illuminate/Http/Request))
#30 C:/laragon/www/pos_sahla/vendor/laravel/framework/src/Illuminate/Pipeline/Pipeline.php(219): Illuminate/Cookie/Middleware/AddQueuedCookiesToResponse->handle(Object(Illuminate/Http/Request), Object(Closure))
#31 C:/laragon/www/pos_sahla/vendor/laravel/framework/src/Illuminate/Cookie/Middleware/EncryptCookies.php(74): Illuminate/Pipeline/Pipeline->Illuminate/Pipeline/{closure}(Object(Illuminate/Http/Request))
#32 C:/laragon/www/pos_sahla/vendor/laravel/framework/src/Illuminate/Pipeline/Pipeline.php(219): Illuminate/Cookie/Middleware/EncryptCookies->handle(Object(Illuminate/Http/Request), Object(Closure))
#33 C:/laragon/www/pos_sahla/vendor/laravel/framework/src/Illuminate/Pipeline/Pipeline.php(137): Illuminate/Pipeline/Pipeline->Illuminate/Pipeline/{closure}(Object(Illuminate/Http/Request))
#34 C:/laragon/www/pos_sahla/vendor/laravel/framework/src/Illuminate/Routing/Router.php(821): Illuminate/Pipeline/Pipeline->then(Object(Closure))
#35 C:/laragon/www/pos_sahla/vendor/laravel/framework/src/Illuminate/Routing/Router.php(800): Illuminate/Routing/Router->runRouteWithinStack(Object(Illuminate/Routing/Route), Object(Illuminate/Http/Request))
#36 C:/laragon/www/pos_sahla/vendor/laravel/framework/src/Illuminate/Routing/Router.php(764): Illuminate/Routing/Router->runRoute(Object(Illuminate/Http/Request), Object(Illuminate/Routing/Route))
#37 C:/laragon/www/pos_sahla/vendor/laravel/framework/src/Illuminate/Routing/Router.php(753): Illuminate/Routing/Router->dispatchToRoute(Object(Illuminate/Http/Request))
#38 C:/laragon/www/pos_sahla/vendor/laravel/framework/src/Illuminate/Foundation/Http/Kernel.php(200): Illuminate/Routing/Router->dispatch(Object(Illuminate/Http/Request))
#39 C:/laragon/www/pos_sahla/vendor/laravel/framework/src/Illuminate/Pipeline/Pipeline.php(180): Illuminate/Foundation/Http/Kernel->Illuminate/Foundation/Http/{closure}(Object(Illuminate/Http/Request))
#40 C:/laragon/www/pos_sahla/vendor/laravel/framework/src/Illuminate/Foundation/Http/Middleware/TransformsRequest.php(21): Illuminate/Pipeline/Pipeline->Illuminate/Pipeline/{closure}(Object(Illuminate/Http/Request))
#41 C:/laragon/www/pos_sahla/vendor/laravel/framework/src/Illuminate/Foundation/Http/Middleware/ConvertEmptyStringsToNull.php(31): Illuminate/Foundation/Http/Middleware/TransformsRequest->handle(Object(Illuminate/Http/Request), Object(Closure))
#42 C:/laragon/www/pos_sahla/vendor/laravel/framework/src/Illuminate/Pipeline/Pipeline.php(219): Illuminate/Foundation/Http/Middleware/ConvertEmptyStringsToNull->handle(Object(Illuminate/Http/Request), Object(Closure))
#43 C:/laragon/www/pos_sahla/vendor/laravel/framework/src/Illuminate/Foundation/Http/Middleware/TransformsRequest.php(21): Illuminate/Pipeline/Pipeline->Illuminate/Pipeline/{closure}(Object(Illuminate/Http/Request))
#44 C:/laragon/www/pos_sahla/vendor/laravel/framework/src/Illuminate/Foundation/Http/Middleware/TrimStrings.php(51): Illuminate/Foundation/Http/Middleware/TransformsRequest->handle(Object(Illuminate/Http/Request), Object(Closure))
#45 C:/laragon/www/pos_sahla/vendor/laravel/framework/src/Illuminate/Pipeline/Pipeline.php(219): Illuminate/Foundation/Http/Middleware/TrimStrings->handle(Object(Illuminate/Http/Request), Object(Closure))
#46 C:/laragon/www/pos_sahla/vendor/laravel/framework/src/Illuminate/Http/Middleware/ValidatePostSize.php(27): Illuminate/Pipeline/Pipeline->Illuminate/Pipeline/{closure}(Object(Illuminate/Http/Request))
#47 C:/laragon/www/pos_sahla/vendor/laravel/framework/src/Illuminate/Pipeline/Pipeline.php(219): Illuminate/Http/Middleware/ValidatePostSize->handle(Object(Illuminate/Http/Request), Object(Closure))
#48 C:/laragon/www/pos_sahla/vendor/laravel/framework/src/Illuminate/Foundation/Http/Middleware/PreventRequestsDuringMaintenance.php(109): Illuminate/Pipeline/Pipeline->Illuminate/Pipeline/{closure}(Object(Illuminate/Http/Request))
#49 C:/laragon/www/pos_sahla/vendor/laravel/framework/src/Illuminate/Pipeline/Pipeline.php(219): Illuminate/Foundation/Http/Middleware/PreventRequestsDuringMaintenance->handle(Object(Illuminate/Http/Request), Object(Closure))
#50 C:/laragon/www/pos_sahla/vendor/laravel/framework/src/Illuminate/Http/Middleware/HandleCors.php(61): Illuminate/Pipeline/Pipeline->Illuminate/Pipeline/{closure}(Object(Illuminate/Http/Request))
#51 C:/laragon/www/pos_sahla/vendor/laravel/framework/src/Illuminate/Pipeline/Pipeline.php(219): Illuminate/Http/Middleware/HandleCors->handle(Object(Illuminate/Http/Request), Object(Closure))
#52 C:/laragon/www/pos_sahla/vendor/laravel/framework/src/Illuminate/Http/Middleware/TrustProxies.php(58): Illuminate/Pipeline/Pipeline->Illuminate/Pipeline/{closure}(Object(Illuminate/Http/Request))
#53 C:/laragon/www/pos_sahla/vendor/laravel/framework/src/Illuminate/Pipeline/Pipeline.php(219): Illuminate/Http/Middleware/TrustProxies->handle(Object(Illuminate/Http/Request), Object(Closure))
#54 C:/laragon/www/pos_sahla/vendor/laravel/framework/src/Illuminate/Foundation/Http/Middleware/InvokeDeferredCallbacks.php(22): Illuminate/Pipeline/Pipeline->Illuminate/Pipeline/{closure}(Object(Illuminate/Http/Request))
#55 C:/laragon/www/pos_sahla/vendor/laravel/framework/src/Illuminate/Pipeline/Pipeline.php(219): Illuminate/Foundation/Http/Middleware/InvokeDeferredCallbacks->handle(Object(Illuminate/Http/Request), Object(Closure))
#56 C:/laragon/www/pos_sahla/vendor/laravel/framework/src/Illuminate/Http/Middleware/ValidatePathEncoding.php(26): Illuminate/Pipeline/Pipeline->Illuminate/Pipeline/{closure}(Object(Illuminate/Http/Request))
#57 C:/laragon/www/pos_sahla/vendor/laravel/framework/src/Illuminate/Pipeline/Pipeline.php(219): Illuminate/Http/Middleware/ValidatePathEncoding->handle(Object(Illuminate/Http/Request), Object(Closure))
#58 C:/laragon/www/pos_sahla/vendor/laravel/framework/src/Illuminate/Pipeline/Pipeline.php(137): Illuminate/Pipeline/Pipeline->Illuminate/Pipeline/{closure}(Object(Illuminate/Http/Request))
#59 C:/laragon/www/pos_sahla/vendor/laravel/framework/src/Illuminate/Foundation/Http/Kernel.php(175): Illuminate/Pipeline/Pipeline->then(Object(Closure))
#60 C:/laragon/www/pos_sahla/vendor/laravel/framework/src/Illuminate/Foundation/Http/Kernel.php(144): Illuminate/Foundation/Http/Kernel->sendRequestThroughRouter(Object(Illuminate/Http/Request))
#61 C:/laragon/www/pos_sahla/vendor/laravel/framework/src/Illuminate/Foundation/Application.php(1220): Illuminate/Foundation/Http/Kernel->handle(Object(Illuminate/Http/Request))
#62 C:/laragon/www/pos_sahla/public/index.php(20): Illuminate/Foundation/Application->handleRequest(Object(Illuminate/Http/Request))
#63 C:/laragon/www/pos_sahla/vendor/laravel/framework/src/Illuminate/Foundation/resources/server.php(23): require_once('C://laragon//www//...')
#64 {main}

[previous exception] [object] (PDOException(code: 42S22): SQLSTATE[42S22]: Column not found: 1054 Unknown column 'nama' in 'where clause' at C:/laragon/www/pos_sahla/vendor/laravel/framework/src/Illuminate/Database/Connection.php:420)
[stacktrace]
#0 C:/laragon/www/pos_sahla/vendor/laravel/framework/src/Illuminate/Database/Connection.php(420): PDO->prepare('select count(*)...')
#1 C:/laragon/www/pos_sahla/vendor/laravel/framework/src/Illuminate/Database/Connection.php(827): Illuminate/Database/Connection->Illuminate/Database/{closure}('select count(*)...', Array)
#2 C:/laragon/www/pos_sahla/vendor/laravel/framework/src/Illuminate/Database/Connection.php(794): Illuminate/Database/Connection->runQueryCallback('select count(*)...', Array, Object(Closure))
#3 C:/laragon/www/pos_sahla/vendor/laravel/framework/src/Illuminate/Database/Connection.php(411): Illuminate/Database/Connection->run('select count(*)...', Array, Object(Closure))
#4 C:/laragon/www/pos_sahla/vendor/laravel/framework/src/Illuminate/Database/Query/Builder.php(3505): Illuminate/Database/Connection->select('select count(*)...', Array, true)
#5 C:/laragon/www/pos_sahla/vendor/laravel/framework/src/Illuminate/Database/Query/Builder.php(3490): Illuminate/Database/Query/Builder->runSelect()
#6 C:/laragon/www/pos_sahla/vendor/laravel/framework/src/Illuminate/Database/Query/Builder.php(4080): Illuminate/Database/Query/Builder->Illuminate/Database/Query/{closure}()
#7 C:/laragon/www/pos_sahla/vendor/laravel/framework/src/Illuminate/Database/Query/Builder.php(3489): Illuminate/Database/Query/Builder->onceWithColumns(Array, Object(Closure))
#8 C:/laragon/www/pos_sahla/vendor/laravel/framework/src/Illuminate/Database/Query/Builder.php(3684): Illuminate/Database/Query/Builder->get()
#9 C:/laragon/www/pos_sahla/vendor/laravel/framework/src/Illuminate/Database/Query/Builder.php(3643): Illuminate/Database/Query/Builder->runPaginationCountQuery(Array)
#10 C:/laragon/www/pos_sahla/vendor/laravel/framework/src/Illuminate/Database/Eloquent/Builder.php(1120): Illuminate/Database/Query/Builder->getCountForPagination()
#11 C:/laragon/www/pos_sahla/app/Http/Controllers/JenisController.php(22): Illuminate/Database/Eloquent/Builder->paginate(10)
#12 C:/laragon/www/pos_sahla/vendor/laravel/framework/src/Illuminate/Routing/Controller.php(54): App/Http/Controllers/JenisController->index(Object(App/Http/Requests/SearchRequest))
#13 C:/laragon/www/pos_sahla/vendor/laravel/framework/src/Illuminate/Routing/ControllerDispatcher.php(43): Illuminate/Routing/Controller->callAction('index', Array)
#14 C:/laragon/www/pos_sahla/vendor/laravel/framework/src/Illuminate/Routing/Route.php(265): Illuminate/Routing/ControllerDispatcher->dispatch(Object(Illuminate/Routing/Route), Object(App/Http/Controllers/JenisController), 'index')
#15 C:/laragon/www/pos_sahla/vendor/laravel/framework/src/Illuminate/Routing/Route.php(211): Illuminate/Routing/Route->runController()
#16 C:/laragon/www/pos_sahla/vendor/laravel/framework/src/Illuminate/Routing/Router.php(822): Illuminate/Routing/Route->run()
#17 C:/laragon/www/pos_sahla/vendor/laravel/framework/src/Illuminate/Pipeline/Pipeline.php(180): Illuminate/Routing/Router->Illuminate/Routing/{closure}(Object(Illuminate/Http/Request))
#18 C:/laragon/www/pos_sahla/app/Http/Middleware/RoleMiddleware.php(32): Illuminate/Pipeline/Pipeline->Illuminate/Pipeline/{closure}(Object(Illuminate/Http/Request))
#19 C:/laragon/www/pos_sahla/vendor/laravel/framework/src/Illuminate/Pipeline/Pipeline.php(219): App/Http/Middleware/RoleMiddleware->handle(Object(Illuminate/Http/Request), Object(Closure), 'admin', 'kasir')
#20 C:/laragon/www/pos_sahla/vendor/laravel/framework/src/Illuminate/Routing/Middleware/SubstituteBindings.php(50): Illuminate/Pipeline/Pipeline->Illuminate/Pipeline/{closure}(Object(Illuminate/Http/Request))
#21 C:/laragon/www/pos_sahla/vendor/laravel/framework/src/Illuminate/Pipeline/Pipeline.php(219): Illuminate/Routing/Middleware/SubstituteBindings->handle(Object(Illuminate/Http/Request), Object(Closure))
#22 C:/laragon/www/pos_sahla/vendor/laravel/framework/src/Illuminate/Auth/Middleware/Authenticate.php(63): Illuminate/Pipeline/Pipeline->Illuminate/Pipeline/{closure}(Object(Illuminate/Http/Request))
#23 C:/laragon/www/pos_sahla/vendor/laravel/framework/src/Illuminate/Pipeline/Pipeline.php(219): Illuminate/Auth/Middleware/Authenticate->handle(Object(Illuminate/Http/Request), Object(Closure))
#24 C:/laragon/www/pos_sahla/vendor/laravel/framework/src/Illuminate/Foundation/Http/Middleware/VerifyCsrfToken.php(87): Illuminate/Pipeline/Pipeline->Illuminate/Pipeline/{closure}(Object(Illuminate/Http/Request))
#25 C:/laragon/www/pos_sahla/vendor/laravel/framework/src/Illuminate/Pipeline/Pipeline.php(219): Illuminate/Foundation/Http/Middleware/VerifyCsrfToken->handle(Object(Illuminate/Http/Request), Object(Closure))
#26 C:/laragon/www/pos_sahla/vendor/laravel/framework/src/Illuminate/View/Middleware/ShareErrorsFromSession.php(48): Illuminate/Pipeline/Pipeline->Illuminate/Pipeline/{closure}(Object(Illuminate/Http/Request))
#27 C:/laragon/www/pos_sahla/vendor/laravel/framework/src/Illuminate/Pipeline/Pipeline.php(219): Illuminate/View/Middleware/ShareErrorsFromSession->handle(Object(Illuminate/Http/Request), Object(Closure))
#28 C:/laragon/www/pos_sahla/vendor/laravel/framework/src/Illuminate/Session/Middleware/StartSession.php(120): Illuminate/Pipeline/Pipeline->Illuminate/Pipeline/{closure}(Object(Illuminate/Http/Request))
#29 C:/laragon/www/pos_sahla/vendor/laravel/framework/src/Illuminate/Session/Middleware/StartSession.php(63): Illuminate/Session/Middleware/StartSession->handleStatefulRequest(Object(Illuminate/Http/Request), Object(Illuminate/Session/Store), Object(Closure))
#30 C:/laragon/www/pos_sahla/vendor/laravel/framework/src/Illuminate/Pipeline/Pipeline.php(219): Illuminate/Session/Middleware/StartSession->handle(Object(Illuminate/Http/Request), Object(Closure))
#31 C:/laragon/www/pos_sahla/vendor/laravel/framework/src/Illuminate/Cookie/Middleware/AddQueuedCookiesToResponse.php(36): Illuminate/Pipeline/Pipeline->Illuminate/Pipeline/{closure}(Object(Illuminate/Http/Request))
#32 C:/laragon/www/pos_sahla/vendor/laravel/framework/src/Illuminate/Pipeline/Pipeline.php(219): Illuminate/Cookie/Middleware/AddQueuedCookiesToResponse->handle(Object(Illuminate/Http/Request), Object(Closure))
#33 C:/laragon/www/pos_sahla/vendor/laravel/framework/src/Illuminate/Cookie/Middleware/EncryptCookies.php(74): Illuminate/Pipeline/Pipeline->Illuminate/Pipeline/{closure}(Object(Illuminate/Http/Request))
#34 C:/laragon/www/pos_sahla/vendor/laravel/framework/src/Illuminate/Pipeline/Pipeline.php(219): Illuminate/Cookie/Middleware/EncryptCookies->handle(Object(Illuminate/Http/Request), Object(Closure))
#35 C:/laragon/www/pos_sahla/vendor/laravel/framework/src/Illuminate/Pipeline/Pipeline.php(137): Illuminate/Pipeline/Pipeline->Illuminate/Pipeline/{closure}(Object(Illuminate/Http/Request))
#36 C:/laragon/www/pos_sahla/vendor/laravel/framework/src/Illuminate/Routing/Router.php(821): Illuminate/Pipeline/Pipeline->then(Object(Closure))
#37 C:/laragon/www/pos_sahla/vendor/laravel/framework/src/Illuminate/Routing/Router.php(800): Illuminate/Routing/Router->runRouteWithinStack(Object(Illuminate/Routing/Route), Object(Illuminate/Http/Request))
#38 C:/laragon/www/pos_sahla/vendor/laravel/framework/src/Illuminate/Routing/Router.php(764): Illuminate/Routing/Router->runRoute(Object(Illuminate/Http/Request), Object(Illuminate/Routing/Route))
#39 C:/laragon/www/pos_sahla/vendor/laravel/framework/src/Illuminate/Routing/Router.php(753): Illuminate/Routing/Router->dispatchToRoute(Object(Illuminate/Http/Request))
#40 C:/laragon/www/pos_sahla/vendor/laravel/framework/src/Illuminate/Foundation/Http/Kernel.php(200): Illuminate/Routing/Router->dispatch(Object(Illuminate/Http/Request))
#41 C:/laragon/www/pos_sahla/vendor/laravel/framework/src/Illuminate/Pipeline/Pipeline.php(180): Illuminate/Foundation/Http/Kernel->Illuminate/Foundation/Http/{closure}(Object(Illuminate/Http/Request))
#42 C:/laragon/www/pos_sahla/vendor/laravel/framework/src/Illuminate/Foundation/Http/Middleware/TransformsRequest.php(21): Illuminate/Pipeline/Pipeline->Illuminate/Pipeline/{closure}(Object(Illuminate/Http/Request))
#43 C:/laragon/www/pos_sahla/vendor/laravel/framework/src/Illuminate/Foundation/Http/Middleware/ConvertEmptyStringsToNull.php(31): Illuminate/Foundation/Http/Middleware/TransformsRequest->handle(Object(Illuminate/Http/Request), Object(Closure))
#44 C:/laragon/www/pos_sahla/vendor/laravel/framework/src/Illuminate/Pipeline/Pipeline.php(219): Illuminate/Foundation/Http/Middleware/ConvertEmptyStringsToNull->handle(Object(Illuminate/Http/Request), Object(Closure))
#45 C:/laragon/www/pos_sahla/vendor/laravel/framework/src/Illuminate/Foundation/Http/Middleware/TransformsRequest.php(21): Illuminate/Pipeline/Pipeline->Illuminate/Pipeline/{closure}(Object(Illuminate/Http/Request))
#46 C:/laragon/www/pos_sahla/vendor/laravel/framework/src/Illuminate/Foundation/Http/Middleware/TrimStrings.php(51): Illuminate/Foundation/Http/Middleware/TransformsRequest->handle(Object(Illuminate/Http/Request), Object(Closure))
#47 C:/laragon/www/pos_sahla/vendor/laravel/framework/src/Illuminate/Pipeline/Pipeline.php(219): Illuminate/Foundation/Http/Middleware/TrimStrings->handle(Object(Illuminate/Http/Request), Object(Closure))
#48 C:/laragon/www/pos_sahla/vendor/laravel/framework/src/Illuminate/Http/Middleware/ValidatePostSize.php(27): Illuminate/Pipeline/Pipeline->Illuminate/Pipeline/{closure}(Object(Illuminate/Http/Request))
#49 C:/laragon/www/pos_sahla/vendor/laravel/framework/src/Illuminate/Pipeline/Pipeline.php(219): Illuminate/Http/Middleware/ValidatePostSize->handle(Object(Illuminate/Http/Request), Object(Closure))
#50 C:/laragon/www/pos_sahla/vendor/laravel/framework/src/Illuminate/Foundation/Http/Middleware/PreventRequestsDuringMaintenance.php(109): Illuminate/Pipeline/Pipeline->Illuminate/Pipeline/{closure}(Object(Illuminate/Http/Request))
#51 C:/laragon/www/pos_sahla/vendor/laravel/framework/src/Illuminate/Pipeline/Pipeline.php(219): Illuminate/Foundation/Http/Middleware/PreventRequestsDuringMaintenance->handle(Object(Illuminate/Http/Request), Object(Closure))
#52 C:/laragon/www/pos_sahla/vendor/laravel/framework/src/Illuminate/Http/Middleware/HandleCors.php(61): Illuminate/Pipeline/Pipeline->Illuminate/Pipeline/{closure}(Object(Illuminate/Http/Request))
#53 C:/laragon/www/pos_sahla/vendor/laravel/framework/src/Illuminate/Pipeline/Pipeline.php(219): Illuminate/Http/Middleware/HandleCors->handle(Object(Illuminate/Http/Request), Object(Closure))
#54 C:/laragon/www/pos_sahla/vendor/laravel/framework/src/Illuminate/Http/Middleware/TrustProxies.php(58): Illuminate/Pipeline/Pipeline->Illuminate/Pipeline/{closure}(Object(Illuminate/Http/Request))
#55 C:/laragon/www/pos_sahla/vendor/laravel/framework/src/Illuminate/Pipeline/Pipeline.php(219): Illuminate/Http/Middleware/TrustProxies->handle(Object(Illuminate/Http/Request), Object(Closure))
#56 C:/laragon/www/pos_sahla/vendor/laravel/framework/src/Illuminate/Foundation/Http/Middleware/InvokeDeferredCallbacks.php(22): Illuminate/Pipeline/Pipeline->Illuminate/Pipeline/{closure}(Object(Illuminate/Http/Request))
#57 C:/laragon/www/pos_sahla/vendor/laravel/framework/src/Illuminate/Pipeline/Pipeline.php(219): Illuminate/Foundation/Http/Middleware/InvokeDeferredCallbacks->handle(Object(Illuminate/Http/Request), Object(Closure))
#58 C:/laragon/www/pos_sahla/vendor/laravel/framework/src/Illuminate/Http/Middleware/ValidatePathEncoding.php(26): Illuminate/Pipeline/Pipeline->Illuminate/Pipeline/{closure}(Object(Illuminate/Http/Request))
#59 C:/laragon/www/pos_sahla/vendor/laravel/framework/src/Illuminate/Pipeline/Pipeline.php(219): Illuminate/Http/Middleware/ValidatePathEncoding->handle(Object(Illuminate/Http/Request), Object(Closure))
#60 C:/laragon/www/pos_sahla/vendor/laravel/framework/src/Illuminate/Pipeline/Pipeline.php(137): Illuminate/Pipeline/Pipeline->Illuminate/Pipeline/{closure}(Object(Illuminate/Http/Request))
#61 C:/laragon/www/pos_sahla/vendor/laravel/framework/src/Illuminate/Foundation/Http/Kernel.php(175): Illuminate/Pipeline/Pipeline->then(Object(Closure))
#62 C:/laragon/www/pos_sahla/vendor/laravel/framework/src/Illuminate/Foundation/Http/Kernel.php(144): Illuminate/Foundation/Http/Kernel->sendRequestThroughRouter(Object(Illuminate/Http/Request))
#63 C:/laragon/www/pos_sahla/vendor/laravel/framework/src/Illuminate/Foundation/Application.php(1220): Illuminate/Foundation/Http/Kernel->handle(Object(Illuminate/Http/Request))
#64 C:/laragon/www/pos_sahla/public/index.php(20): Illuminate/Foundation/Application->handleRequest(Object(Illuminate/Http/Request))
#65 C:/laragon/www/pos_sahla/vendor/laravel/framework/src/Illuminate/Foundation/resources/server.php(23): require_once('C://laragon//www//...')
#66 {main}
"} 
[2026-08-12 04:44:51] local.ERROR: Uncaught ReflectionException: Class "App\Policies\ProdukPolicy" does not exist in Command line code:1
Stack trace:
#0 Command line code(1): ReflectionClass->__construct('App\\Policies\\Pr...')
#1 [internal function]: {closure}('App\\Policies\\Pr...', 'App\\Models\\Prod...')
#2 Command line code(1): array_map(Object(Closure), Array, Array)
#3 {main}
  thrown {"exception":"[object] (Symfony\\Component\\ErrorHandler\\Error\\FatalError(code: 0): Uncaught ReflectionException: Class \"App\\Policies\\ProdukPolicy\" does not exist in Command line code:1
Stack trace:
#0 Command line code(1): ReflectionClass->__construct('App\\\\Policies\\\\Pr...')
#1 [internal function]: {closure}('App\\\\Policies\\\\Pr...', 'App\\\\Models\\\\Prod...')
#2 Command line code(1): array_map(Object(Closure), Array, Array)
#3 {main}
  thrown at Command line code:1)
[stacktrace]
#0 {main}
"} 
[2026-08-12 04:45:51] local.ERROR: Uncaught ReflectionException: Class "App\Policies\ProdukPolicy" does not exist in Command line code:1
Stack trace:
#0 Command line code(1): ReflectionClass->__construct('App\\Policies\\Pr...')
#1 [internal function]: {closure}('App\\Policies\\Pr...', 'App\\Models\\Prod...')
#2 Command line code(1): array_map(Object(Closure), Array, Array)
#3 {main}
  thrown {"exception":"[object] (Symfony\\Component\\ErrorHandler\\Error\\FatalError(code: 0): Uncaught ReflectionException: Class \"App\\Policies\\ProdukPolicy\" does not exist in Command line code:1
Stack trace:
#0 Command line code(1): ReflectionClass->__construct('App\\\\Policies\\\\Pr...')
#1 [internal function]: {closure}('App\\\\Policies\\\\Pr...', 'App\\\\Models\\\\Prod...')
#2 Command line code(1): array_map(Object(Closure), Array, Array)
#3 {main}
  thrown at Command line code:1)
[stacktrace]
#0 {main}
"} 
[2026-08-12 04:46:51] local.ERROR: Uncaught ReflectionException: Class "App\Policies\ProdukPolicy" does not exist in Command line code:1
Stack trace:
#0 Command line code(1): ReflectionClass->__construct('App\\Policies\\Pr...')
#1 [internal function]: {closure}('App\\Policies\\Pr...', 'App\\Models\\Prod...')
#2 Command line code(1): array_map(Object(Closure), Array, Array)
#3 {main}
  thrown {"exception":"[object] (Symfony\\Component\\ErrorHandler\\Error\\FatalError(code: 0): Uncaught ReflectionException: Class \"App\\Policies\\ProdukPolicy\" does not exist in Command line code:1
Stack trace:
#0 Command line code(1): ReflectionClass->__construct('App\\\\Policies\\\\Pr...')
#1 [internal function]: {closure}('App\\\\Policies\\\\Pr...', 'App\\\\Models\\\\Prod...')
#2 Command line code(1): array_map(Object(Closure), Array, Array)
#3 {main}
  thrown at Command line code:1)
[stacktrace]
#0 {main}
"} 
[2026-08-12 04:47:51] local.ERROR: Uncaught ReflectionException: Class "App\Policies\ProdukPolicy" does not exist in Command line code:1
Stack trace:
#0 Command line code(1): ReflectionClass->__construct('App\\Policies\\Pr...')
#1 [internal function]: {closure}('App\\Policies\\Pr...', 'App\\Models\\Prod...')
#2 Command line code(1): array_map(Object(Closure), Array, Array)
#3 {main}
  thrown {"exception":"[object] (Symfony\\Component\\ErrorHandler\\Error\\FatalError(code: 0): Uncaught ReflectionException: Class \"App\\Policies\\ProdukPolicy\" does not exist in Command line code:1
Stack trace:
#0 Command line code(1): ReflectionClass->__construct('App\\\\Policies\\\\Pr...')
#1 [internal function]: {closure}('App\\\\Policies\\\\Pr...', 'App\\\\Models\\\\Prod...')
#2 Command line code(1): array_map(Object(Closure), Array, Array)
#3 {main}
  thrown at Command line code:1)
[stacktrace]
#0 {main}
"} 
[2026-08-12 04:48:51] local.ERROR: Uncaught ReflectionException: Class "App\Policies\ProdukPolicy" does not exist in Command line code:1
Stack trace:
#0 Command line code(1): ReflectionClass->__construct('App\\Policies\\Pr...')
#1 [internal function]: {closure}('App\\Policies\\Pr...', 'App\\Models\\Prod...')
#2 Command line code(1): array_map(Object(Closure), Array, Array)
#3 {main}
  thrown {"exception":"[object] (Symfony\\Component\\ErrorHandler\\Error\\FatalError(code: 0): Uncaught ReflectionException: Class \"App\\Policies\\ProdukPolicy\" does not exist in Command line code:1
Stack trace:
#0 Command line code(1): ReflectionClass->__construct('App\\\\Policies\\\\Pr...')
#1 [internal function]: {closure}('App\\\\Policies\\\\Pr...', 'App\\\\Models\\\\Prod...')
#2 Command line code(1): array_map(Object(Closure), Array, Array)
#3 {main}
  thrown at Command line code:1)
[stacktrace]
#0 {main}
"} 
[2026-08-12 04:49:51] local.ERROR: Uncaught ReflectionException: Class "App\Policies\ProdukPolicy" does not exist in Command line code:1
Stack trace:
#0 Command line code(1): ReflectionClass->__construct('App\\Policies\\Pr...')
#1 [internal function]: {closure}('App\\Policies\\Pr...', 'App\\Models\\Prod...')
#2 Command line code(1): array_map(Object(Closure), Array, Array)
#3 {main}
  thrown {"exception":"[object] (Symfony\\Component\\ErrorHandler\\Error\\FatalError(code: 0): Uncaught ReflectionException: Class \"App\\Policies\\ProdukPolicy\" does not exist in Command line code:1
Stack trace:
#0 Command line code(1): ReflectionClass->__construct('App\\\\Policies\\\\Pr...')
#1 [internal function]: {closure}('App\\\\Policies\\\\Pr...', 'App\\\\Models\\\\Prod...')
#2 Command line code(1): array_map(Object(Closure), Array, Array)
#3 {main}
  thrown at Command line code:1)
[stacktrace]
#0 {main}
"} 
[2026-08-12 04:50:51] local.ERROR: Uncaught ReflectionException: Class "App\Policies\ProdukPolicy" does not exist in Command line code:1
Stack trace:
#0 Command line code(1): ReflectionClass->__construct('App\\Policies\\Pr...')
#1 [internal function]: {closure}('App\\Policies\\Pr...', 'App\\Models\\Prod...')
#2 Command line code(1): array_map(Object(Closure), Array, Array)
#3 {main}
  thrown {"exception":"[object] (Symfony\\Component\\ErrorHandler\\Error\\FatalError(code: 0): Uncaught ReflectionException: Class \"App\\Policies\\ProdukPolicy\" does not exist in Command line code:1
Stack trace:
#0 Command line code(1): ReflectionClass->__construct('App\\\\Policies\\\\Pr...')
#1 [internal function]: {closure}('App\\\\Policies\\\\Pr...', 'App\\\\Models\\\\Prod...')
#2 Command line code(1): array_map(Object(Closure), Array, Array)
#3 {main}
  thrown at Command line code:1)
[stacktrace]
#0 {main}
"} 
[2026-08-12 04:51:51] local.ERROR: Uncaught ReflectionException: Class "App\Policies\ProdukPolicy" does not exist in Command line code:1
Stack trace:
#0 Command line code(1): ReflectionClass->__construct('App\\Policies\\Pr...')
#1 [internal function]: {closure}('App\\Policies\\Pr...', 'App\\Models\\Prod...')
#2 Command line code(1): array_map(Object(Closure), Array, Array)
#3 {main}
  thrown {"exception":"[object] (Symfony\\Component\\ErrorHandler\\Error\\FatalError(code: 0): Uncaught ReflectionException: Class \"App\\Policies\\ProdukPolicy\" does not exist in Command line code:1
Stack trace:
#0 Command line code(1): ReflectionClass->__construct('App\\\\Policies\\\\Pr...')
#1 [internal function]: {closure}('App\\\\Policies\\\\Pr...', 'App\\\\Models\\\\Prod...')
#2 Command line code(1): array_map(Object(Closure), Array, Array)
#3 {main}
  thrown at Command line code:1)
[stacktrace]
#0 {main}
"} 
[2026-08-12 04:52:51] local.ERROR: Uncaught ReflectionException: Class "App\Policies\ProdukPolicy" does not exist in Command line code:1
Stack trace:
#0 Command line code(1): ReflectionClass->__construct('App\\Policies\\Pr...')
#1 [internal function]: {closure}('App\\Policies\\Pr...', 'App\\Models\\Prod...')
#2 Command line code(1): array_map(Object(Closure), Array, Array)
#3 {main}
  thrown {"exception":"[object] (Symfony\\Component\\ErrorHandler\\Error\\FatalError(code: 0): Uncaught ReflectionException: Class \"App\\Policies\\ProdukPolicy\" does not exist in Command line code:1
Stack trace:
#0 Command line code(1): ReflectionClass->__construct('App\\\\Policies\\\\Pr...')
#1 [internal function]: {closure}('App\\\\Policies\\\\Pr...', 'App\\\\Models\\\\Prod...')
#2 Command line code(1): array_map(Object(Closure), Array, Array)
#3 {main}
  thrown at Command line code:1)
[stacktrace]
#0 {main}
"} 
[2026-08-12 04:53:51] local.ERROR: Uncaught ReflectionException: Class "App\Policies\ProdukPolicy" does not exist in Command line code:1
Stack trace:
#0 Command line code(1): ReflectionClass->__construct('App\\Policies\\Pr...')
#1 [internal function]: {closure}('App\\Policies\\Pr...', 'App\\Models\\Prod...')
#2 Command line code(1): array_map(Object(Closure), Array, Array)
#3 {main}
  thrown {"exception":"[object] (Symfony\\Component\\ErrorHandler\\Error\\FatalError(code: 0): Uncaught ReflectionException: Class \"App\\Policies\\ProdukPolicy\" does not exist in Command line code:1
Stack trace:
#0 Command line code(1): ReflectionClass->__construct('App\\\\Policies\\\\Pr...')
#1 [internal function]: {closure}('App\\\\Policies\\\\Pr...', 'App\\\\Models\\\\Prod...')
#2 Command line code(1): array_map(Object(Closure), Array, Array)
#3 {main}
  thrown at Command line code:1)
[stacktrace]
#0 {main}
"} 
[2026-08-12 04:54:51] local.ERROR: Uncaught ReflectionException: Class "App\Policies\ProdukPolicy" does not exist in Command line code:1
Stack trace:
#0 Command line code(1): ReflectionClass->__construct('App\\Policies\\Pr...')
#1 [internal function]: {closure}('App\\Policies\\Pr...', 'App\\Models\\Prod...')
#2 Command line code(1): array_map(Object(Closure), Array, Array)
#3 {main}
  thrown {"exception":"[object] (Symfony\\Component\\ErrorHandler\\Error\\FatalError(code: 0): Uncaught ReflectionException: Class \"App\\Policies\\ProdukPolicy\" does not exist in Command line code:1
Stack trace:
#0 Command line code(1): ReflectionClass->__construct('App\\\\Policies\\\\Pr...')
#1 [internal function]: {closure}('App\\\\Policies\\\\Pr...', 'App\\\\Models\\\\Prod...')
#2 Command line code(1): array_map(Object(Closure), Array, Array)
#3 {main}
  thrown at Command line code:1)
[stacktrace]
#0 {main}
"} 
[2026-08-12 04:55:51] local.ERROR: Uncaught ReflectionException: Class "App\Policies\ProdukPolicy" does not exist in Command line code:1
Stack trace:
#0 Command line code(1): ReflectionClass->__construct('App\\Policies\\Pr...')
#1 [internal function]: {closure}('App\\Policies\\Pr...', 'App\\Models\\Prod...')
#2 Command line code(1): array_map(Object(Closure), Array, Array)
#3 {main}
  thrown {"exception":"[object] (Symfony\\Component\\ErrorHandler\\Error\\FatalError(code: 0): Uncaught ReflectionException: Class \"App\\Policies\\ProdukPolicy\" does not exist in Command line code:1
Stack trace:
#0 Command line code(1): ReflectionClass->__construct('App\\\\Policies\\\\Pr...')
#1 [internal function]: {closure}('App\\\\Policies\\\\Pr...', 'App\\\\Models\\\\Prod...')
#2 Command line code(1): array_map(Object(Closure), Array, Array)
#3 {main}
  thrown at Command line code:1)
[stacktrace]
#0 {main}
"} 
[2026-08-12 04:56:51] local.ERROR: Uncaught ReflectionException: Class "App\Policies\ProdukPolicy" does not exist in Command line code:1
Stack trace:
#0 Command line code(1): ReflectionClass->__construct('App\\Policies\\Pr...')
#1 [internal function]: {closure}('App\\Policies\\Pr...', 'App\\Models\\Prod...')
#2 Command line code(1): array_map(Object(Closure), Array, Array)
#3 {main}
  thrown {"exception":"[object] (Symfony\\Component\\ErrorHandler\\Error\\FatalError(code: 0): Uncaught ReflectionException: Class \"App\\Policies\\ProdukPolicy\" does not exist in Command line code:1
Stack trace:
#0 Command line code(1): ReflectionClass->__construct('App\\\\Policies\\\\Pr...')
#1 [internal function]: {closure}('App\\\\Policies\\\\Pr...', 'App\\\\Models\\\\Prod...')
#2 Command line code(1): array_map(Object(Closure), Array, Array)
#3 {main}
  thrown at Command line code:1)
[stacktrace]
#0 {main}
"} 
[2026-08-12 04:57:51] local.ERROR: Uncaught ReflectionException: Class "App\Policies\ProdukPolicy" does not exist in Command line code:1
Stack trace:
#0 Command line code(1): ReflectionClass->__construct('App\\Policies\\Pr...')
#1 [internal function]: {closure}('App\\Policies\\Pr...', 'App\\Models\\Prod...')
#2 Command line code(1): array_map(Object(Closure), Array, Array)
#3 {main}
  thrown {"exception":"[object] (Symfony\\Component\\ErrorHandler\\Error\\FatalError(code: 0): Uncaught ReflectionException: Class \"App\\Policies\\ProdukPolicy\" does not exist in Command line code:1
Stack trace:
#0 Command line code(1): ReflectionClass->__construct('App\\\\Policies\\\\Pr...')
#1 [internal function]: {closure}('App\\\\Policies\\\\Pr...', 'App\\\\Models\\\\Prod...')
#2 Command line code(1): array_map(Object(Closure), Array, Array)
#3 {main}
  thrown at Command line code:1)
[stacktrace]
#0 {main}
"} 
[2026-08-12 04:58:51] local.ERROR: Uncaught ReflectionException: Class "App\Policies\ProdukPolicy" does not exist in Command line code:1
Stack trace:
#0 Command line code(1): ReflectionClass->__construct('App\\Policies\\Pr...')
#1 [internal function]: {closure}('App\\Policies\\Pr...', 'App\\Models\\Prod...')
#2 Command line code(1): array_map(Object(Closure), Array, Array)
#3 {main}
  thrown {"exception":"[object] (Symfony\\Component\\ErrorHandler\\Error\\FatalError(code: 0): Uncaught ReflectionException: Class \"App\\Policies\\ProdukPolicy\" does not exist in Command line code:1
Stack trace:
#0 Command line code(1): ReflectionClass->__construct('App\\\\Policies\\\\Pr...')
#1 [internal function]: {closure}('App\\\\Policies\\\\Pr...', 'App\\\\Models\\\\Prod...')
#2 Command line code(1): array_map(Object(Closure), Array, Array)
#3 {main}
  thrown at Command line code:1)
[stacktrace]
#0 {main}
"} 
[2026-08-12 04:59:51] local.ERROR: Uncaught ReflectionException: Class "App\Policies\ProdukPolicy" does not exist in Command line code:1
Stack trace:
#0 Command line code(1): ReflectionClass->__construct('App\\Policies\\Pr...')
#1 [internal function]: {closure}('App\\Policies\\Pr...', 'App\\Models\\Prod...')
#2 Command line code(1): array_map(Object(Closure), Array, Array)
#3 {main}
  thrown {"exception":"[object] (Symfony\\Component\\ErrorHandler\\Error\\FatalError(code: 0): Uncaught ReflectionException: Class \"App\\Policies\\ProdukPolicy\" does not exist in Command line code:1
Stack trace:
#0 Command line code(1): ReflectionClass->__construct('App\\\\Policies\\\\Pr...')
#1 [internal function]: {closure}('App\\\\Policies\\\\Pr...', 'App\\\\Models\\\\Prod...')
#2 Command line code(1): array_map(Object(Closure), Array, Array)
#3 {main}
  thrown at Command line code:1)
[stacktrace]
#0 {main}
"} 
[2026-08-12 04:59:56] local.ERROR: SQLSTATE[42S22]: Column not found: 1054 Unknown column 'nama' in 'where clause' (Connection: mysql, Host: 127.0.0.1, Port: 3306, Database: pos_sahlamanda, SQL: select count(*) as aggregate from `jenis` where `nama` = makanan) {"userId":2,"exception":"[object] (Illuminate\\Database\\QueryException(code: 42S22): SQLSTATE[42S22]: Column not found: 1054 Unknown column 'nama' in 'where clause' (Connection: mysql, Host: 127.0.0.1, Port: 3306, Database: pos_sahlamanda, SQL: select count(*) as aggregate from `jenis` where `nama` = makanan) at C:/laragon/www/pos_sahla/vendor/laravel/framework/src/Illuminate/Database/Connection.php:838)
[stacktrace]
#0 C:/laragon/www/pos_sahla/vendor/laravel/framework/src/Illuminate/Database/Connection.php(794): Illuminate/Database/Connection->runQueryCallback('select count(*)...', Array, Object(Closure))
#1 C:/laragon/www/pos_sahla/vendor/laravel/framework/src/Illuminate/Database/Connection.php(411): Illuminate/Database/Connection->run('select count(*)...', Array, Object(Closure))
#2 C:/laragon/www/pos_sahla/vendor/laravel/framework/src/Illuminate/Database/Query/Builder.php(3505): Illuminate/Database/Connection->select('select count(*)...', Array, false)
#3 C:/laragon/www/pos_sahla/vendor/laravel/framework/src/Illuminate/Database/Query/Builder.php(3490): Illuminate/Database/Query/Builder->runSelect()
#4 C:/laragon/www/pos_sahla/vendor/laravel/framework/src/Illuminate/Database/Query/Builder.php(4080): Illuminate/Database/Query/Builder->Illuminate/Database/Query/{closure}()
#5 C:/laragon/www/pos_sahla/vendor/laravel/framework/src/Illuminate/Database/Query/Builder.php(3489): Illuminate/Database/Query/Builder->onceWithColumns(Array, Object(Closure))
#6 C:/laragon/www/pos_sahla/vendor/laravel/framework/src/Illuminate/Database/Query/Builder.php(4004): Illuminate/Database/Query/Builder->get(Array)
#7 C:/laragon/www/pos_sahla/vendor/laravel/framework/src/Illuminate/Database/Query/Builder.php(3932): Illuminate/Database/Query/Builder->aggregate('count', Array)
#8 C:/laragon/www/pos_sahla/vendor/laravel/framework/src/Illuminate/Validation/DatabasePresenceVerifier.php(53): Illuminate/Database/Query/Builder->count()
#9 C:/laragon/www/pos_sahla/vendor/laravel/framework/src/Illuminate/Validation/Concerns/ValidatesAttributes.php(1083): Illuminate/Validation/DatabasePresenceVerifier->getCount('jenis', 'nama', 'makanan', NULL, NULL, Array)
#10 C:/laragon/www/pos_sahla/vendor/laravel/framework/src/Illuminate/Validation/Validator.php(726): Illuminate/Validation/Validator->validateUnique('nama', 'makanan', Array, Object(Illuminate/Validation/Validator))
#11 C:/laragon/www/pos_sahla/vendor/laravel/framework/src/Illuminate/Validation/Validator.php(481): Illuminate/Validation/Validator->validateAttribute('nama', 'Unique')
#12 C:/laragon/www/pos_sahla/vendor/laravel/framework/src/Illuminate/Validation/Validator.php(516): Illuminate/Validation/Validator->passes()
#13 C:/laragon/www/pos_sahla/vendor/laravel/framework/src/Illuminate/Validation/ValidatesWhenResolvedTrait.php(31): Illuminate/Validation/Validator->fails()
#14 C:/laragon/www/pos_sahla/vendor/laravel/framework/src/Illuminate/Foundation/Providers/FormRequestServiceProvider.php(30): Illuminate/Foundation/Http/FormRequest->validateResolved()
#15 C:/laragon/www/pos_sahla/vendor/laravel/framework/src/Illuminate/Container/Container.php(1618): Illuminate/Foundation/Providers/FormRequestServiceProvider->Illuminate/Foundation/Providers/{closure}(Object(App/Http/Requests/Jenis/StoreRequest), Object(Illuminate/Foundation/Application))
#16 C:/laragon/www/pos_sahla/vendor/laravel/framework/src/Illuminate/Container/Container.php(1556): Illuminate/Container/Container->fireCallbackArray(Object(App/Http/Requests/Jenis/StoreRequest), Array)
#17 C:/laragon/www/pos_sahla/vendor/laravel/framework/src/Illuminate/Container/Container.php(1542): Illuminate/Container/Container->fireAfterResolvingCallbacks('App//Http//Reques...', Object(App/Http/Requests/Jenis/StoreRequest))
#18 C:/laragon/www/pos_sahla/vendor/laravel/framework/src/Illuminate/Container/Container.php(951): Illuminate/Container/Container->fireResolvingCallbacks('App//Http//Reques...', Object(App/Http/Requests/Jenis/StoreRequest))
#19 C:/laragon/www/pos_sahla/vendor/laravel/framework/src/Illuminate/Foundation/Application.php(1078): Illuminate/Container/Container->resolve('App//Http//Reques...', Array, true)
#20 C:/laragon/www/pos_sahla/vendor/laravel/framework/src/Illuminate/Container/Container.php(864): Illuminate/Foundation/Application->resolve('App//Http//Reques...', Array)
#21 C:/laragon/www/pos_sahla/vendor/laravel/framework/src/Illuminate/Foundation/Application.php(1058): Illuminate/Container/Container->make('App//Http//Reques...', Array)
#22 C:/laragon/www/pos_sahla/vendor/laravel/framework/src/Illuminate/Routing/ResolvesRouteDependencies.php(92): Illuminate/Foundation/Application->make('App//Http//Reques...')
#23 C:/laragon/www/pos_sahla/vendor/laravel/framework/src/Illuminate/Routing/ResolvesRouteDependencies.php(51): Illuminate/Routing/ControllerDispatcher->transformDependency(Object(ReflectionParameter), Array, Object(stdClass))
#24 C:/laragon/www/pos_sahla/vendor/laravel/framework/src/Illuminate/Routing/ResolvesRouteDependencies.php(30): Illuminate/Routing/ControllerDispatcher->resolveMethodDependencies(Array, Object(ReflectionMethod))
#25 C:/laragon/www/pos_sahla/vendor/laravel/framework/src/Illuminate/Routing/ControllerDispatcher.php(59): Illuminate/Routing/ControllerDispatcher->resolveClassMethodDependencies(Array, Object(App/Http/Controllers/JenisController), 'store')
#26 C:/laragon/www/pos_sahla/vendor/laravel/framework/src/Illuminate/Routing/ControllerDispatcher.php(40): Illuminate/Routing/ControllerDispatcher->resolveParameters(Object(Illuminate/Routing/Route), Object(App/Http/Controllers/JenisController), 'store')
#27 C:/laragon/www/pos_sahla/vendor/laravel/framework/src/Illuminate/Routing/Route.php(265): Illuminate/Routing/ControllerDispatcher->dispatch(Object(Illuminate/Routing/Route), Object(App/Http/Controllers/JenisController), 'store')
#28 C:/laragon/www/pos_sahla/vendor/laravel/framework/src/Illuminate/Routing/Route.php(211): Illuminate/Routing/Route->runController()
#29 C:/laragon/www/pos_sahla/vendor/laravel/framework/src/Illuminate/Routing/Router.php(822): Illuminate/Routing/Route->run()
#30 C:/laragon/www/pos_sahla/vendor/laravel/framework/src/Illuminate/Pipeline/Pipeline.php(180): Illuminate/Routing/Router->Illuminate/Routing/{closure}(Object(Illuminate/Http/Request))
#31 C:/laragon/www/pos_sahla/app/Http/Middleware/RoleMiddleware.php(32): Illuminate/Pipeline/Pipeline->Illuminate/Pipeline/{closure}(Object(Illuminate/Http/Request))
#32 C:/laragon/www/pos_sahla/vendor/laravel/framework/src/Illuminate/Pipeline/Pipeline.php(219): App/Http/Middleware/RoleMiddleware->handle(Object(Illuminate/Http/Request), Object(Closure), 'admin', 'kasir')
#33 C:/laragon/www/pos_sahla/vendor/laravel/framework/src/Illuminate/Routing/Middleware/SubstituteBindings.php(50): Illuminate/Pipeline/Pipeline->Illuminate/Pipeline/{closure}(Object(Illuminate/Http/Request))
#34 C:/laragon/www/pos_sahla/vendor/laravel/framework/src/Illuminate/Pipeline/Pipeline.php(219): Illuminate/Routing/Middleware/SubstituteBindings->handle(Object(Illuminate/Http/Request), Object(Closure))
#35 C:/laragon/www/pos_sahla/vendor/laravel/framework/src/Illuminate/Auth/Middleware/Authenticate.php(63): Illuminate/Pipeline/Pipeline->Illuminate/Pipeline/{closure}(Object(Illuminate/Http/Request))
#36 C:/laragon/www/pos_sahla/vendor/laravel/framework/src/Illuminate/Pipeline/Pipeline.php(219): Illuminate/Auth/Middleware/Authenticate->handle(Object(Illuminate/Http/Request), Object(Closure))
#37 C:/laragon/www/pos_sahla/vendor/laravel/framework/src/Illuminate/Foundation/Http/Middleware/VerifyCsrfToken.php(87): Illuminate/Pipeline/Pipeline->Illuminate/Pipeline/{closure}(Object(Illuminate/Http/Request))
#38 C:/laragon/www/pos_sahla/vendor/laravel/framework/src/Illuminate/Pipeline/Pipeline.php(219): Illuminate/Foundation/Http/Middleware/VerifyCsrfToken->handle(Object(Illuminate/Http/Request), Object(Closure))
#39 C:/laragon/www/pos_sahla/vendor/laravel/framework/src/Illuminate/View/Middleware/ShareErrorsFromSession.php(48): Illuminate/Pipeline/Pipeline->Illuminate/Pipeline/{closure}(Object(Illuminate/Http/Request))
#40 C:/laragon/www/pos_sahla/vendor/laravel/framework/src/Illuminate/Pipeline/Pipeline.php(219): Illuminate/View/Middleware/ShareErrorsFromSession->handle(Object(Illuminate/Http/Request), Object(Closure))
#41 C:/laragon/www/pos_sahla/vendor/laravel/framework/src/Illuminate/Session/Middleware/StartSession.php(120): Illuminate/Pipeline/Pipeline->Illuminate/Pipeline/{closure}(Object(Illuminate/Http/Request))
#42 C:/laragon/www/pos_sahla/vendor/laravel/framework/src/Illuminate/Session/Middleware/StartSession.php(63): Illuminate/Session/Middleware/StartSession->handleStatefulRequest(Object(Illuminate/Http/Request), Object(Illuminate/Session/Store), Object(Closure))
#43 C:/laragon/www/pos_sahla/vendor/laravel/framework/src/Illuminate/Pipeline/Pipeline.php(219): Illuminate/Session/Middleware/StartSession->handle(Object(Illuminate/Http/Request), Object(Closure))
#44 C:/laragon/www/pos_sahla/vendor/laravel/framework/src/Illuminate/Cookie/Middleware/AddQueuedCookiesToResponse.php(36): Illuminate/Pipeline/Pipeline->Illuminate/Pipeline/{closure}(Object(Illuminate/Http/Request))
#45 C:/laragon/www/pos_sahla/vendor/laravel/framework/src/Illuminate/Pipeline/Pipeline.php(219): Illuminate/Cookie/Middleware/AddQueuedCookiesToResponse->handle(Object(Illuminate/Http/Request), Object(Closure))
#46 C:/laragon/www/pos_sahla/vendor/laravel/framework/src/Illuminate/Cookie/Middleware/EncryptCookies.php(74): Illuminate/Pipeline/Pipeline->Illuminate/Pipeline/{closure}(Object(Illuminate/Http/Request))
#47 C:/laragon/www/pos_sahla/vendor/laravel/framework/src/Illuminate/Pipeline/Pipeline.php(219): Illuminate/Cookie/Middleware/EncryptCookies->handle(Object(Illuminate/Http/Request), Object(Closure))
#48 C:/laragon/www/pos_sahla/vendor/laravel/framework/src/Illuminate/Pipeline/Pipeline.php(137): Illuminate/Pipeline/Pipeline->Illuminate/Pipeline/{closure}(Object(Illuminate/Http/Request))
#49 C:/laragon/www/pos_sahla/vendor/laravel/framework/src/Illuminate/Routing/Router.php(821): Illuminate/Pipeline/Pipeline->then(Object(Closure))
#50 C:/laragon/www/pos_sahla/vendor/laravel/framework/src/Illuminate/Routing/Router.php(800): Illuminate/Routing/Router->runRouteWithinStack(Object(Illuminate/Routing/Route), Object(Illuminate/Http/Request))
#51 C:/laragon/www/pos_sahla/vendor/laravel/framework/src/Illuminate/Routing/Router.php(764): Illuminate/Routing/Router->runRoute(Object(Illuminate/Http/Request), Object(Illuminate/Routing/Route))
#52 C:/laragon/www/pos_sahla/vendor/laravel/framework/src/Illuminate/Routing/Router.php(753): Illuminate/Routing/Router->dispatchToRoute(Object(Illuminate/Http/Request))
#53 C:/laragon/www/pos_sahla/vendor/laravel/framework/src/Illuminate/Foundation/Http/Kernel.php(200): Illuminate/Routing/Router->dispatch(Object(Illuminate/Http/Request))
#54 C:/laragon/www/pos_sahla/vendor/laravel/framework/src/Illuminate/Pipeline/Pipeline.php(180): Illuminate/Foundation/Http/Kernel->Illuminate/Foundation/Http/{closure}(Object(Illuminate/Http/Request))
#55 C:/laragon/www/pos_sahla/vendor/laravel/framework/src/Illuminate/Foundation/Http/Middleware/TransformsRequest.php(21): Illuminate/Pipeline/Pipeline->Illuminate/Pipeline/{closure}(Object(Illuminate/Http/Request))
#56 C:/laragon/www/pos_sahla/vendor/laravel/framework/src/Illuminate/Foundation/Http/Middleware/ConvertEmptyStringsToNull.php(31): Illuminate/Foundation/Http/Middleware/TransformsRequest->handle(Object(Illuminate/Http/Request), Object(Closure))
#57 C:/laragon/www/pos_sahla/vendor/laravel/framework/src/Illuminate/Pipeline/Pipeline.php(219): Illuminate/Foundation/Http/Middleware/ConvertEmptyStringsToNull->handle(Object(Illuminate/Http/Request), Object(Closure))
#58 C:/laragon/www/pos_sahla/vendor/laravel/framework/src/Illuminate/Foundation/Http/Middleware/TransformsRequest.php(21): Illuminate/Pipeline/Pipeline->Illuminate/Pipeline/{closure}(Object(Illuminate/Http/Request))
#59 C:/laragon/www/pos_sahla/vendor/laravel/framework/src/Illuminate/Foundation/Http/Middleware/TrimStrings.php(51): Illuminate/Foundation/Http/Middleware/TransformsRequest->handle(Object(Illuminate/Http/Request), Object(Closure))
#60 C:/laragon/www/pos_sahla/vendor/laravel/framework/src/Illuminate/Pipeline/Pipeline.php(219): Illuminate/Foundation/Http/Middleware/TrimStrings->handle(Object(Illuminate/Http/Request), Object(Closure))
#61 C:/laragon/www/pos_sahla/vendor/laravel/framework/src/Illuminate/Http/Middleware/ValidatePostSize.php(27): Illuminate/Pipeline/Pipeline->Illuminate/Pipeline/{closure}(Object(Illuminate/Http/Request))
#62 C:/laragon/www/pos_sahla/vendor/laravel/framework/src/Illuminate/Pipeline/Pipeline.php(219): Illuminate/Http/Middleware/ValidatePostSize->handle(Object(Illuminate/Http/Request), Object(Closure))
#63 C:/laragon/www/pos_sahla/vendor/laravel/framework/src/Illuminate/Foundation/Http/Middleware/PreventRequestsDuringMaintenance.php(109): Illuminate/Pipeline/Pipeline->Illuminate/Pipeline/{closure}(Object(Illuminate/Http/Request))
#64 C:/laragon/www/pos_sahla/vendor/laravel/framework/src/Illuminate/Pipeline/Pipeline.php(219): Illuminate/Foundation/Http/Middleware/PreventRequestsDuringMaintenance->handle(Object(Illuminate/Http/Request), Object(Closure))
#65 C:/laragon/www/pos_sahla/vendor/laravel/framework/src/Illuminate/Http/Middleware/HandleCors.php(61): Illuminate/Pipeline/Pipeline->Illuminate/Pipeline/{closure}(Object(Illuminate/Http/Request))
#66 C:/laragon/www/pos_sahla/vendor/laravel/framework/src/Illuminate/Pipeline/Pipeline.php(219): Illuminate/Http/Middleware/HandleCors->handle(Object(Illuminate/Http/Request), Object(Closure))
#67 C:/laragon/www/pos_sahla/vendor/laravel/framework/src/Illuminate/Http/Middleware/TrustProxies.php(58): Illuminate/Pipeline/Pipeline->Illuminate/Pipeline/{closure}(Object(Illuminate/Http/Request))
#68 C:/laragon/www/pos_sahla/vendor/laravel/framework/src/Illuminate/Pipeline/Pipeline.php(219): Illuminate/Http/Middleware/TrustProxies->handle(Object(Illuminate/Http/Request), Object(Closure))
#69 C:/laragon/www/pos_sahla/vendor/laravel/framework/src/Illuminate/Foundation/Http/Middleware/InvokeDeferredCallbacks.php(22): Illuminate/Pipeline/Pipeline->Illuminate/Pipeline/{closure}(Object(Illuminate/Http/Request))
#70 C:/laragon/www/pos_sahla/vendor/laravel/framework/src/Illuminate/Pipeline/Pipeline.php(219): Illuminate/Foundation/Http/Middleware/InvokeDeferredCallbacks->handle(Object(Illuminate/Http/Request), Object(Closure))
#71 C:/laragon/www/pos_sahla/vendor/laravel/framework/src/Illuminate/Http/Middleware/ValidatePathEncoding.php(26): Illuminate/Pipeline/Pipeline->Illuminate/Pipeline/{closure}(Object(Illuminate/Http/Request))
#72 C:/laragon/www/pos_sahla/vendor/laravel/framework/src/Illuminate/Pipeline/Pipeline.php(219): Illuminate/Http/Middleware/ValidatePathEncoding->handle(Object(Illuminate/Http/Request), Object(Closure))
#73 C:/laragon/www/pos_sahla/vendor/laravel/framework/src/Illuminate/Pipeline/Pipeline.php(137): Illuminate/Pipeline/Pipeline->Illuminate/Pipeline/{closure}(Object(Illuminate/Http/Request))
#74 C:/laragon/www/pos_sahla/vendor/laravel/framework/src/Illuminate/Foundation/Http/Kernel.php(175): Illuminate/Pipeline/Pipeline->then(Object(Closure))
#75 C:/laragon/www/pos_sahla/vendor/laravel/framework/src/Illuminate/Foundation/Http/Kernel.php(144): Illuminate/Foundation/Http/Kernel->sendRequestThroughRouter(Object(Illuminate/Http/Request))
#76 C:/laragon/www/pos_sahla/vendor/laravel/framework/src/Illuminate/Foundation/Application.php(1220): Illuminate/Foundation/Http/Kernel->handle(Object(Illuminate/Http/Request))
#77 C:/laragon/www/pos_sahla/public/index.php(20): Illuminate/Foundation/Application->handleRequest(Object(Illuminate/Http/Request))
#78 C:/laragon/www/pos_sahla/vendor/laravel/framework/src/Illuminate/Foundation/resources/server.php(23): require_once('C://laragon//www//...')
#79 {main}

[previous exception] [object] (PDOException(code: 42S22): SQLSTATE[42S22]: Column not found: 1054 Unknown column 'nama' in 'where clause' at C:/laragon/www/pos_sahla/vendor/laravel/framework/src/Illuminate/Database/Connection.php:420)
[stacktrace]
#0 C:/laragon/www/pos_sahla/vendor/laravel/framework/src/Illuminate/Database/Connection.php(420): PDO->prepare('select count(*)...')
#1 C:/laragon/www/pos_sahla/vendor/laravel/framework/src/Illuminate/Database/Connection.php(827): Illuminate/Database/Connection->Illuminate/Database/{closure}('select count(*)...', Array)
#2 C:/laragon/www/pos_sahla/vendor/laravel/framework/src/Illuminate/Database/Connection.php(794): Illuminate/Database/Connection->runQueryCallback('select count(*)...', Array, Object(Closure))
#3 C:/laragon/www/pos_sahla/vendor/laravel/framework/src/Illuminate/Database/Connection.php(411): Illuminate/Database/Connection->run('select count(*)...', Array, Object(Closure))
#4 C:/laragon/www/pos_sahla/vendor/laravel/framework/src/Illuminate/Database/Query/Builder.php(3505): Illuminate/Database/Connection->select('select count(*)...', Array, false)
#5 C:/laragon/www/pos_sahla/vendor/laravel/framework/src/Illuminate/Database/Query/Builder.php(3490): Illuminate/Database/Query/Builder->runSelect()
#6 C:/laragon/www/pos_sahla/vendor/laravel/framework/src/Illuminate/Database/Query/Builder.php(4080): Illuminate/Database/Query/Builder->Illuminate/Database/Query/{closure}()
#7 C:/laragon/www/pos_sahla/vendor/laravel/framework/src/Illuminate/Database/Query/Builder.php(3489): Illuminate/Database/Query/Builder->onceWithColumns(Array, Object(Closure))
#8 C:/laragon/www/pos_sahla/vendor/laravel/framework/src/Illuminate/Database/Query/Builder.php(4004): Illuminate/Database/Query/Builder->get(Array)
#9 C:/laragon/www/pos_sahla/vendor/laravel/framework/src/Illuminate/Database/Query/Builder.php(3932): Illuminate/Database/Query/Builder->aggregate('count', Array)
#10 C:/laragon/www/pos_sahla/vendor/laravel/framework/src/Illuminate/Validation/DatabasePresenceVerifier.php(53): Illuminate/Database/Query/Builder->count()
#11 C:/laragon/www/pos_sahla/vendor/laravel/framework/src/Illuminate/Validation/Concerns/ValidatesAttributes.php(1083): Illuminate/Validation/DatabasePresenceVerifier->getCount('jenis', 'nama', 'makanan', NULL, NULL, Array)
#12 C:/laragon/www/pos_sahla/vendor/laravel/framework/src/Illuminate/Validation/Validator.php(726): Illuminate/Validation/Validator->validateUnique('nama', 'makanan', Array, Object(Illuminate/Validation/Validator))
#13 C:/laragon/www/pos_sahla/vendor/laravel/framework/src/Illuminate/Validation/Validator.php(481): Illuminate/Validation/Validator->validateAttribute('nama', 'Unique')
#14 C:/laragon/www/pos_sahla/vendor/laravel/framework/src/Illuminate/Validation/Validator.php(516): Illuminate/Validation/Validator->passes()
#15 C:/laragon/www/pos_sahla/vendor/laravel/framework/src/Illuminate/Validation/ValidatesWhenResolvedTrait.php(31): Illuminate/Validation/Validator->fails()
#16 C:/laragon/www/pos_sahla/vendor/laravel/framework/src/Illuminate/Foundation/Providers/FormRequestServiceProvider.php(30): Illuminate/Foundation/Http/FormRequest->validateResolved()
#17 C:/laragon/www/pos_sahla/vendor/laravel/framework/src/Illuminate/Container/Container.php(1618): Illuminate/Foundation/Providers/FormRequestServiceProvider->Illuminate/Foundation/Providers/{closure}(Object(App/Http/Requests/Jenis/StoreRequest), Object(Illuminate/Foundation/Application))
#18 C:/laragon/www/pos_sahla/vendor/laravel/framework/src/Illuminate/Container/Container.php(1556): Illuminate/Container/Container->fireCallbackArray(Object(App/Http/Requests/Jenis/StoreRequest), Array)
#19 C:/laragon/www/pos_sahla/vendor/laravel/framework/src/Illuminate/Container/Container.php(1542): Illuminate/Container/Container->fireAfterResolvingCallbacks('App//Http//Reques...', Object(App/Http/Requests/Jenis/StoreRequest))
#20 C:/laragon/www/pos_sahla/vendor/laravel/framework/src/Illuminate/Container/Container.php(951): Illuminate/Container/Container->fireResolvingCallbacks('App//Http//Reques...', Object(App/Http/Requests/Jenis/StoreRequest))
#21 C:/laragon/www/pos_sahla/vendor/laravel/framework/src/Illuminate/Foundation/Application.php(1078): Illuminate/Container/Container->resolve('App//Http//Reques...', Array, true)
#22 C:/laragon/www/pos_sahla/vendor/laravel/framework/src/Illuminate/Container/Container.php(864): Illuminate/Foundation/Application->resolve('App//Http//Reques...', Array)
#23 C:/laragon/www/pos_sahla/vendor/laravel/framework/src/Illuminate/Foundation/Application.php(1058): Illuminate/Container/Container->make('App//Http//Reques...', Array)
#24 C:/laragon/www/pos_sahla/vendor/laravel/framework/src/Illuminate/Routing/ResolvesRouteDependencies.php(92): Illuminate/Foundation/Application->make('App//Http//Reques...')
#25 C:/laragon/www/pos_sahla/vendor/laravel/framework/src/Illuminate/Routing/ResolvesRouteDependencies.php(51): Illuminate/Routing/ControllerDispatcher->transformDependency(Object(ReflectionParameter), Array, Object(stdClass))
#26 C:/laragon/www/pos_sahla/vendor/laravel/framework/src/Illuminate/Routing/ResolvesRouteDependencies.php(30): Illuminate/Routing/ControllerDispatcher->resolveMethodDependencies(Array, Object(ReflectionMethod))
#27 C:/laragon/www/pos_sahla/vendor/laravel/framework/src/Illuminate/Routing/ControllerDispatcher.php(59): Illuminate/Routing/ControllerDispatcher->resolveClassMethodDependencies(Array, Object(App/Http/Controllers/JenisController), 'store')
#28 C:/laragon/www/pos_sahla/vendor/laravel/framework/src/Illuminate/Routing/ControllerDispatcher.php(40): Illuminate/Routing/ControllerDispatcher->resolveParameters(Object(Illuminate/Routing/Route), Object(App/Http/Controllers/JenisController), 'store')
#29 C:/laragon/www/pos_sahla/vendor/laravel/framework/src/Illuminate/Routing/Route.php(265): Illuminate/Routing/ControllerDispatcher->dispatch(Object(Illuminate/Routing/Route), Object(App/Http/Controllers/JenisController), 'store')
#30 C:/laragon/www/pos_sahla/vendor/laravel/framework/src/Illuminate/Routing/Route.php(211): Illuminate/Routing/Route->runController()
#31 C:/laragon/www/pos_sahla/vendor/laravel/framework/src/Illuminate/Routing/Router.php(822): Illuminate/Routing/Route->run()
#32 C:/laragon/www/pos_sahla/vendor/laravel/framework/src/Illuminate/Pipeline/Pipeline.php(180): Illuminate/Routing/Router->Illuminate/Routing/{closure}(Object(Illuminate/Http/Request))
#33 C:/laragon/www/pos_sahla/app/Http/Middleware/RoleMiddleware.php(32): Illuminate/Pipeline/Pipeline->Illuminate/Pipeline/{closure}(Object(Illuminate/Http/Request))
#34 C:/laragon/www/pos_sahla/vendor/laravel/framework/src/Illuminate/Pipeline/Pipeline.php(219): App/Http/Middleware/RoleMiddleware->handle(Object(Illuminate/Http/Request), Object(Closure), 'admin', 'kasir')
#35 C:/laragon/www/pos_sahla/vendor/laravel/framework/src/Illuminate/Routing/Middleware/SubstituteBindings.php(50): Illuminate/Pipeline/Pipeline->Illuminate/Pipeline/{closure}(Object(Illuminate/Http/Request))
#36 C:/laragon/www/pos_sahla/vendor/laravel/framework/src/Illuminate/Pipeline/Pipeline.php(219): Illuminate/Routing/Middleware/SubstituteBindings->handle(Object(Illuminate/Http/Request), Object(Closure))
#37 C:/laragon/www/pos_sahla/vendor/laravel/framework/src/Illuminate/Auth/Middleware/Authenticate.php(63): Illuminate/Pipeline/Pipeline->Illuminate/Pipeline/{closure}(Object(Illuminate/Http/Request))
#38 C:/laragon/www/pos_sahla/vendor/laravel/framework/src/Illuminate/Pipeline/Pipeline.php(219): Illuminate/Auth/Middleware/Authenticate->handle(Object(Illuminate/Http/Request), Object(Closure))
#39 C:/laragon/www/pos_sahla/vendor/laravel/framework/src/Illuminate/Foundation/Http/Middleware/VerifyCsrfToken.php(87): Illuminate/Pipeline/Pipeline->Illuminate/Pipeline/{closure}(Object(Illuminate/Http/Request))
#40 C:/laragon/www/pos_sahla/vendor/laravel/framework/src/Illuminate/Pipeline/Pipeline.php(219): Illuminate/Foundation/Http/Middleware/VerifyCsrfToken->handle(Object(Illuminate/Http/Request), Object(Closure))
#41 C:/laragon/www/pos_sahla/vendor/laravel/framework/src/Illuminate/View/Middleware/ShareErrorsFromSession.php(48): Illuminate/Pipeline/Pipeline->Illuminate/Pipeline/{closure}(Object(Illuminate/Http/Request))
#42 C:/laragon/www/pos_sahla/vendor/laravel/framework/src/Illuminate/Pipeline/Pipeline.php(219): Illuminate/View/Middleware/ShareErrorsFromSession->handle(Object(Illuminate/Http/Request), Object(Closure))
#43 C:/laragon/www/pos_sahla/vendor/laravel/framework/src/Illuminate/Session/Middleware/StartSession.php(120): Illuminate/Pipeline/Pipeline->Illuminate/Pipeline/{closure}(Object(Illuminate/Http/Request))
#44 C:/laragon/www/pos_sahla/vendor/laravel/framework/src/Illuminate/Session/Middleware/StartSession.php(63): Illuminate/Session/Middleware/StartSession->handleStatefulRequest(Object(Illuminate/Http/Request), Object(Illuminate/Session/Store), Object(Closure))
#45 C:/laragon/www/pos_sahla/vendor/laravel/framework/src/Illuminate/Pipeline/Pipeline.php(219): Illuminate/Session/Middleware/StartSession->handle(Object(Illuminate/Http/Request), Object(Closure))
#46 C:/laragon/www/pos_sahla/vendor/laravel/framework/src/Illuminate/Cookie/Middleware/AddQueuedCookiesToResponse.php(36): Illuminate/Pipeline/Pipeline->Illuminate/Pipeline/{closure}(Object(Illuminate/Http/Request))
#47 C:/laragon/www/pos_sahla/vendor/laravel/framework/src/Illuminate/Pipeline/Pipeline.php(219): Illuminate/Cookie/Middleware/AddQueuedCookiesToResponse->handle(Object(Illuminate/Http/Request), Object(Closure))
#48 C:/laragon/www/pos_sahla/vendor/laravel/framework/src/Illuminate/Cookie/Middleware/EncryptCookies.php(74): Illuminate/Pipeline/Pipeline->Illuminate/Pipeline/{closure}(Object(Illuminate/Http/Request))
#49 C:/laragon/www/pos_sahla/vendor/laravel/framework/src/Illuminate/Pipeline/Pipeline.php(219): Illuminate/Cookie/Middleware/EncryptCookies->handle(Object(Illuminate/Http/Request), Object(Closure))
#50 C:/laragon/www/pos_sahla/vendor/laravel/framework/src/Illuminate/Pipeline/Pipeline.php(137): Illuminate/Pipeline/Pipeline->Illuminate/Pipeline/{closure}(Object(Illuminate/Http/Request))
#51 C:/laragon/www/pos_sahla/vendor/laravel/framework/src/Illuminate/Routing/Router.php(821): Illuminate/Pipeline/Pipeline->then(Object(Closure))
#52 C:/laragon/www/pos_sahla/vendor/laravel/framework/src/Illuminate/Routing/Router.php(800): Illuminate/Routing/Router->runRouteWithinStack(Object(Illuminate/Routing/Route), Object(Illuminate/Http/Request))
#53 C:/laragon/www/pos_sahla/vendor/laravel/framework/src/Illuminate/Routing/Router.php(764): Illuminate/Routing/Router->runRoute(Object(Illuminate/Http/Request), Object(Illuminate/Routing/Route))
#54 C:/laragon/www/pos_sahla/vendor/laravel/framework/src/Illuminate/Routing/Router.php(753): Illuminate/Routing/Router->dispatchToRoute(Object(Illuminate/Http/Request))
#55 C:/laragon/www/pos_sahla/vendor/laravel/framework/src/Illuminate/Foundation/Http/Kernel.php(200): Illuminate/Routing/Router->dispatch(Object(Illuminate/Http/Request))
#56 C:/laragon/www/pos_sahla/vendor/laravel/framework/src/Illuminate/Pipeline/Pipeline.php(180): Illuminate/Foundation/Http/Kernel->Illuminate/Foundation/Http/{closure}(Object(Illuminate/Http/Request))
#57 C:/laragon/www/pos_sahla/vendor/laravel/framework/src/Illuminate/Foundation/Http/Middleware/TransformsRequest.php(21): Illuminate/Pipeline/Pipeline->Illuminate/Pipeline/{closure}(Object(Illuminate/Http/Request))
#58 C:/laragon/www/pos_sahla/vendor/laravel/framework/src/Illuminate/Foundation/Http/Middleware/ConvertEmptyStringsToNull.php(31): Illuminate/Foundation/Http/Middleware/TransformsRequest->handle(Object(Illuminate/Http/Request), Object(Closure))
#59 C:/laragon/www/pos_sahla/vendor/laravel/framework/src/Illuminate/Pipeline/Pipeline.php(219): Illuminate/Foundation/Http/Middleware/ConvertEmptyStringsToNull->handle(Object(Illuminate/Http/Request), Object(Closure))
#60 C:/laragon/www/pos_sahla/vendor/laravel/framework/src/Illuminate/Foundation/Http/Middleware/TransformsRequest.php(21): Illuminate/Pipeline/Pipeline->Illuminate/Pipeline/{closure}(Object(Illuminate/Http/Request))
#61 C:/laragon/www/pos_sahla/vendor/laravel/framework/src/Illuminate/Foundation/Http/Middleware/TrimStrings.php(51): Illuminate/Foundation/Http/Middleware/TransformsRequest->handle(Object(Illuminate/Http/Request), Object(Closure))
#62 C:/laragon/www/pos_sahla/vendor/laravel/framework/src/Illuminate/Pipeline/Pipeline.php(219): Illuminate/Foundation/Http/Middleware/TrimStrings->handle(Object(Illuminate/Http/Request), Object(Closure))
#63 C:/laragon/www/pos_sahla/vendor/laravel/framework/src/Illuminate/Http/Middleware/ValidatePostSize.php(27): Illuminate/Pipeline/Pipeline->Illuminate/Pipeline/{closure}(Object(Illuminate/Http/Request))
#64 C:/laragon/www/pos_sahla/vendor/laravel/framework/src/Illuminate/Pipeline/Pipeline.php(219): Illuminate/Http/Middleware/ValidatePostSize->handle(Object(Illuminate/Http/Request), Object(Closure))
#65 C:/laragon/www/pos_sahla/vendor/laravel/framework/src/Illuminate/Foundation/Http/Middleware/PreventRequestsDuringMaintenance.php(109): Illuminate/Pipeline/Pipeline->Illuminate/Pipeline/{closure}(Object(Illuminate/Http/Request))
#66 C:/laragon/www/pos_sahla/vendor/laravel/framework/src/Illuminate/Pipeline/Pipeline.php(219): Illuminate/Foundation/Http/Middleware/PreventRequestsDuringMaintenance->handle(Object(Illuminate/Http/Request), Object(Closure))
#67 C:/laragon/www/pos_sahla/vendor/laravel/framework/src/Illuminate/Http/Middleware/HandleCors.php(61): Illuminate/Pipeline/Pipeline->Illuminate/Pipeline/{closure}(Object(Illuminate/Http/Request))
#68 C:/laragon/www/pos_sahla/vendor/laravel/framework/src/Illuminate/Pipeline/Pipeline.php(219): Illuminate/Http/Middleware/HandleCors->handle(Object(Illuminate/Http/Request), Object(Closure))
#69 C:/laragon/www/pos_sahla/vendor/laravel/framework/src/Illuminate/Http/Middleware/TrustProxies.php(58): Illuminate/Pipeline/Pipeline->Illuminate/Pipeline/{closure}(Object(Illuminate/Http/Request))
#70 C:/laragon/www/pos_sahla/vendor/laravel/framework/src/Illuminate/Pipeline/Pipeline.php(219): Illuminate/Http/Middleware/TrustProxies->handle(Object(Illuminate/Http/Request), Object(Closure))
#71 C:/laragon/www/pos_sahla/vendor/laravel/framework/src/Illuminate/Foundation/Http/Middleware/InvokeDeferredCallbacks.php(22): Illuminate/Pipeline/Pipeline->Illuminate/Pipeline/{closure}(Object(Illuminate/Http/Request))
#72 C:/laragon/www/pos_sahla/vendor/laravel/framework/src/Illuminate/Pipeline/Pipeline.php(219): Illuminate/Foundation/Http/Middleware/InvokeDeferredCallbacks->handle(Object(Illuminate/Http/Request), Object(Closure))
#73 C:/laragon/www/pos_sahla/vendor/laravel/framework/src/Illuminate/Http/Middleware/ValidatePathEncoding.php(26): Illuminate/Pipeline/Pipeline->Illuminate/Pipeline/{closure}(Object(Illuminate/Http/Request))
#74 C:/laragon/www/pos_sahla/vendor/laravel/framework/src/Illuminate/Pipeline/Pipeline.php(219): Illuminate/Http/Middleware/ValidatePathEncoding->handle(Object(Illuminate/Http/Request), Object(Closure))
#75 C:/laragon/www/pos_sahla/vendor/laravel/framework/src/Illuminate/Pipeline/Pipeline.php(137): Illuminate/Pipeline/Pipeline->Illuminate/Pipeline/{closure}(Object(Illuminate/Http/Request))
#76 C:/laragon/www/pos_sahla/vendor/laravel/framework/src/Illuminate/Foundation/Http/Kernel.php(175): Illuminate/Pipeline/Pipeline->then(Object(Closure))
#77 C:/laragon/www/pos_sahla/vendor/laravel/framework/src/Illuminate/Foundation/Http/Kernel.php(144): Illuminate/Foundation/Http/Kernel->sendRequestThroughRouter(Object(Illuminate/Http/Request))
#78 C:/laragon/www/pos_sahla/vendor/laravel/framework/src/Illuminate/Foundation/Application.php(1220): Illuminate/Foundation/Http/Kernel->handle(Object(Illuminate/Http/Request))
#79 C:/laragon/www/pos_sahla/public/index.php(20): Illuminate/Foundation/Application->handleRequest(Object(Illuminate/Http/Request))
#80 C:/laragon/www/pos_sahla/vendor/laravel/framework/src/Illuminate/Foundation/resources/server.php(23): require_once('C://laragon//www//...')
#81 {main}
"} 
[2026-08-12 05:00:51] local.ERROR: Uncaught ReflectionException: Class "App\Policies\ProdukPolicy" does not exist in Command line code:1
Stack trace:
#0 Command line code(1): ReflectionClass->__construct('App\\Policies\\Pr...')
#1 [internal function]: {closure}('App\\Policies\\Pr...', 'App\\Models\\Prod...')
#2 Command line code(1): array_map(Object(Closure), Array, Array)
#3 {main}
  thrown {"exception":"[object] (Symfony\\Component\\ErrorHandler\\Error\\FatalError(code: 0): Uncaught ReflectionException: Class \"App\\Policies\\ProdukPolicy\" does not exist in Command line code:1
Stack trace:
#0 Command line code(1): ReflectionClass->__construct('App\\\\Policies\\\\Pr...')
#1 [internal function]: {closure}('App\\\\Policies\\\\Pr...', 'App\\\\Models\\\\Prod...')
#2 Command line code(1): array_map(Object(Closure), Array, Array)
#3 {main}
  thrown at Command line code:1)
[stacktrace]
#0 {main}
"} 
[2026-08-12 05:01:51] local.ERROR: Uncaught ReflectionException: Class "App\Policies\ProdukPolicy" does not exist in Command line code:1
Stack trace:
#0 Command line code(1): ReflectionClass->__construct('App\\Policies\\Pr...')
#1 [internal function]: {closure}('App\\Policies\\Pr...', 'App\\Models\\Prod...')
#2 Command line code(1): array_map(Object(Closure), Array, Array)
#3 {main}
  thrown {"exception":"[object] (Symfony\\Component\\ErrorHandler\\Error\\FatalError(code: 0): Uncaught ReflectionException: Class \"App\\Policies\\ProdukPolicy\" does not exist in Command line code:1
Stack trace:
#0 Command line code(1): ReflectionClass->__construct('App\\\\Policies\\\\Pr...')
#1 [internal function]: {closure}('App\\\\Policies\\\\Pr...', 'App\\\\Models\\\\Prod...')
#2 Command line code(1): array_map(Object(Closure), Array, Array)
#3 {main}
  thrown at Command line code:1)
[stacktrace]
#0 {main}
"} 
[2026-08-12 05:02:51] local.ERROR: Uncaught ReflectionException: Class "App\Policies\ProdukPolicy" does not exist in Command line code:1
Stack trace:
#0 Command line code(1): ReflectionClass->__construct('App\\Policies\\Pr...')
#1 [internal function]: {closure}('App\\Policies\\Pr...', 'App\\Models\\Prod...')
#2 Command line code(1): array_map(Object(Closure), Array, Array)
#3 {main}
  thrown {"exception":"[object] (Symfony\\Component\\ErrorHandler\\Error\\FatalError(code: 0): Uncaught ReflectionException: Class \"App\\Policies\\ProdukPolicy\" does not exist in Command line code:1
Stack trace:
#0 Command line code(1): ReflectionClass->__construct('App\\\\Policies\\\\Pr...')
#1 [internal function]: {closure}('App\\\\Policies\\\\Pr...', 'App\\\\Models\\\\Prod...')
#2 Command line code(1): array_map(Object(Closure), Array, Array)
#3 {main}
  thrown at Command line code:1)
[stacktrace]
#0 {main}
"} 
[2026-08-12 05:03:35] local.ERROR: SQLSTATE[42S22]: Column not found: 1054 Unknown column 'deskripsi' in 'field list' (Connection: mysql, Host: 127.0.0.1, Port: 3306, Database: pos_sahlamanda, SQL: insert into `jenis` (`nama_jenis`, `deskripsi`, `updated_at`, `created_at`) values (mknana, gfbh nj, 2026-08-12 05:03:35, 2026-08-12 05:03:35)) {"userId":2,"exception":"[object] (Illuminate\\Database\\QueryException(code: 42S22): SQLSTATE[42S22]: Column not found: 1054 Unknown column 'deskripsi' in 'field list' (Connection: mysql, Host: 127.0.0.1, Port: 3306, Database: pos_sahlamanda, SQL: insert into `jenis` (`nama_jenis`, `deskripsi`, `updated_at`, `created_at`) values (mknana, gfbh nj, 2026-08-12 05:03:35, 2026-08-12 05:03:35)) at C:/laragon/www/pos_sahla/vendor/laravel/framework/src/Illuminate/Database/Connection.php:838)
[stacktrace]
#0 C:/laragon/www/pos_sahla/vendor/laravel/framework/src/Illuminate/Database/Connection.php(794): Illuminate/Database/Connection->runQueryCallback('insert into `je...', Array, Object(Closure))
#1 C:/laragon/www/pos_sahla/vendor/laravel/framework/src/Illuminate/Database/MySqlConnection.php(42): Illuminate/Database/Connection->run('insert into `je...', Array, Object(Closure))
#2 C:/laragon/www/pos_sahla/vendor/laravel/framework/src/Illuminate/Database/Query/Processors/MySqlProcessor.php(35): Illuminate/Database/MySqlConnection->insert('insert into `je...', Array, 'id')
#3 C:/laragon/www/pos_sahla/vendor/laravel/framework/src/Illuminate/Database/Query/Builder.php(4170): Illuminate/Database/Query/Processors/MySqlProcessor->processInsertGetId(Object(Illuminate/Database/Query/Builder), 'insert into `je...', Array, 'id')
#4 C:/laragon/www/pos_sahla/vendor/laravel/framework/src/Illuminate/Database/Eloquent/Builder.php(2237): Illuminate/Database/Query/Builder->insertGetId(Array, 'id')
#5 C:/laragon/www/pos_sahla/vendor/laravel/framework/src/Illuminate/Database/Eloquent/Model.php(1436): Illuminate/Database/Eloquent/Builder->__call('insertGetId', Array)
#6 C:/laragon/www/pos_sahla/vendor/laravel/framework/src/Illuminate/Database/Eloquent/Model.php(1401): Illuminate/Database/Eloquent/Model->insertAndSetId(Object(Illuminate/Database/Eloquent/Builder), Array)
#7 C:/laragon/www/pos_sahla/vendor/laravel/framework/src/Illuminate/Database/Eloquent/Model.php(1240): Illuminate/Database/Eloquent/Model->performInsert(Object(Illuminate/Database/Eloquent/Builder))
#8 C:/laragon/www/pos_sahla/vendor/laravel/framework/src/Illuminate/Database/Eloquent/Builder.php(1219): Illuminate/Database/Eloquent/Model->save()
#9 C:/laragon/www/pos_sahla/vendor/laravel/framework/src/Illuminate/Support/helpers.php(393): Illuminate/Database/Eloquent/Builder->Illuminate/Database/Eloquent/{closure}(Object(App/Models/Jenis))
#10 C:/laragon/www/pos_sahla/vendor/laravel/framework/src/Illuminate/Database/Eloquent/Builder.php(1218): tap(Object(App/Models/Jenis), Object(Closure))
#11 C:/laragon/www/pos_sahla/vendor/laravel/framework/src/Illuminate/Support/Traits/ForwardsCalls.php(23): Illuminate/Database/Eloquent/Builder->create(Array)
#12 C:/laragon/www/pos_sahla/vendor/laravel/framework/src/Illuminate/Database/Eloquent/Model.php(2540): Illuminate/Database/Eloquent/Model->forwardCallTo(Object(Illuminate/Database/Eloquent/Builder), 'create', Array)
#13 C:/laragon/www/pos_sahla/vendor/laravel/framework/src/Illuminate/Database/Eloquent/Model.php(2556): Illuminate/Database/Eloquent/Model->__call('create', Array)
#14 C:/laragon/www/pos_sahla/app/Http/Controllers/JenisController.php(35): Illuminate/Database/Eloquent/Model::__callStatic('create', Array)
#15 C:/laragon/www/pos_sahla/vendor/laravel/framework/src/Illuminate/Routing/Controller.php(54): App/Http/Controllers/JenisController->store(Object(App/Http/Requests/Jenis/StoreRequest))
#16 C:/laragon/www/pos_sahla/vendor/laravel/framework/src/Illuminate/Routing/ControllerDispatcher.php(43): Illuminate/Routing/Controller->callAction('store', Array)
#17 C:/laragon/www/pos_sahla/vendor/laravel/framework/src/Illuminate/Routing/Route.php(265): Illuminate/Routing/ControllerDispatcher->dispatch(Object(Illuminate/Routing/Route), Object(App/Http/Controllers/JenisController), 'store')
#18 C:/laragon/www/pos_sahla/vendor/laravel/framework/src/Illuminate/Routing/Route.php(211): Illuminate/Routing/Route->runController()
#19 C:/laragon/www/pos_sahla/vendor/laravel/framework/src/Illuminate/Routing/Router.php(822): Illuminate/Routing/Route->run()
#20 C:/laragon/www/pos_sahla/vendor/laravel/framework/src/Illuminate/Pipeline/Pipeline.php(180): Illuminate/Routing/Router->Illuminate/Routing/{closure}(Object(Illuminate/Http/Request))
#21 C:/laragon/www/pos_sahla/app/Http/Middleware/RoleMiddleware.php(32): Illuminate/Pipeline/Pipeline->Illuminate/Pipeline/{closure}(Object(Illuminate/Http/Request))
#22 C:/laragon/www/pos_sahla/vendor/laravel/framework/src/Illuminate/Pipeline/Pipeline.php(219): App/Http/Middleware/RoleMiddleware->handle(Object(Illuminate/Http/Request), Object(Closure), 'admin', 'kasir')
#23 C:/laragon/www/pos_sahla/vendor/laravel/framework/src/Illuminate/Routing/Middleware/SubstituteBindings.php(50): Illuminate/Pipeline/Pipeline->Illuminate/Pipeline/{closure}(Object(Illuminate/Http/Request))
#24 C:/laragon/www/pos_sahla/vendor/laravel/framework/src/Illuminate/Pipeline/Pipeline.php(219): Illuminate/Routing/Middleware/SubstituteBindings->handle(Object(Illuminate/Http/Request), Object(Closure))
#25 C:/laragon/www/pos_sahla/vendor/laravel/framework/src/Illuminate/Auth/Middleware/Authenticate.php(63): Illuminate/Pipeline/Pipeline->Illuminate/Pipeline/{closure}(Object(Illuminate/Http/Request))
#26 C:/laragon/www/pos_sahla/vendor/laravel/framework/src/Illuminate/Pipeline/Pipeline.php(219): Illuminate/Auth/Middleware/Authenticate->handle(Object(Illuminate/Http/Request), Object(Closure))
#27 C:/laragon/www/pos_sahla/vendor/laravel/framework/src/Illuminate/Foundation/Http/Middleware/VerifyCsrfToken.php(87): Illuminate/Pipeline/Pipeline->Illuminate/Pipeline/{closure}(Object(Illuminate/Http/Request))
#28 C:/laragon/www/pos_sahla/vendor/laravel/framework/src/Illuminate/Pipeline/Pipeline.php(219): Illuminate/Foundation/Http/Middleware/VerifyCsrfToken->handle(Object(Illuminate/Http/Request), Object(Closure))
#29 C:/laragon/www/pos_sahla/vendor/laravel/framework/src/Illuminate/View/Middleware/ShareErrorsFromSession.php(48): Illuminate/Pipeline/Pipeline->Illuminate/Pipeline/{closure}(Object(Illuminate/Http/Request))
#30 C:/laragon/www/pos_sahla/vendor/laravel/framework/src/Illuminate/Pipeline/Pipeline.php(219): Illuminate/View/Middleware/ShareErrorsFromSession->handle(Object(Illuminate/Http/Request), Object(Closure))
#31 C:/laragon/www/pos_sahla/vendor/laravel/framework/src/Illuminate/Session/Middleware/StartSession.php(120): Illuminate/Pipeline/Pipeline->Illuminate/Pipeline/{closure}(Object(Illuminate/Http/Request))
#32 C:/laragon/www/pos_sahla/vendor/laravel/framework/src/Illuminate/Session/Middleware/StartSession.php(63): Illuminate/Session/Middleware/StartSession->handleStatefulRequest(Object(Illuminate/Http/Request), Object(Illuminate/Session/Store), Object(Closure))
#33 C:/laragon/www/pos_sahla/vendor/laravel/framework/src/Illuminate/Pipeline/Pipeline.php(219): Illuminate/Session/Middleware/StartSession->handle(Object(Illuminate/Http/Request), Object(Closure))
#34 C:/laragon/www/pos_sahla/vendor/laravel/framework/src/Illuminate/Cookie/Middleware/AddQueuedCookiesToResponse.php(36): Illuminate/Pipeline/Pipeline->Illuminate/Pipeline/{closure}(Object(Illuminate/Http/Request))
#35 C:/laragon/www/pos_sahla/vendor/laravel/framework/src/Illuminate/Pipeline/Pipeline.php(219): Illuminate/Cookie/Middleware/AddQueuedCookiesToResponse->handle(Object(Illuminate/Http/Request), Object(Closure))
#36 C:/laragon/www/pos_sahla/vendor/laravel/framework/src/Illuminate/Cookie/Middleware/EncryptCookies.php(74): Illuminate/Pipeline/Pipeline->Illuminate/Pipeline/{closure}(Object(Illuminate/Http/Request))
#37 C:/laragon/www/pos_sahla/vendor/laravel/framework/src/Illuminate/Pipeline/Pipeline.php(219): Illuminate/Cookie/Middleware/EncryptCookies->handle(Object(Illuminate/Http/Request), Object(Closure))
#38 C:/laragon/www/pos_sahla/vendor/laravel/framework/src/Illuminate/Pipeline/Pipeline.php(137): Illuminate/Pipeline/Pipeline->Illuminate/Pipeline/{closure}(Object(Illuminate/Http/Request))
#39 C:/laragon/www/pos_sahla/vendor/laravel/framework/src/Illuminate/Routing/Router.php(821): Illuminate/Pipeline/Pipeline->then(Object(Closure))
#40 C:/laragon/www/pos_sahla/vendor/laravel/framework/src/Illuminate/Routing/Router.php(800): Illuminate/Routing/Router->runRouteWithinStack(Object(Illuminate/Routing/Route), Object(Illuminate/Http/Request))
#41 C:/laragon/www/pos_sahla/vendor/laravel/framework/src/Illuminate/Routing/Router.php(764): Illuminate/Routing/Router->runRoute(Object(Illuminate/Http/Request), Object(Illuminate/Routing/Route))
#42 C:/laragon/www/pos_sahla/vendor/laravel/framework/src/Illuminate/Routing/Router.php(753): Illuminate/Routing/Router->dispatchToRoute(Object(Illuminate/Http/Request))
#43 C:/laragon/www/pos_sahla/vendor/laravel/framework/src/Illuminate/Foundation/Http/Kernel.php(200): Illuminate/Routing/Router->dispatch(Object(Illuminate/Http/Request))
#44 C:/laragon/www/pos_sahla/vendor/laravel/framework/src/Illuminate/Pipeline/Pipeline.php(180): Illuminate/Foundation/Http/Kernel->Illuminate/Foundation/Http/{closure}(Object(Illuminate/Http/Request))
#45 C:/laragon/www/pos_sahla/vendor/laravel/framework/src/Illuminate/Foundation/Http/Middleware/TransformsRequest.php(21): Illuminate/Pipeline/Pipeline->Illuminate/Pipeline/{closure}(Object(Illuminate/Http/Request))
#46 C:/laragon/www/pos_sahla/vendor/laravel/framework/src/Illuminate/Foundation/Http/Middleware/ConvertEmptyStringsToNull.php(31): Illuminate/Foundation/Http/Middleware/TransformsRequest->handle(Object(Illuminate/Http/Request), Object(Closure))
#47 C:/laragon/www/pos_sahla/vendor/laravel/framework/src/Illuminate/Pipeline/Pipeline.php(219): Illuminate/Foundation/Http/Middleware/ConvertEmptyStringsToNull->handle(Object(Illuminate/Http/Request), Object(Closure))
#48 C:/laragon/www/pos_sahla/vendor/laravel/framework/src/Illuminate/Foundation/Http/Middleware/TransformsRequest.php(21): Illuminate/Pipeline/Pipeline->Illuminate/Pipeline/{closure}(Object(Illuminate/Http/Request))
#49 C:/laragon/www/pos_sahla/vendor/laravel/framework/src/Illuminate/Foundation/Http/Middleware/TrimStrings.php(51): Illuminate/Foundation/Http/Middleware/TransformsRequest->handle(Object(Illuminate/Http/Request), Object(Closure))
#50 C:/laragon/www/pos_sahla/vendor/laravel/framework/src/Illuminate/Pipeline/Pipeline.php(219): Illuminate/Foundation/Http/Middleware/TrimStrings->handle(Object(Illuminate/Http/Request), Object(Closure))
#51 C:/laragon/www/pos_sahla/vendor/laravel/framework/src/Illuminate/Http/Middleware/ValidatePostSize.php(27): Illuminate/Pipeline/Pipeline->Illuminate/Pipeline/{closure}(Object(Illuminate/Http/Request))
#52 C:/laragon/www/pos_sahla/vendor/laravel/framework/src/Illuminate/Pipeline/Pipeline.php(219): Illuminate/Http/Middleware/ValidatePostSize->handle(Object(Illuminate/Http/Request), Object(Closure))
#53 C:/laragon/www/pos_sahla/vendor/laravel/framework/src/Illuminate/Foundation/Http/Middleware/PreventRequestsDuringMaintenance.php(109): Illuminate/Pipeline/Pipeline->Illuminate/Pipeline/{closure}(Object(Illuminate/Http/Request))
#54 C:/laragon/www/pos_sahla/vendor/laravel/framework/src/Illuminate/Pipeline/Pipeline.php(219): Illuminate/Foundation/Http/Middleware/PreventRequestsDuringMaintenance->handle(Object(Illuminate/Http/Request), Object(Closure))
#55 C:/laragon/www/pos_sahla/vendor/laravel/framework/src/Illuminate/Http/Middleware/HandleCors.php(61): Illuminate/Pipeline/Pipeline->Illuminate/Pipeline/{closure}(Object(Illuminate/Http/Request))
#56 C:/laragon/www/pos_sahla/vendor/laravel/framework/src/Illuminate/Pipeline/Pipeline.php(219): Illuminate/Http/Middleware/HandleCors->handle(Object(Illuminate/Http/Request), Object(Closure))
#57 C:/laragon/www/pos_sahla/vendor/laravel/framework/src/Illuminate/Http/Middleware/TrustProxies.php(58): Illuminate/Pipeline/Pipeline->Illuminate/Pipeline/{closure}(Object(Illuminate/Http/Request))
#58 C:/laragon/www/pos_sahla/vendor/laravel/framework/src/Illuminate/Pipeline/Pipeline.php(219): Illuminate/Http/Middleware/TrustProxies->handle(Object(Illuminate/Http/Request), Object(Closure))
#59 C:/laragon/www/pos_sahla/vendor/laravel/framework/src/Illuminate/Foundation/Http/Middleware/InvokeDeferredCallbacks.php(22): Illuminate/Pipeline/Pipeline->Illuminate/Pipeline/{closure}(Object(Illuminate/Http/Request))
#60 C:/laragon/www/pos_sahla/vendor/laravel/framework/src/Illuminate/Pipeline/Pipeline.php(219): Illuminate/Foundation/Http/Middleware/InvokeDeferredCallbacks->handle(Object(Illuminate/Http/Request), Object(Closure))
#61 C:/laragon/www/pos_sahla/vendor/laravel/framework/src/Illuminate/Http/Middleware/ValidatePathEncoding.php(26): Illuminate/Pipeline/Pipeline->Illuminate/Pipeline/{closure}(Object(Illuminate/Http/Request))
#62 C:/laragon/www/pos_sahla/vendor/laravel/framework/src/Illuminate/Pipeline/Pipeline.php(219): Illuminate/Http/Middleware/ValidatePathEncoding->handle(Object(Illuminate/Http/Request), Object(Closure))
#63 C:/laragon/www/pos_sahla/vendor/laravel/framework/src/Illuminate/Pipeline/Pipeline.php(137): Illuminate/Pipeline/Pipeline->Illuminate/Pipeline/{closure}(Object(Illuminate/Http/Request))
#64 C:/laragon/www/pos_sahla/vendor/laravel/framework/src/Illuminate/Foundation/Http/Kernel.php(175): Illuminate/Pipeline/Pipeline->then(Object(Closure))
#65 C:/laragon/www/pos_sahla/vendor/laravel/framework/src/Illuminate/Foundation/Http/Kernel.php(144): Illuminate/Foundation/Http/Kernel->sendRequestThroughRouter(Object(Illuminate/Http/Request))
#66 C:/laragon/www/pos_sahla/vendor/laravel/framework/src/Illuminate/Foundation/Application.php(1220): Illuminate/Foundation/Http/Kernel->handle(Object(Illuminate/Http/Request))
#67 C:/laragon/www/pos_sahla/public/index.php(20): Illuminate/Foundation/Application->handleRequest(Object(Illuminate/Http/Request))
#68 C:/laragon/www/pos_sahla/vendor/laravel/framework/src/Illuminate/Foundation/resources/server.php(23): require_once('C://laragon//www//...')
#69 {main}

[previous exception] [object] (PDOException(code: 42S22): SQLSTATE[42S22]: Column not found: 1054 Unknown column 'deskripsi' in 'field list' at C:/laragon/www/pos_sahla/vendor/laravel/framework/src/Illuminate/Database/MySqlConnection.php:47)
[stacktrace]
#0 C:/laragon/www/pos_sahla/vendor/laravel/framework/src/Illuminate/Database/MySqlConnection.php(47): PDO->prepare('insert into `je...')
#1 C:/laragon/www/pos_sahla/vendor/laravel/framework/src/Illuminate/Database/Connection.php(827): Illuminate/Database/MySqlConnection->Illuminate/Database/{closure}('insert into `je...', Array)
#2 C:/laragon/www/pos_sahla/vendor/laravel/framework/src/Illuminate/Database/Connection.php(794): Illuminate/Database/Connection->runQueryCallback('insert into `je...', Array, Object(Closure))
#3 C:/laragon/www/pos_sahla/vendor/laravel/framework/src/Illuminate/Database/MySqlConnection.php(42): Illuminate/Database/Connection->run('insert into `je...', Array, Object(Closure))
#4 C:/laragon/www/pos_sahla/vendor/laravel/framework/src/Illuminate/Database/Query/Processors/MySqlProcessor.php(35): Illuminate/Database/MySqlConnection->insert('insert into `je...', Array, 'id')
#5 C:/laragon/www/pos_sahla/vendor/laravel/framework/src/Illuminate/Database/Query/Builder.php(4170): Illuminate/Database/Query/Processors/MySqlProcessor->processInsertGetId(Object(Illuminate/Database/Query/Builder), 'insert into `je...', Array, 'id')
#6 C:/laragon/www/pos_sahla/vendor/laravel/framework/src/Illuminate/Database/Eloquent/Builder.php(2237): Illuminate/Database/Query/Builder->insertGetId(Array, 'id')
#7 C:/laragon/www/pos_sahla/vendor/laravel/framework/src/Illuminate/Database/Eloquent/Model.php(1436): Illuminate/Database/Eloquent/Builder->__call('insertGetId', Array)
#8 C:/laragon/www/pos_sahla/vendor/laravel/framework/src/Illuminate/Database/Eloquent/Model.php(1401): Illuminate/Database/Eloquent/Model->insertAndSetId(Object(Illuminate/Database/Eloquent/Builder), Array)
#9 C:/laragon/www/pos_sahla/vendor/laravel/framework/src/Illuminate/Database/Eloquent/Model.php(1240): Illuminate/Database/Eloquent/Model->performInsert(Object(Illuminate/Database/Eloquent/Builder))
#10 C:/laragon/www/pos_sahla/vendor/laravel/framework/src/Illuminate/Database/Eloquent/Builder.php(1219): Illuminate/Database/Eloquent/Model->save()
#11 C:/laragon/www/pos_sahla/vendor/laravel/framework/src/Illuminate/Support/helpers.php(393): Illuminate/Database/Eloquent/Builder->Illuminate/Database/Eloquent/{closure}(Object(App/Models/Jenis))
#12 C:/laragon/www/pos_sahla/vendor/laravel/framework/src/Illuminate/Database/Eloquent/Builder.php(1218): tap(Object(App/Models/Jenis), Object(Closure))
#13 C:/laragon/www/pos_sahla/vendor/laravel/framework/src/Illuminate/Support/Traits/ForwardsCalls.php(23): Illuminate/Database/Eloquent/Builder->create(Array)
#14 C:/laragon/www/pos_sahla/vendor/laravel/framework/src/Illuminate/Database/Eloquent/Model.php(2540): Illuminate/Database/Eloquent/Model->forwardCallTo(Object(Illuminate/Database/Eloquent/Builder), 'create', Array)
#15 C:/laragon/www/pos_sahla/vendor/laravel/framework/src/Illuminate/Database/Eloquent/Model.php(2556): Illuminate/Database/Eloquent/Model->__call('create', Array)
#16 C:/laragon/www/pos_sahla/app/Http/Controllers/JenisController.php(35): Illuminate/Database/Eloquent/Model::__callStatic('create', Array)
#17 C:/laragon/www/pos_sahla/vendor/laravel/framework/src/Illuminate/Routing/Controller.php(54): App/Http/Controllers/JenisController->store(Object(App/Http/Requests/Jenis/StoreRequest))
#18 C:/laragon/www/pos_sahla/vendor/laravel/framework/src/Illuminate/Routing/ControllerDispatcher.php(43): Illuminate/Routing/Controller->callAction('store', Array)
#19 C:/laragon/www/pos_sahla/vendor/laravel/framework/src/Illuminate/Routing/Route.php(265): Illuminate/Routing/ControllerDispatcher->dispatch(Object(Illuminate/Routing/Route), Object(App/Http/Controllers/JenisController), 'store')
#20 C:/laragon/www/pos_sahla/vendor/laravel/framework/src/Illuminate/Routing/Route.php(211): Illuminate/Routing/Route->runController()
#21 C:/laragon/www/pos_sahla/vendor/laravel/framework/src/Illuminate/Routing/Router.php(822): Illuminate/Routing/Route->run()
#22 C:/laragon/www/pos_sahla/vendor/laravel/framework/src/Illuminate/Pipeline/Pipeline.php(180): Illuminate/Routing/Router->Illuminate/Routing/{closure}(Object(Illuminate/Http/Request))
#23 C:/laragon/www/pos_sahla/app/Http/Middleware/RoleMiddleware.php(32): Illuminate/Pipeline/Pipeline->Illuminate/Pipeline/{closure}(Object(Illuminate/Http/Request))
#24 C:/laragon/www/pos_sahla/vendor/laravel/framework/src/Illuminate/Pipeline/Pipeline.php(219): App/Http/Middleware/RoleMiddleware->handle(Object(Illuminate/Http/Request), Object(Closure), 'admin', 'kasir')
#25 C:/laragon/www/pos_sahla/vendor/laravel/framework/src/Illuminate/Routing/Middleware/SubstituteBindings.php(50): Illuminate/Pipeline/Pipeline->Illuminate/Pipeline/{closure}(Object(Illuminate/Http/Request))
#26 C:/laragon/www/pos_sahla/vendor/laravel/framework/src/Illuminate/Pipeline/Pipeline.php(219): Illuminate/Routing/Middleware/SubstituteBindings->handle(Object(Illuminate/Http/Request), Object(Closure))
#27 C:/laragon/www/pos_sahla/vendor/laravel/framework/src/Illuminate/Auth/Middleware/Authenticate.php(63): Illuminate/Pipeline/Pipeline->Illuminate/Pipeline/{closure}(Object(Illuminate/Http/Request))
#28 C:/laragon/www/pos_sahla/vendor/laravel/framework/src/Illuminate/Pipeline/Pipeline.php(219): Illuminate/Auth/Middleware/Authenticate->handle(Object(Illuminate/Http/Request), Object(Closure))
#29 C:/laragon/www/pos_sahla/vendor/laravel/framework/src/Illuminate/Foundation/Http/Middleware/VerifyCsrfToken.php(87): Illuminate/Pipeline/Pipeline->Illuminate/Pipeline/{closure}(Object(Illuminate/Http/Request))
#30 C:/laragon/www/pos_sahla/vendor/laravel/framework/src/Illuminate/Pipeline/Pipeline.php(219): Illuminate/Foundation/Http/Middleware/VerifyCsrfToken->handle(Object(Illuminate/Http/Request), Object(Closure))
#31 C:/laragon/www/pos_sahla/vendor/laravel/framework/src/Illuminate/View/Middleware/ShareErrorsFromSession.php(48): Illuminate/Pipeline/Pipeline->Illuminate/Pipeline/{closure}(Object(Illuminate/Http/Request))
#32 C:/laragon/www/pos_sahla/vendor/laravel/framework/src/Illuminate/Pipeline/Pipeline.php(219): Illuminate/View/Middleware/ShareErrorsFromSession->handle(Object(Illuminate/Http/Request), Object(Closure))
#33 C:/laragon/www/pos_sahla/vendor/laravel/framework/src/Illuminate/Session/Middleware/StartSession.php(120): Illuminate/Pipeline/Pipeline->Illuminate/Pipeline/{closure}(Object(Illuminate/Http/Request))
#34 C:/laragon/www/pos_sahla/vendor/laravel/framework/src/Illuminate/Session/Middleware/StartSession.php(63): Illuminate/Session/Middleware/StartSession->handleStatefulRequest(Object(Illuminate/Http/Request), Object(Illuminate/Session/Store), Object(Closure))
#35 C:/laragon/www/pos_sahla/vendor/laravel/framework/src/Illuminate/Pipeline/Pipeline.php(219): Illuminate/Session/Middleware/StartSession->handle(Object(Illuminate/Http/Request), Object(Closure))
#36 C:/laragon/www/pos_sahla/vendor/laravel/framework/src/Illuminate/Cookie/Middleware/AddQueuedCookiesToResponse.php(36): Illuminate/Pipeline/Pipeline->Illuminate/Pipeline/{closure}(Object(Illuminate/Http/Request))
#37 C:/laragon/www/pos_sahla/vendor/laravel/framework/src/Illuminate/Pipeline/Pipeline.php(219): Illuminate/Cookie/Middleware/AddQueuedCookiesToResponse->handle(Object(Illuminate/Http/Request), Object(Closure))
#38 C:/laragon/www/pos_sahla/vendor/laravel/framework/src/Illuminate/Cookie/Middleware/EncryptCookies.php(74): Illuminate/Pipeline/Pipeline->Illuminate/Pipeline/{closure}(Object(Illuminate/Http/Request))
#39 C:/laragon/www/pos_sahla/vendor/laravel/framework/src/Illuminate/Pipeline/Pipeline.php(219): Illuminate/Cookie/Middleware/EncryptCookies->handle(Object(Illuminate/Http/Request), Object(Closure))
#40 C:/laragon/www/pos_sahla/vendor/laravel/framework/src/Illuminate/Pipeline/Pipeline.php(137): Illuminate/Pipeline/Pipeline->Illuminate/Pipeline/{closure}(Object(Illuminate/Http/Request))
#41 C:/laragon/www/pos_sahla/vendor/laravel/framework/src/Illuminate/Routing/Router.php(821): Illuminate/Pipeline/Pipeline->then(Object(Closure))
#42 C:/laragon/www/pos_sahla/vendor/laravel/framework/src/Illuminate/Routing/Router.php(800): Illuminate/Routing/Router->runRouteWithinStack(Object(Illuminate/Routing/Route), Object(Illuminate/Http/Request))
#43 C:/laragon/www/pos_sahla/vendor/laravel/framework/src/Illuminate/Routing/Router.php(764): Illuminate/Routing/Router->runRoute(Object(Illuminate/Http/Request), Object(Illuminate/Routing/Route))
#44 C:/laragon/www/pos_sahla/vendor/laravel/framework/src/Illuminate/Routing/Router.php(753): Illuminate/Routing/Router->dispatchToRoute(Object(Illuminate/Http/Request))
#45 C:/laragon/www/pos_sahla/vendor/laravel/framework/src/Illuminate/Foundation/Http/Kernel.php(200): Illuminate/Routing/Router->dispatch(Object(Illuminate/Http/Request))
#46 C:/laragon/www/pos_sahla/vendor/laravel/framework/src/Illuminate/Pipeline/Pipeline.php(180): Illuminate/Foundation/Http/Kernel->Illuminate/Foundation/Http/{closure}(Object(Illuminate/Http/Request))
#47 C:/laragon/www/pos_sahla/vendor/laravel/framework/src/Illuminate/Foundation/Http/Middleware/TransformsRequest.php(21): Illuminate/Pipeline/Pipeline->Illuminate/Pipeline/{closure}(Object(Illuminate/Http/Request))
#48 C:/laragon/www/pos_sahla/vendor/laravel/framework/src/Illuminate/Foundation/Http/Middleware/ConvertEmptyStringsToNull.php(31): Illuminate/Foundation/Http/Middleware/TransformsRequest->handle(Object(Illuminate/Http/Request), Object(Closure))
#49 C:/laragon/www/pos_sahla/vendor/laravel/framework/src/Illuminate/Pipeline/Pipeline.php(219): Illuminate/Foundation/Http/Middleware/ConvertEmptyStringsToNull->handle(Object(Illuminate/Http/Request), Object(Closure))
#50 C:/laragon/www/pos_sahla/vendor/laravel/framework/src/Illuminate/Foundation/Http/Middleware/TransformsRequest.php(21): Illuminate/Pipeline/Pipeline->Illuminate/Pipeline/{closure}(Object(Illuminate/Http/Request))
#51 C:/laragon/www/pos_sahla/vendor/laravel/framework/src/Illuminate/Foundation/Http/Middleware/TrimStrings.php(51): Illuminate/Foundation/Http/Middleware/TransformsRequest->handle(Object(Illuminate/Http/Request), Object(Closure))
#52 C:/laragon/www/pos_sahla/vendor/laravel/framework/src/Illuminate/Pipeline/Pipeline.php(219): Illuminate/Foundation/Http/Middleware/TrimStrings->handle(Object(Illuminate/Http/Request), Object(Closure))
#53 C:/laragon/www/pos_sahla/vendor/laravel/framework/src/Illuminate/Http/Middleware/ValidatePostSize.php(27): Illuminate/Pipeline/Pipeline->Illuminate/Pipeline/{closure}(Object(Illuminate/Http/Request))
#54 C:/laragon/www/pos_sahla/vendor/laravel/framework/src/Illuminate/Pipeline/Pipeline.php(219): Illuminate/Http/Middleware/ValidatePostSize->handle(Object(Illuminate/Http/Request), Object(Closure))
#55 C:/laragon/www/pos_sahla/vendor/laravel/framework/src/Illuminate/Foundation/Http/Middleware/PreventRequestsDuringMaintenance.php(109): Illuminate/Pipeline/Pipeline->Illuminate/Pipeline/{closure}(Object(Illuminate/Http/Request))
#56 C:/laragon/www/pos_sahla/vendor/laravel/framework/src/Illuminate/Pipeline/Pipeline.php(219): Illuminate/Foundation/Http/Middleware/PreventRequestsDuringMaintenance->handle(Object(Illuminate/Http/Request), Object(Closure))
#57 C:/laragon/www/pos_sahla/vendor/laravel/framework/src/Illuminate/Http/Middleware/HandleCors.php(61): Illuminate/Pipeline/Pipeline->Illuminate/Pipeline/{closure}(Object(Illuminate/Http/Request))
#58 C:/laragon/www/pos_sahla/vendor/laravel/framework/src/Illuminate/Pipeline/Pipeline.php(219): Illuminate/Http/Middleware/HandleCors->handle(Object(Illuminate/Http/Request), Object(Closure))
#59 C:/laragon/www/pos_sahla/vendor/laravel/framework/src/Illuminate/Http/Middleware/TrustProxies.php(58): Illuminate/Pipeline/Pipeline->Illuminate/Pipeline/{closure}(Object(Illuminate/Http/Request))
#60 C:/laragon/www/pos_sahla/vendor/laravel/framework/src/Illuminate/Pipeline/Pipeline.php(219): Illuminate/Http/Middleware/TrustProxies->handle(Object(Illuminate/Http/Request), Object(Closure))
#61 C:/laragon/www/pos_sahla/vendor/laravel/framework/src/Illuminate/Foundation/Http/Middleware/InvokeDeferredCallbacks.php(22): Illuminate/Pipeline/Pipeline->Illuminate/Pipeline/{closure}(Object(Illuminate/Http/Request))
#62 C:/laragon/www/pos_sahla/vendor/laravel/framework/src/Illuminate/Pipeline/Pipeline.php(219): Illuminate/Foundation/Http/Middleware/InvokeDeferredCallbacks->handle(Object(Illuminate/Http/Request), Object(Closure))
#63 C:/laragon/www/pos_sahla/vendor/laravel/framework/src/Illuminate/Http/Middleware/ValidatePathEncoding.php(26): Illuminate/Pipeline/Pipeline->Illuminate/Pipeline/{closure}(Object(Illuminate/Http/Request))
#64 C:/laragon/www/pos_sahla/vendor/laravel/framework/src/Illuminate/Pipeline/Pipeline.php(219): Illuminate/Http/Middleware/ValidatePathEncoding->handle(Object(Illuminate/Http/Request), Object(Closure))
#65 C:/laragon/www/pos_sahla/vendor/laravel/framework/src/Illuminate/Pipeline/Pipeline.php(137): Illuminate/Pipeline/Pipeline->Illuminate/Pipeline/{closure}(Object(Illuminate/Http/Request))
#66 C:/laragon/www/pos_sahla/vendor/laravel/framework/src/Illuminate/Foundation/Http/Kernel.php(175): Illuminate/Pipeline/Pipeline->then(Object(Closure))
#67 C:/laragon/www/pos_sahla/vendor/laravel/framework/src/Illuminate/Foundation/Http/Kernel.php(144): Illuminate/Foundation/Http/Kernel->sendRequestThroughRouter(Object(Illuminate/Http/Request))
#68 C:/laragon/www/pos_sahla/vendor/laravel/framework/src/Illuminate/Foundation/Application.php(1220): Illuminate/Foundation/Http/Kernel->handle(Object(Illuminate/Http/Request))
#69 C:/laragon/www/pos_sahla/public/index.php(20): Illuminate/Foundation/Application->handleRequest(Object(Illuminate/Http/Request))
#70 C:/laragon/www/pos_sahla/vendor/laravel/framework/src/Illuminate/Foundation/resources/server.php(23): require_once('C://laragon//www//...')
#71 {main}
"} 
[2026-08-12 05:03:51] local.ERROR: Uncaught ReflectionException: Class "App\Policies\ProdukPolicy" does not exist in Command line code:1
Stack trace:
#0 Command line code(1): ReflectionClass->__construct('App\\Policies\\Pr...')
#1 [internal function]: {closure}('App\\Policies\\Pr...', 'App\\Models\\Prod...')
#2 Command line code(1): array_map(Object(Closure), Array, Array)
#3 {main}
  thrown {"exception":"[object] (Symfony\\Component\\ErrorHandler\\Error\\FatalError(code: 0): Uncaught ReflectionException: Class \"App\\Policies\\ProdukPolicy\" does not exist in Command line code:1
Stack trace:
#0 Command line code(1): ReflectionClass->__construct('App\\\\Policies\\\\Pr...')
#1 [internal function]: {closure}('App\\\\Policies\\\\Pr...', 'App\\\\Models\\\\Prod...')
#2 Command line code(1): array_map(Object(Closure), Array, Array)
#3 {main}
  thrown at Command line code:1)
[stacktrace]
#0 {main}
"} 
[2026-08-12 05:04:51] local.ERROR: Uncaught ReflectionException: Class "App\Policies\ProdukPolicy" does not exist in Command line code:1
Stack trace:
#0 Command line code(1): ReflectionClass->__construct('App\\Policies\\Pr...')
#1 [internal function]: {closure}('App\\Policies\\Pr...', 'App\\Models\\Prod...')
#2 Command line code(1): array_map(Object(Closure), Array, Array)
#3 {main}
  thrown {"exception":"[object] (Symfony\\Component\\ErrorHandler\\Error\\FatalError(code: 0): Uncaught ReflectionException: Class \"App\\Policies\\ProdukPolicy\" does not exist in Command line code:1
Stack trace:
#0 Command line code(1): ReflectionClass->__construct('App\\\\Policies\\\\Pr...')
#1 [internal function]: {closure}('App\\\\Policies\\\\Pr...', 'App\\\\Models\\\\Prod...')
#2 Command line code(1): array_map(Object(Closure), Array, Array)
#3 {main}
  thrown at Command line code:1)
[stacktrace]
#0 {main}
"} 
[2026-08-12 05:05:01] local.ERROR: Missing required parameter for [Route: admin.jenis.update] [URI: admin/jenis/{jeni}] [Missing parameter: jeni]. (View: C:\laragon\www\pos_sahla\resources\views\Jenis\edit.blade.php) {"userId":2,"exception":"[object] (Illuminate\\View\\ViewException(code: 0): Missing required parameter for [Route: admin.jenis.update] [URI: admin/jenis/{jeni}] [Missing parameter: jeni]. (View: C:\\laragon\\www\\pos_sahla\\resources\\views\\Jenis\\edit.blade.php) at C:/laragon/www/pos_sahla/vendor/laravel/framework/src/Illuminate/Routing/Exceptions/UrlGenerationException.php:35)
[stacktrace]
#0 C:/laragon/www/pos_sahla/vendor/laravel/framework/src/Illuminate/View/Engines/PhpEngine.php(59): Illuminate/View/Engines/CompilerEngine->handleViewException(Object(Illuminate/Routing/Exceptions/UrlGenerationException), 1)
#1 C:/laragon/www/pos_sahla/vendor/laravel/framework/src/Illuminate/View/Engines/CompilerEngine.php(76): Illuminate/View/Engines/PhpEngine->evaluatePath('C://laragon//www//...', Array)
#2 C:/laragon/www/pos_sahla/vendor/laravel/framework/src/Illuminate/View/View.php(208): Illuminate/View/Engines/CompilerEngine->get('C://laragon//www//...', Array)
#3 C:/laragon/www/pos_sahla/vendor/laravel/framework/src/Illuminate/View/View.php(191): Illuminate/View/View->getContents()
#4 C:/laragon/www/pos_sahla/vendor/laravel/framework/src/Illuminate/View/View.php(160): Illuminate/View/View->renderContents()
#5 C:/laragon/www/pos_sahla/vendor/laravel/framework/src/Illuminate/Http/Response.php(78): Illuminate/View/View->render()
#6 C:/laragon/www/pos_sahla/vendor/laravel/framework/src/Illuminate/Http/Response.php(34): Illuminate/Http/Response->setContent(Object(Illuminate/View/View))
#7 C:/laragon/www/pos_sahla/vendor/laravel/framework/src/Illuminate/Routing/Router.php(939): Illuminate/Http/Response->__construct(Object(Illuminate/View/View), 200, Array)
#8 C:/laragon/www/pos_sahla/vendor/laravel/framework/src/Illuminate/Routing/Router.php(906): Illuminate/Routing/Router::toResponse(Object(Illuminate/Http/Request), Object(Illuminate/View/View))
#9 C:/laragon/www/pos_sahla/vendor/laravel/framework/src/Illuminate/Routing/Router.php(821): Illuminate/Routing/Router->prepareResponse(Object(Illuminate/Http/Request), Object(Illuminate/View/View))
#10 C:/laragon/www/pos_sahla/vendor/laravel/framework/src/Illuminate/Pipeline/Pipeline.php(180): Illuminate/Routing/Router->Illuminate/Routing/{closure}(Object(Illuminate/Http/Request))
#11 C:/laragon/www/pos_sahla/app/Http/Middleware/RoleMiddleware.php(32): Illuminate/Pipeline/Pipeline->Illuminate/Pipeline/{closure}(Object(Illuminate/Http/Request))
#12 C:/laragon/www/pos_sahla/vendor/laravel/framework/src/Illuminate/Pipeline/Pipeline.php(219): App/Http/Middleware/RoleMiddleware->handle(Object(Illuminate/Http/Request), Object(Closure), 'admin', 'kasir')
#13 C:/laragon/www/pos_sahla/vendor/laravel/framework/src/Illuminate/Routing/Middleware/SubstituteBindings.php(50): Illuminate/Pipeline/Pipeline->Illuminate/Pipeline/{closure}(Object(Illuminate/Http/Request))
#14 C:/laragon/www/pos_sahla/vendor/laravel/framework/src/Illuminate/Pipeline/Pipeline.php(219): Illuminate/Routing/Middleware/SubstituteBindings->handle(Object(Illuminate/Http/Request), Object(Closure))
#15 C:/laragon/www/pos_sahla/vendor/laravel/framework/src/Illuminate/Auth/Middleware/Authenticate.php(63): Illuminate/Pipeline/Pipeline->Illuminate/Pipeline/{closure}(Object(Illuminate/Http/Request))
#16 C:/laragon/www/pos_sahla/vendor/laravel/framework/src/Illuminate/Pipeline/Pipeline.php(219): Illuminate/Auth/Middleware/Authenticate->handle(Object(Illuminate/Http/Request), Object(Closure))
#17 C:/laragon/www/pos_sahla/vendor/laravel/framework/src/Illuminate/Foundation/Http/Middleware/VerifyCsrfToken.php(87): Illuminate/Pipeline/Pipeline->Illuminate/Pipeline/{closure}(Object(Illuminate/Http/Request))
#18 C:/laragon/www/pos_sahla/vendor/laravel/framework/src/Illuminate/Pipeline/Pipeline.php(219): Illuminate/Foundation/Http/Middleware/VerifyCsrfToken->handle(Object(Illuminate/Http/Request), Object(Closure))
#19 C:/laragon/www/pos_sahla/vendor/laravel/framework/src/Illuminate/View/Middleware/ShareErrorsFromSession.php(48): Illuminate/Pipeline/Pipeline->Illuminate/Pipeline/{closure}(Object(Illuminate/Http/Request))
#20 C:/laragon/www/pos_sahla/vendor/laravel/framework/src/Illuminate/Pipeline/Pipeline.php(219): Illuminate/View/Middleware/ShareErrorsFromSession->handle(Object(Illuminate/Http/Request), Object(Closure))
#21 C:/laragon/www/pos_sahla/vendor/laravel/framework/src/Illuminate/Session/Middleware/StartSession.php(120): Illuminate/Pipeline/Pipeline->Illuminate/Pipeline/{closure}(Object(Illuminate/Http/Request))
#22 C:/laragon/www/pos_sahla/vendor/laravel/framework/src/Illuminate/Session/Middleware/StartSession.php(63): Illuminate/Session/Middleware/StartSession->handleStatefulRequest(Object(Illuminate/Http/Request), Object(Illuminate/Session/Store), Object(Closure))
#23 C:/laragon/www/pos_sahla/vendor/laravel/framework/src/Illuminate/Pipeline/Pipeline.php(219): Illuminate/Session/Middleware/StartSession->handle(Object(Illuminate/Http/Request), Object(Closure))
#24 C:/laragon/www/pos_sahla/vendor/laravel/framework/src/Illuminate/Cookie/Middleware/AddQueuedCookiesToResponse.php(36): Illuminate/Pipeline/Pipeline->Illuminate/Pipeline/{closure}(Object(Illuminate/Http/Request))
#25 C:/laragon/www/pos_sahla/vendor/laravel/framework/src/Illuminate/Pipeline/Pipeline.php(219): Illuminate/Cookie/Middleware/AddQueuedCookiesToResponse->handle(Object(Illuminate/Http/Request), Object(Closure))
#26 C:/laragon/www/pos_sahla/vendor/laravel/framework/src/Illuminate/Cookie/Middleware/EncryptCookies.php(74): Illuminate/Pipeline/Pipeline->Illuminate/Pipeline/{closure}(Object(Illuminate/Http/Request))
#27 C:/laragon/www/pos_sahla/vendor/laravel/framework/src/Illuminate/Pipeline/Pipeline.php(219): Illuminate/Cookie/Middleware/EncryptCookies->handle(Object(Illuminate/Http/Request), Object(Closure))
#28 C:/laragon/www/pos_sahla/vendor/laravel/framework/src/Illuminate/Pipeline/Pipeline.php(137): Illuminate/Pipeline/Pipeline->Illuminate/Pipeline/{closure}(Object(Illuminate/Http/Request))
#29 C:/laragon/www/pos_sahla/vendor/laravel/framework/src/Illuminate/Routing/Router.php(821): Illuminate/Pipeline/Pipeline->then(Object(Closure))
#30 C:/laragon/www/pos_sahla/vendor/laravel/framework/src/Illuminate/Routing/Router.php(800): Illuminate/Routing/Router->runRouteWithinStack(Object(Illuminate/Routing/Route), Object(Illuminate/Http/Request))
#31 C:/laragon/www/pos_sahla/vendor/laravel/framework/src/Illuminate/Routing/Router.php(764): Illuminate/Routing/Router->runRoute(Object(Illuminate/Http/Request), Object(Illuminate/Routing/Route))
#32 C:/laragon/www/pos_sahla/vendor/laravel/framework/src/Illuminate/Routing/Router.php(753): Illuminate/Routing/Router->dispatchToRoute(Object(Illuminate/Http/Request))
#33 C:/laragon/www/pos_sahla/vendor/laravel/framework/src/Illuminate/Foundation/Http/Kernel.php(200): Illuminate/Routing/Router->dispatch(Object(Illuminate/Http/Request))
#34 C:/laragon/www/pos_sahla/vendor/laravel/framework/src/Illuminate/Pipeline/Pipeline.php(180): Illuminate/Foundation/Http/Kernel->Illuminate/Foundation/Http/{closure}(Object(Illuminate/Http/Request))
#35 C:/laragon/www/pos_sahla/vendor/laravel/framework/src/Illuminate/Foundation/Http/Middleware/TransformsRequest.php(21): Illuminate/Pipeline/Pipeline->Illuminate/Pipeline/{closure}(Object(Illuminate/Http/Request))
#36 C:/laragon/www/pos_sahla/vendor/laravel/framework/src/Illuminate/Foundation/Http/Middleware/ConvertEmptyStringsToNull.php(31): Illuminate/Foundation/Http/Middleware/TransformsRequest->handle(Object(Illuminate/Http/Request), Object(Closure))
#37 C:/laragon/www/pos_sahla/vendor/laravel/framework/src/Illuminate/Pipeline/Pipeline.php(219): Illuminate/Foundation/Http/Middleware/ConvertEmptyStringsToNull->handle(Object(Illuminate/Http/Request), Object(Closure))
#38 C:/laragon/www/pos_sahla/vendor/laravel/framework/src/Illuminate/Foundation/Http/Middleware/TransformsRequest.php(21): Illuminate/Pipeline/Pipeline->Illuminate/Pipeline/{closure}(Object(Illuminate/Http/Request))
#39 C:/laragon/www/pos_sahla/vendor/laravel/framework/src/Illuminate/Foundation/Http/Middleware/TrimStrings.php(51): Illuminate/Foundation/Http/Middleware/TransformsRequest->handle(Object(Illuminate/Http/Request), Object(Closure))
#40 C:/laragon/www/pos_sahla/vendor/laravel/framework/src/Illuminate/Pipeline/Pipeline.php(219): Illuminate/Foundation/Http/Middleware/TrimStrings->handle(Object(Illuminate/Http/Request), Object(Closure))
#41 C:/laragon/www/pos_sahla/vendor/laravel/framework/src/Illuminate/Http/Middleware/ValidatePostSize.php(27): Illuminate/Pipeline/Pipeline->Illuminate/Pipeline/{closure}(Object(Illuminate/Http/Request))
#42 C:/laragon/www/pos_sahla/vendor/laravel/framework/src/Illuminate/Pipeline/Pipeline.php(219): Illuminate/Http/Middleware/ValidatePostSize->handle(Object(Illuminate/Http/Request), Object(Closure))
#43 C:/laragon/www/pos_sahla/vendor/laravel/framework/src/Illuminate/Foundation/Http/Middleware/PreventRequestsDuringMaintenance.php(109): Illuminate/Pipeline/Pipeline->Illuminate/Pipeline/{closure}(Object(Illuminate/Http/Request))
#44 C:/laragon/www/pos_sahla/vendor/laravel/framework/src/Illuminate/Pipeline/Pipeline.php(219): Illuminate/Foundation/Http/Middleware/PreventRequestsDuringMaintenance->handle(Object(Illuminate/Http/Request), Object(Closure))
#45 C:/laragon/www/pos_sahla/vendor/laravel/framework/src/Illuminate/Http/Middleware/HandleCors.php(61): Illuminate/Pipeline/Pipeline->Illuminate/Pipeline/{closure}(Object(Illuminate/Http/Request))
#46 C:/laragon/www/pos_sahla/vendor/laravel/framework/src/Illuminate/Pipeline/Pipeline.php(219): Illuminate/Http/Middleware/HandleCors->handle(Object(Illuminate/Http/Request), Object(Closure))
#47 C:/laragon/www/pos_sahla/vendor/laravel/framework/src/Illuminate/Http/Middleware/TrustProxies.php(58): Illuminate/Pipeline/Pipeline->Illuminate/Pipeline/{closure}(Object(Illuminate/Http/Request))
#48 C:/laragon/www/pos_sahla/vendor/laravel/framework/src/Illuminate/Pipeline/Pipeline.php(219): Illuminate/Http/Middleware/TrustProxies->handle(Object(Illuminate/Http/Request), Object(Closure))
#49 C:/laragon/www/pos_sahla/vendor/laravel/framework/src/Illuminate/Foundation/Http/Middleware/InvokeDeferredCallbacks.php(22): Illuminate/Pipeline/Pipeline->Illuminate/Pipeline/{closure}(Object(Illuminate/Http/Request))
#50 C:/laragon/www/pos_sahla/vendor/laravel/framework/src/Illuminate/Pipeline/Pipeline.php(219): Illuminate/Foundation/Http/Middleware/InvokeDeferredCallbacks->handle(Object(Illuminate/Http/Request), Object(Closure))
#51 C:/laragon/www/pos_sahla/vendor/laravel/framework/src/Illuminate/Http/Middleware/ValidatePathEncoding.php(26): Illuminate/Pipeline/Pipeline->Illuminate/Pipeline/{closure}(Object(Illuminate/Http/Request))
#52 C:/laragon/www/pos_sahla/vendor/laravel/framework/src/Illuminate/Pipeline/Pipeline.php(219): Illuminate/Http/Middleware/ValidatePathEncoding->handle(Object(Illuminate/Http/Request), Object(Closure))
#53 C:/laragon/www/pos_sahla/vendor/laravel/framework/src/Illuminate/Pipeline/Pipeline.php(137): Illuminate/Pipeline/Pipeline->Illuminate/Pipeline/{closure}(Object(Illuminate/Http/Request))
#54 C:/laragon/www/pos_sahla/vendor/laravel/framework/src/Illuminate/Foundation/Http/Kernel.php(175): Illuminate/Pipeline/Pipeline->then(Object(Closure))
#55 C:/laragon/www/pos_sahla/vendor/laravel/framework/src/Illuminate/Foundation/Http/Kernel.php(144): Illuminate/Foundation/Http/Kernel->sendRequestThroughRouter(Object(Illuminate/Http/Request))
#56 C:/laragon/www/pos_sahla/vendor/laravel/framework/src/Illuminate/Foundation/Application.php(1220): Illuminate/Foundation/Http/Kernel->handle(Object(Illuminate/Http/Request))
#57 C:/laragon/www/pos_sahla/public/index.php(20): Illuminate/Foundation/Application->handleRequest(Object(Illuminate/Http/Request))
#58 C:/laragon/www/pos_sahla/vendor/laravel/framework/src/Illuminate/Foundation/resources/server.php(23): require_once('C://laragon//www//...')
#59 {main}

[previous exception] [object] (Illuminate\\Routing\\Exceptions\\UrlGenerationException(code: 0): Missing required parameter for [Route: admin.jenis.update] [URI: admin/jenis/{jeni}] [Missing parameter: jeni]. at C:/laragon/www/pos_sahla/vendor/laravel/framework/src/Illuminate/Routing/Exceptions/UrlGenerationException.php:35)
[stacktrace]
#0 C:/laragon/www/pos_sahla/vendor/laravel/framework/src/Illuminate/Routing/RouteUrlGenerator.php(94): Illuminate/Routing/Exceptions/UrlGenerationException::forMissingParameters(Object(Illuminate/Routing/Route), Array)
#1 C:/laragon/www/pos_sahla/vendor/laravel/framework/src/Illuminate/Routing/UrlGenerator.php(543): Illuminate/Routing/RouteUrlGenerator->to(Object(Illuminate/Routing/Route), Array, true)
#2 C:/laragon/www/pos_sahla/vendor/laravel/framework/src/Illuminate/Routing/UrlGenerator.php(520): Illuminate/Routing/UrlGenerator->toRoute(Object(Illuminate/Routing/Route), NULL, true)
#3 C:/laragon/www/pos_sahla/vendor/laravel/framework/src/Illuminate/Foundation/helpers.php(870): Illuminate/Routing/UrlGenerator->route('admin.jenis.upd...', NULL, true)
#4 C:/laragon/www/pos_sahla/storage/framework/views/65646e916e3083312719759c22f39364.php(63): route('admin.jenis.upd...', NULL)
#5 C:/laragon/www/pos_sahla/vendor/laravel/framework/src/Illuminate/Filesystem/Filesystem.php(123): require('C://laragon//www//...')
#6 C:/laragon/www/pos_sahla/vendor/laravel/framework/src/Illuminate/Filesystem/Filesystem.php(124): Illuminate/Filesystem/Filesystem::Illuminate/Filesystem/{closure}()
#7 C:/laragon/www/pos_sahla/vendor/laravel/framework/src/Illuminate/View/Engines/PhpEngine.php(57): Illuminate/Filesystem/Filesystem->getRequire('C://laragon//www//...', Array)
#8 C:/laragon/www/pos_sahla/vendor/laravel/framework/src/Illuminate/View/Engines/CompilerEngine.php(76): Illuminate/View/Engines/PhpEngine->evaluatePath('C://laragon//www//...', Array)
#9 C:/laragon/www/pos_sahla/vendor/laravel/framework/src/Illuminate/View/View.php(208): Illuminate/View/Engines/CompilerEngine->get('C://laragon//www//...', Array)
#10 C:/laragon/www/pos_sahla/vendor/laravel/framework/src/Illuminate/View/View.php(191): Illuminate/View/View->getContents()
#11 C:/laragon/www/pos_sahla/vendor/laravel/framework/src/Illuminate/View/View.php(160): Illuminate/View/View->renderContents()
#12 C:/laragon/www/pos_sahla/vendor/laravel/framework/src/Illuminate/Http/Response.php(78): Illuminate/View/View->render()
#13 C:/laragon/www/pos_sahla/vendor/laravel/framework/src/Illuminate/Http/Response.php(34): Illuminate/Http/Response->setContent(Object(Illuminate/View/View))
#14 C:/laragon/www/pos_sahla/vendor/laravel/framework/src/Illuminate/Routing/Router.php(939): Illuminate/Http/Response->__construct(Object(Illuminate/View/View), 200, Array)
#15 C:/laragon/www/pos_sahla/vendor/laravel/framework/src/Illuminate/Routing/Router.php(906): Illuminate/Routing/Router::toResponse(Object(Illuminate/Http/Request), Object(Illuminate/View/View))
#16 C:/laragon/www/pos_sahla/vendor/laravel/framework/src/Illuminate/Routing/Router.php(821): Illuminate/Routing/Router->prepareResponse(Object(Illuminate/Http/Request), Object(Illuminate/View/View))
#17 C:/laragon/www/pos_sahla/vendor/laravel/framework/src/Illuminate/Pipeline/Pipeline.php(180): Illuminate/Routing/Router->Illuminate/Routing/{closure}(Object(Illuminate/Http/Request))
#18 C:/laragon/www/pos_sahla/app/Http/Middleware/RoleMiddleware.php(32): Illuminate/Pipeline/Pipeline->Illuminate/Pipeline/{closure}(Object(Illuminate/Http/Request))
#19 C:/laragon/www/pos_sahla/vendor/laravel/framework/src/Illuminate/Pipeline/Pipeline.php(219): App/Http/Middleware/RoleMiddleware->handle(Object(Illuminate/Http/Request), Object(Closure), 'admin', 'kasir')
#20 C:/laragon/www/pos_sahla/vendor/laravel/framework/src/Illuminate/Routing/Middleware/SubstituteBindings.php(50): Illuminate/Pipeline/Pipeline->Illuminate/Pipeline/{closure}(Object(Illuminate/Http/Request))
#21 C:/laragon/www/pos_sahla/vendor/laravel/framework/src/Illuminate/Pipeline/Pipeline.php(219): Illuminate/Routing/Middleware/SubstituteBindings->handle(Object(Illuminate/Http/Request), Object(Closure))
#22 C:/laragon/www/pos_sahla/vendor/laravel/framework/src/Illuminate/Auth/Middleware/Authenticate.php(63): Illuminate/Pipeline/Pipeline->Illuminate/Pipeline/{closure}(Object(Illuminate/Http/Request))
#23 C:/laragon/www/pos_sahla/vendor/laravel/framework/src/Illuminate/Pipeline/Pipeline.php(219): Illuminate/Auth/Middleware/Authenticate->handle(Object(Illuminate/Http/Request), Object(Closure))
#24 C:/laragon/www/pos_sahla/vendor/laravel/framework/src/Illuminate/Foundation/Http/Middleware/VerifyCsrfToken.php(87): Illuminate/Pipeline/Pipeline->Illuminate/Pipeline/{closure}(Object(Illuminate/Http/Request))
#25 C:/laragon/www/pos_sahla/vendor/laravel/framework/src/Illuminate/Pipeline/Pipeline.php(219): Illuminate/Foundation/Http/Middleware/VerifyCsrfToken->handle(Object(Illuminate/Http/Request), Object(Closure))
#26 C:/laragon/www/pos_sahla/vendor/laravel/framework/src/Illuminate/View/Middleware/ShareErrorsFromSession.php(48): Illuminate/Pipeline/Pipeline->Illuminate/Pipeline/{closure}(Object(Illuminate/Http/Request))
#27 C:/laragon/www/pos_sahla/vendor/laravel/framework/src/Illuminate/Pipeline/Pipeline.php(219): Illuminate/View/Middleware/ShareErrorsFromSession->handle(Object(Illuminate/Http/Request), Object(Closure))
#28 C:/laragon/www/pos_sahla/vendor/laravel/framework/src/Illuminate/Session/Middleware/StartSession.php(120): Illuminate/Pipeline/Pipeline->Illuminate/Pipeline/{closure}(Object(Illuminate/Http/Request))
#29 C:/laragon/www/pos_sahla/vendor/laravel/framework/src/Illuminate/Session/Middleware/StartSession.php(63): Illuminate/Session/Middleware/StartSession->handleStatefulRequest(Object(Illuminate/Http/Request), Object(Illuminate/Session/Store), Object(Closure))
#30 C:/laragon/www/pos_sahla/vendor/laravel/framework/src/Illuminate/Pipeline/Pipeline.php(219): Illuminate/Session/Middleware/StartSession->handle(Object(Illuminate/Http/Request), Object(Closure))
#31 C:/laragon/www/pos_sahla/vendor/laravel/framework/src/Illuminate/Cookie/Middleware/AddQueuedCookiesToResponse.php(36): Illuminate/Pipeline/Pipeline->Illuminate/Pipeline/{closure}(Object(Illuminate/Http/Request))
#32 C:/laragon/www/pos_sahla/vendor/laravel/framework/src/Illuminate/Pipeline/Pipeline.php(219): Illuminate/Cookie/Middleware/AddQueuedCookiesToResponse->handle(Object(Illuminate/Http/Request), Object(Closure))
#33 C:/laragon/www/pos_sahla/vendor/laravel/framework/src/Illuminate/Cookie/Middleware/EncryptCookies.php(74): Illuminate/Pipeline/Pipeline->Illuminate/Pipeline/{closure}(Object(Illuminate/Http/Request))
#34 C:/laragon/www/pos_sahla/vendor/laravel/framework/src/Illuminate/Pipeline/Pipeline.php(219): Illuminate/Cookie/Middleware/EncryptCookies->handle(Object(Illuminate/Http/Request), Object(Closure))
#35 C:/laragon/www/pos_sahla/vendor/laravel/framework/src/Illuminate/Pipeline/Pipeline.php(137): Illuminate/Pipeline/Pipeline->Illuminate/Pipeline/{closure}(Object(Illuminate/Http/Request))
#36 C:/laragon/www/pos_sahla/vendor/laravel/framework/src/Illuminate/Routing/Router.php(821): Illuminate/Pipeline/Pipeline->then(Object(Closure))
#37 C:/laragon/www/pos_sahla/vendor/laravel/framework/src/Illuminate/Routing/Router.php(800): Illuminate/Routing/Router->runRouteWithinStack(Object(Illuminate/Routing/Route), Object(Illuminate/Http/Request))
#38 C:/laragon/www/pos_sahla/vendor/laravel/framework/src/Illuminate/Routing/Router.php(764): Illuminate/Routing/Router->runRoute(Object(Illuminate/Http/Request), Object(Illuminate/Routing/Route))
#39 C:/laragon/www/pos_sahla/vendor/laravel/framework/src/Illuminate/Routing/Router.php(753): Illuminate/Routing/Router->dispatchToRoute(Object(Illuminate/Http/Request))
#40 C:/laragon/www/pos_sahla/vendor/laravel/framework/src/Illuminate/Foundation/Http/Kernel.php(200): Illuminate/Routing/Router->dispatch(Object(Illuminate/Http/Request))
#41 C:/laragon/www/pos_sahla/vendor/laravel/framework/src/Illuminate/Pipeline/Pipeline.php(180): Illuminate/Foundation/Http/Kernel->Illuminate/Foundation/Http/{closure}(Object(Illuminate/Http/Request))
#42 C:/laragon/www/pos_sahla/vendor/laravel/framework/src/Illuminate/Foundation/Http/Middleware/TransformsRequest.php(21): Illuminate/Pipeline/Pipeline->Illuminate/Pipeline/{closure}(Object(Illuminate/Http/Request))
#43 C:/laragon/www/pos_sahla/vendor/laravel/framework/src/Illuminate/Foundation/Http/Middleware/ConvertEmptyStringsToNull.php(31): Illuminate/Foundation/Http/Middleware/TransformsRequest->handle(Object(Illuminate/Http/Request), Object(Closure))
#44 C:/laragon/www/pos_sahla/vendor/laravel/framework/src/Illuminate/Pipeline/Pipeline.php(219): Illuminate/Foundation/Http/Middleware/ConvertEmptyStringsToNull->handle(Object(Illuminate/Http/Request), Object(Closure))
#45 C:/laragon/www/pos_sahla/vendor/laravel/framework/src/Illuminate/Foundation/Http/Middleware/TransformsRequest.php(21): Illuminate/Pipeline/Pipeline->Illuminate/Pipeline/{closure}(Object(Illuminate/Http/Request))
#46 C:/laragon/www/pos_sahla/vendor/laravel/framework/src/Illuminate/Foundation/Http/Middleware/TrimStrings.php(51): Illuminate/Foundation/Http/Middleware/TransformsRequest->handle(Object(Illuminate/Http/Request), Object(Closure))
#47 C:/laragon/www/pos_sahla/vendor/laravel/framework/src/Illuminate/Pipeline/Pipeline.php(219): Illuminate/Foundation/Http/Middleware/TrimStrings->handle(Object(Illuminate/Http/Request), Object(Closure))
#48 C:/laragon/www/pos_sahla/vendor/laravel/framework/src/Illuminate/Http/Middleware/ValidatePostSize.php(27): Illuminate/Pipeline/Pipeline->Illuminate/Pipeline/{closure}(Object(Illuminate/Http/Request))
#49 C:/laragon/www/pos_sahla/vendor/laravel/framework/src/Illuminate/Pipeline/Pipeline.php(219): Illuminate/Http/Middleware/ValidatePostSize->handle(Object(Illuminate/Http/Request), Object(Closure))
#50 C:/laragon/www/pos_sahla/vendor/laravel/framework/src/Illuminate/Foundation/Http/Middleware/PreventRequestsDuringMaintenance.php(109): Illuminate/Pipeline/Pipeline->Illuminate/Pipeline/{closure}(Object(Illuminate/Http/Request))
#51 C:/laragon/www/pos_sahla/vendor/laravel/framework/src/Illuminate/Pipeline/Pipeline.php(219): Illuminate/Foundation/Http/Middleware/PreventRequestsDuringMaintenance->handle(Object(Illuminate/Http/Request), Object(Closure))
#52 C:/laragon/www/pos_sahla/vendor/laravel/framework/src/Illuminate/Http/Middleware/HandleCors.php(61): Illuminate/Pipeline/Pipeline->Illuminate/Pipeline/{closure}(Object(Illuminate/Http/Request))
#53 C:/laragon/www/pos_sahla/vendor/laravel/framework/src/Illuminate/Pipeline/Pipeline.php(219): Illuminate/Http/Middleware/HandleCors->handle(Object(Illuminate/Http/Request), Object(Closure))
#54 C:/laragon/www/pos_sahla/vendor/laravel/framework/src/Illuminate/Http/Middleware/TrustProxies.php(58): Illuminate/Pipeline/Pipeline->Illuminate/Pipeline/{closure}(Object(Illuminate/Http/Request))
#55 C:/laragon/www/pos_sahla/vendor/laravel/framework/src/Illuminate/Pipeline/Pipeline.php(219): Illuminate/Http/Middleware/TrustProxies->handle(Object(Illuminate/Http/Request), Object(Closure))
#56 C:/laragon/www/pos_sahla/vendor/laravel/framework/src/Illuminate/Foundation/Http/Middleware/InvokeDeferredCallbacks.php(22): Illuminate/Pipeline/Pipeline->Illuminate/Pipeline/{closure}(Object(Illuminate/Http/Request))
#57 C:/laragon/www/pos_sahla/vendor/laravel/framework/src/Illuminate/Pipeline/Pipeline.php(219): Illuminate/Foundation/Http/Middleware/InvokeDeferredCallbacks->handle(Object(Illuminate/Http/Request), Object(Closure))
#58 C:/laragon/www/pos_sahla/vendor/laravel/framework/src/Illuminate/Http/Middleware/ValidatePathEncoding.php(26): Illuminate/Pipeline/Pipeline->Illuminate/Pipeline/{closure}(Object(Illuminate/Http/Request))
#59 C:/laragon/www/pos_sahla/vendor/laravel/framework/src/Illuminate/Pipeline/Pipeline.php(219): Illuminate/Http/Middleware/ValidatePathEncoding->handle(Object(Illuminate/Http/Request), Object(Closure))
#60 C:/laragon/www/pos_sahla/vendor/laravel/framework/src/Illuminate/Pipeline/Pipeline.php(137): Illuminate/Pipeline/Pipeline->Illuminate/Pipeline/{closure}(Object(Illuminate/Http/Request))
#61 C:/laragon/www/pos_sahla/vendor/laravel/framework/src/Illuminate/Foundation/Http/Kernel.php(175): Illuminate/Pipeline/Pipeline->then(Object(Closure))
#62 C:/laragon/www/pos_sahla/vendor/laravel/framework/src/Illuminate/Foundation/Http/Kernel.php(144): Illuminate/Foundation/Http/Kernel->sendRequestThroughRouter(Object(Illuminate/Http/Request))
#63 C:/laragon/www/pos_sahla/vendor/laravel/framework/src/Illuminate/Foundation/Application.php(1220): Illuminate/Foundation/Http/Kernel->handle(Object(Illuminate/Http/Request))
#64 C:/laragon/www/pos_sahla/public/index.php(20): Illuminate/Foundation/Application->handleRequest(Object(Illuminate/Http/Request))
#65 C:/laragon/www/pos_sahla/vendor/laravel/framework/src/Illuminate/Foundation/resources/server.php(23): require_once('C://laragon//www//...')
#66 {main}
"} 
[2026-08-12 05:05:51] local.ERROR: Uncaught ReflectionException: Class "App\Policies\ProdukPolicy" does not exist in Command line code:1
Stack trace:
#0 Command line code(1): ReflectionClass->__construct('App\\Policies\\Pr...')
#1 [internal function]: {closure}('App\\Policies\\Pr...', 'App\\Models\\Prod...')
#2 Command line code(1): array_map(Object(Closure), Array, Array)
#3 {main}
  thrown {"exception":"[object] (Symfony\\Component\\ErrorHandler\\Error\\FatalError(code: 0): Uncaught ReflectionException: Class \"App\\Policies\\ProdukPolicy\" does not exist in Command line code:1
Stack trace:
#0 Command line code(1): ReflectionClass->__construct('App\\\\Policies\\\\Pr...')
#1 [internal function]: {closure}('App\\\\Policies\\\\Pr...', 'App\\\\Models\\\\Prod...')
#2 Command line code(1): array_map(Object(Closure), Array, Array)
#3 {main}
  thrown at Command line code:1)
[stacktrace]
#0 {main}
"} 
[2026-08-12 05:06:51] local.ERROR: Uncaught ReflectionException: Class "App\Policies\ProdukPolicy" does not exist in Command line code:1
Stack trace:
#0 Command line code(1): ReflectionClass->__construct('App\\Policies\\Pr...')
#1 [internal function]: {closure}('App\\Policies\\Pr...', 'App\\Models\\Prod...')
#2 Command line code(1): array_map(Object(Closure), Array, Array)
#3 {main}
  thrown {"exception":"[object] (Symfony\\Component\\ErrorHandler\\Error\\FatalError(code: 0): Uncaught ReflectionException: Class \"App\\Policies\\ProdukPolicy\" does not exist in Command line code:1
Stack trace:
#0 Command line code(1): ReflectionClass->__construct('App\\\\Policies\\\\Pr...')
#1 [internal function]: {closure}('App\\\\Policies\\\\Pr...', 'App\\\\Models\\\\Prod...')
#2 Command line code(1): array_map(Object(Closure), Array, Array)
#3 {main}
  thrown at Command line code:1)
[stacktrace]
#0 {main}
"} 
[2026-08-12 05:07:51] local.ERROR: Uncaught ReflectionException: Class "App\Policies\ProdukPolicy" does not exist in Command line code:1
Stack trace:
#0 Command line code(1): ReflectionClass->__construct('App\\Policies\\Pr...')
#1 [internal function]: {closure}('App\\Policies\\Pr...', 'App\\Models\\Prod...')
#2 Command line code(1): array_map(Object(Closure), Array, Array)
#3 {main}
  thrown {"exception":"[object] (Symfony\\Component\\ErrorHandler\\Error\\FatalError(code: 0): Uncaught ReflectionException: Class \"App\\Policies\\ProdukPolicy\" does not exist in Command line code:1
Stack trace:
#0 Command line code(1): ReflectionClass->__construct('App\\\\Policies\\\\Pr...')
#1 [internal function]: {closure}('App\\\\Policies\\\\Pr...', 'App\\\\Models\\\\Prod...')
#2 Command line code(1): array_map(Object(Closure), Array, Array)
#3 {main}
  thrown at Command line code:1)
[stacktrace]
#0 {main}
"} 
[2026-08-12 05:08:51] local.ERROR: Uncaught ReflectionException: Class "App\Policies\ProdukPolicy" does not exist in Command line code:1
Stack trace:
#0 Command line code(1): ReflectionClass->__construct('App\\Policies\\Pr...')
#1 [internal function]: {closure}('App\\Policies\\Pr...', 'App\\Models\\Prod...')
#2 Command line code(1): array_map(Object(Closure), Array, Array)
#3 {main}
  thrown {"exception":"[object] (Symfony\\Component\\ErrorHandler\\Error\\FatalError(code: 0): Uncaught ReflectionException: Class \"App\\Policies\\ProdukPolicy\" does not exist in Command line code:1
Stack trace:
#0 Command line code(1): ReflectionClass->__construct('App\\\\Policies\\\\Pr...')
#1 [internal function]: {closure}('App\\\\Policies\\\\Pr...', 'App\\\\Models\\\\Prod...')
#2 Command line code(1): array_map(Object(Closure), Array, Array)
#3 {main}
  thrown at Command line code:1)
[stacktrace]
#0 {main}
"} 
[2026-08-12 05:09:51] local.ERROR: Uncaught ReflectionException: Class "App\Policies\ProdukPolicy" does not exist in Command line code:1
Stack trace:
#0 Command line code(1): ReflectionClass->__construct('App\\Policies\\Pr...')
#1 [internal function]: {closure}('App\\Policies\\Pr...', 'App\\Models\\Prod...')
#2 Command line code(1): array_map(Object(Closure), Array, Array)
#3 {main}
  thrown {"exception":"[object] (Symfony\\Component\\ErrorHandler\\Error\\FatalError(code: 0): Uncaught ReflectionException: Class \"App\\Policies\\ProdukPolicy\" does not exist in Command line code:1
Stack trace:
#0 Command line code(1): ReflectionClass->__construct('App\\\\Policies\\\\Pr...')
#1 [internal function]: {closure}('App\\\\Policies\\\\Pr...', 'App\\\\Models\\\\Prod...')
#2 Command line code(1): array_map(Object(Closure), Array, Array)
#3 {main}
  thrown at Command line code:1)
[stacktrace]
#0 {main}
"} 
[2026-08-12 05:10:51] local.ERROR: Uncaught ReflectionException: Class "App\Policies\ProdukPolicy" does not exist in Command line code:1
Stack trace:
#0 Command line code(1): ReflectionClass->__construct('App\\Policies\\Pr...')
#1 [internal function]: {closure}('App\\Policies\\Pr...', 'App\\Models\\Prod...')
#2 Command line code(1): array_map(Object(Closure), Array, Array)
#3 {main}
  thrown {"exception":"[object] (Symfony\\Component\\ErrorHandler\\Error\\FatalError(code: 0): Uncaught ReflectionException: Class \"App\\Policies\\ProdukPolicy\" does not exist in Command line code:1
Stack trace:
#0 Command line code(1): ReflectionClass->__construct('App\\\\Policies\\\\Pr...')
#1 [internal function]: {closure}('App\\\\Policies\\\\Pr...', 'App\\\\Models\\\\Prod...')
#2 Command line code(1): array_map(Object(Closure), Array, Array)
#3 {main}
  thrown at Command line code:1)
[stacktrace]
#0 {main}
"} 
[2026-08-12 05:11:51] local.ERROR: Uncaught ReflectionException: Class "App\Policies\ProdukPolicy" does not exist in Command line code:1
Stack trace:
#0 Command line code(1): ReflectionClass->__construct('App\\Policies\\Pr...')
#1 [internal function]: {closure}('App\\Policies\\Pr...', 'App\\Models\\Prod...')
#2 Command line code(1): array_map(Object(Closure), Array, Array)
#3 {main}
  thrown {"exception":"[object] (Symfony\\Component\\ErrorHandler\\Error\\FatalError(code: 0): Uncaught ReflectionException: Class \"App\\Policies\\ProdukPolicy\" does not exist in Command line code:1
Stack trace:
#0 Command line code(1): ReflectionClass->__construct('App\\\\Policies\\\\Pr...')
#1 [internal function]: {closure}('App\\\\Policies\\\\Pr...', 'App\\\\Models\\\\Prod...')
#2 Command line code(1): array_map(Object(Closure), Array, Array)
#3 {main}
  thrown at Command line code:1)
[stacktrace]
#0 {main}
"} 
[2026-08-12 05:12:51] local.ERROR: Uncaught ReflectionException: Class "App\Policies\ProdukPolicy" does not exist in Command line code:1
Stack trace:
#0 Command line code(1): ReflectionClass->__construct('App\\Policies\\Pr...')
#1 [internal function]: {closure}('App\\Policies\\Pr...', 'App\\Models\\Prod...')
#2 Command line code(1): array_map(Object(Closure), Array, Array)
#3 {main}
  thrown {"exception":"[object] (Symfony\\Component\\ErrorHandler\\Error\\FatalError(code: 0): Uncaught ReflectionException: Class \"App\\Policies\\ProdukPolicy\" does not exist in Command line code:1
Stack trace:
#0 Command line code(1): ReflectionClass->__construct('App\\\\Policies\\\\Pr...')
#1 [internal function]: {closure}('App\\\\Policies\\\\Pr...', 'App\\\\Models\\\\Prod...')
#2 Command line code(1): array_map(Object(Closure), Array, Array)
#3 {main}
  thrown at Command line code:1)
[stacktrace]
#0 {main}
"} 
[2026-08-12 05:13:51] local.ERROR: Uncaught ReflectionException: Class "App\Policies\ProdukPolicy" does not exist in Command line code:1
Stack trace:
#0 Command line code(1): ReflectionClass->__construct('App\\Policies\\Pr...')
#1 [internal function]: {closure}('App\\Policies\\Pr...', 'App\\Models\\Prod...')
#2 Command line code(1): array_map(Object(Closure), Array, Array)
#3 {main}
  thrown {"exception":"[object] (Symfony\\Component\\ErrorHandler\\Error\\FatalError(code: 0): Uncaught ReflectionException: Class \"App\\Policies\\ProdukPolicy\" does not exist in Command line code:1
Stack trace:
#0 Command line code(1): ReflectionClass->__construct('App\\\\Policies\\\\Pr...')
#1 [internal function]: {closure}('App\\\\Policies\\\\Pr...', 'App\\\\Models\\\\Prod...')
#2 Command line code(1): array_map(Object(Closure), Array, Array)
#3 {main}
  thrown at Command line code:1)
[stacktrace]
#0 {main}
"} 
[2026-08-12 05:14:51] local.ERROR: Uncaught ReflectionException: Class "App\Policies\ProdukPolicy" does not exist in Command line code:1
Stack trace:
#0 Command line code(1): ReflectionClass->__construct('App\\Policies\\Pr...')
#1 [internal function]: {closure}('App\\Policies\\Pr...', 'App\\Models\\Prod...')
#2 Command line code(1): array_map(Object(Closure), Array, Array)
#3 {main}
  thrown {"exception":"[object] (Symfony\\Component\\ErrorHandler\\Error\\FatalError(code: 0): Uncaught ReflectionException: Class \"App\\Policies\\ProdukPolicy\" does not exist in Command line code:1
Stack trace:
#0 Command line code(1): ReflectionClass->__construct('App\\\\Policies\\\\Pr...')
#1 [internal function]: {closure}('App\\\\Policies\\\\Pr...', 'App\\\\Models\\\\Prod...')
#2 Command line code(1): array_map(Object(Closure), Array, Array)
#3 {main}
  thrown at Command line code:1)
[stacktrace]
#0 {main}
"} 
[2026-08-12 05:15:51] local.ERROR: Uncaught ReflectionException: Class "App\Policies\ProdukPolicy" does not exist in Command line code:1
Stack trace:
#0 Command line code(1): ReflectionClass->__construct('App\\Policies\\Pr...')
#1 [internal function]: {closure}('App\\Policies\\Pr...', 'App\\Models\\Prod...')
#2 Command line code(1): array_map(Object(Closure), Array, Array)
#3 {main}
  thrown {"exception":"[object] (Symfony\\Component\\ErrorHandler\\Error\\FatalError(code: 0): Uncaught ReflectionException: Class \"App\\Policies\\ProdukPolicy\" does not exist in Command line code:1
Stack trace:
#0 Command line code(1): ReflectionClass->__construct('App\\\\Policies\\\\Pr...')
#1 [internal function]: {closure}('App\\\\Policies\\\\Pr...', 'App\\\\Models\\\\Prod...')
#2 Command line code(1): array_map(Object(Closure), Array, Array)
#3 {main}
  thrown at Command line code:1)
[stacktrace]
#0 {main}
"} 
[2026-08-12 05:16:51] local.ERROR: Uncaught ReflectionException: Class "App\Policies\ProdukPolicy" does not exist in Command line code:1
Stack trace:
#0 Command line code(1): ReflectionClass->__construct('App\\Policies\\Pr...')
#1 [internal function]: {closure}('App\\Policies\\Pr...', 'App\\Models\\Prod...')
#2 Command line code(1): array_map(Object(Closure), Array, Array)
#3 {main}
  thrown {"exception":"[object] (Symfony\\Component\\ErrorHandler\\Error\\FatalError(code: 0): Uncaught ReflectionException: Class \"App\\Policies\\ProdukPolicy\" does not exist in Command line code:1
Stack trace:
#0 Command line code(1): ReflectionClass->__construct('App\\\\Policies\\\\Pr...')
#1 [internal function]: {closure}('App\\\\Policies\\\\Pr...', 'App\\\\Models\\\\Prod...')
#2 Command line code(1): array_map(Object(Closure), Array, Array)
#3 {main}
  thrown at Command line code:1)
[stacktrace]
#0 {main}
"} 
[2026-08-12 05:17:51] local.ERROR: Uncaught ReflectionException: Class "App\Policies\ProdukPolicy" does not exist in Command line code:1
Stack trace:
#0 Command line code(1): ReflectionClass->__construct('App\\Policies\\Pr...')
#1 [internal function]: {closure}('App\\Policies\\Pr...', 'App\\Models\\Prod...')
#2 Command line code(1): array_map(Object(Closure), Array, Array)
#3 {main}
  thrown {"exception":"[object] (Symfony\\Component\\ErrorHandler\\Error\\FatalError(code: 0): Uncaught ReflectionException: Class \"App\\Policies\\ProdukPolicy\" does not exist in Command line code:1
Stack trace:
#0 Command line code(1): ReflectionClass->__construct('App\\\\Policies\\\\Pr...')
#1 [internal function]: {closure}('App\\\\Policies\\\\Pr...', 'App\\\\Models\\\\Prod...')
#2 Command line code(1): array_map(Object(Closure), Array, Array)
#3 {main}
  thrown at Command line code:1)
[stacktrace]
#0 {main}
"} 
[2026-08-12 05:18:51] local.ERROR: Uncaught ReflectionException: Class "App\Policies\ProdukPolicy" does not exist in Command line code:1
Stack trace:
#0 Command line code(1): ReflectionClass->__construct('App\\Policies\\Pr...')
#1 [internal function]: {closure}('App\\Policies\\Pr...', 'App\\Models\\Prod...')
#2 Command line code(1): array_map(Object(Closure), Array, Array)
#3 {main}
  thrown {"exception":"[object] (Symfony\\Component\\ErrorHandler\\Error\\FatalError(code: 0): Uncaught ReflectionException: Class \"App\\Policies\\ProdukPolicy\" does not exist in Command line code:1
Stack trace:
#0 Command line code(1): ReflectionClass->__construct('App\\\\Policies\\\\Pr...')
#1 [internal function]: {closure}('App\\\\Policies\\\\Pr...', 'App\\\\Models\\\\Prod...')
#2 Command line code(1): array_map(Object(Closure), Array, Array)
#3 {main}
  thrown at Command line code:1)
[stacktrace]
#0 {main}
"} 
[2026-08-12 05:19:51] local.ERROR: Uncaught ReflectionException: Class "App\Policies\ProdukPolicy" does not exist in Command line code:1
Stack trace:
#0 Command line code(1): ReflectionClass->__construct('App\\Policies\\Pr...')
#1 [internal function]: {closure}('App\\Policies\\Pr...', 'App\\Models\\Prod...')
#2 Command line code(1): array_map(Object(Closure), Array, Array)
#3 {main}
  thrown {"exception":"[object] (Symfony\\Component\\ErrorHandler\\Error\\FatalError(code: 0): Uncaught ReflectionException: Class \"App\\Policies\\ProdukPolicy\" does not exist in Command line code:1
Stack trace:
#0 Command line code(1): ReflectionClass->__construct('App\\\\Policies\\\\Pr...')
#1 [internal function]: {closure}('App\\\\Policies\\\\Pr...', 'App\\\\Models\\\\Prod...')
#2 Command line code(1): array_map(Object(Closure), Array, Array)
#3 {main}
  thrown at Command line code:1)
[stacktrace]
#0 {main}
"} 
[2026-08-12 05:20:51] local.ERROR: Uncaught ReflectionException: Class "App\Policies\ProdukPolicy" does not exist in Command line code:1
Stack trace:
#0 Command line code(1): ReflectionClass->__construct('App\\Policies\\Pr...')
#1 [internal function]: {closure}('App\\Policies\\Pr...', 'App\\Models\\Prod...')
#2 Command line code(1): array_map(Object(Closure), Array, Array)
#3 {main}
  thrown {"exception":"[object] (Symfony\\Component\\ErrorHandler\\Error\\FatalError(code: 0): Uncaught ReflectionException: Class \"App\\Policies\\ProdukPolicy\" does not exist in Command line code:1
Stack trace:
#0 Command line code(1): ReflectionClass->__construct('App\\\\Policies\\\\Pr...')
#1 [internal function]: {closure}('App\\\\Policies\\\\Pr...', 'App\\\\Models\\\\Prod...')
#2 Command line code(1): array_map(Object(Closure), Array, Array)
#3 {main}
  thrown at Command line code:1)
[stacktrace]
#0 {main}
"} 
[2026-08-12 05:21:51] local.ERROR: Uncaught ReflectionException: Class "App\Policies\ProdukPolicy" does not exist in Command line code:1
Stack trace:
#0 Command line code(1): ReflectionClass->__construct('App\\Policies\\Pr...')
#1 [internal function]: {closure}('App\\Policies\\Pr...', 'App\\Models\\Prod...')
#2 Command line code(1): array_map(Object(Closure), Array, Array)
#3 {main}
  thrown {"exception":"[object] (Symfony\\Component\\ErrorHandler\\Error\\FatalError(code: 0): Uncaught ReflectionException: Class \"App\\Policies\\ProdukPolicy\" does not exist in Command line code:1
Stack trace:
#0 Command line code(1): ReflectionClass->__construct('App\\\\Policies\\\\Pr...')
#1 [internal function]: {closure}('App\\\\Policies\\\\Pr...', 'App\\\\Models\\\\Prod...')
#2 Command line code(1): array_map(Object(Closure), Array, Array)
#3 {main}
  thrown at Command line code:1)
[stacktrace]
#0 {main}
"} 
[2026-08-12 05:22:51] local.ERROR: Uncaught ReflectionException: Class "App\Policies\ProdukPolicy" does not exist in Command line code:1
Stack trace:
#0 Command line code(1): ReflectionClass->__construct('App\\Policies\\Pr...')
#1 [internal function]: {closure}('App\\Policies\\Pr...', 'App\\Models\\Prod...')
#2 Command line code(1): array_map(Object(Closure), Array, Array)
#3 {main}
  thrown {"exception":"[object] (Symfony\\Component\\ErrorHandler\\Error\\FatalError(code: 0): Uncaught ReflectionException: Class \"App\\Policies\\ProdukPolicy\" does not exist in Command line code:1
Stack trace:
#0 Command line code(1): ReflectionClass->__construct('App\\\\Policies\\\\Pr...')
#1 [internal function]: {closure}('App\\\\Policies\\\\Pr...', 'App\\\\Models\\\\Prod...')
#2 Command line code(1): array_map(Object(Closure), Array, Array)
#3 {main}
  thrown at Command line code:1)
[stacktrace]
#0 {main}
"} 
[2026-08-12 05:23:51] local.ERROR: Uncaught ReflectionException: Class "App\Policies\ProdukPolicy" does not exist in Command line code:1
Stack trace:
#0 Command line code(1): ReflectionClass->__construct('App\\Policies\\Pr...')
#1 [internal function]: {closure}('App\\Policies\\Pr...', 'App\\Models\\Prod...')
#2 Command line code(1): array_map(Object(Closure), Array, Array)
#3 {main}
  thrown {"exception":"[object] (Symfony\\Component\\ErrorHandler\\Error\\FatalError(code: 0): Uncaught ReflectionException: Class \"App\\Policies\\ProdukPolicy\" does not exist in Command line code:1
Stack trace:
#0 Command line code(1): ReflectionClass->__construct('App\\\\Policies\\\\Pr...')
#1 [internal function]: {closure}('App\\\\Policies\\\\Pr...', 'App\\\\Models\\\\Prod...')
#2 Command line code(1): array_map(Object(Closure), Array, Array)
#3 {main}
  thrown at Command line code:1)
[stacktrace]
#0 {main}
"} 
[2026-08-12 05:24:51] local.ERROR: Uncaught ReflectionException: Class "App\Policies\ProdukPolicy" does not exist in Command line code:1
Stack trace:
#0 Command line code(1): ReflectionClass->__construct('App\\Policies\\Pr...')
#1 [internal function]: {closure}('App\\Policies\\Pr...', 'App\\Models\\Prod...')
#2 Command line code(1): array_map(Object(Closure), Array, Array)
#3 {main}
  thrown {"exception":"[object] (Symfony\\Component\\ErrorHandler\\Error\\FatalError(code: 0): Uncaught ReflectionException: Class \"App\\Policies\\ProdukPolicy\" does not exist in Command line code:1
Stack trace:
#0 Command line code(1): ReflectionClass->__construct('App\\\\Policies\\\\Pr...')
#1 [internal function]: {closure}('App\\\\Policies\\\\Pr...', 'App\\\\Models\\\\Prod...')
#2 Command line code(1): array_map(Object(Closure), Array, Array)
#3 {main}
  thrown at Command line code:1)
[stacktrace]
#0 {main}
"} 
[2026-08-12 05:25:51] local.ERROR: Uncaught ReflectionException: Class "App\Policies\ProdukPolicy" does not exist in Command line code:1
Stack trace:
#0 Command line code(1): ReflectionClass->__construct('App\\Policies\\Pr...')
#1 [internal function]: {closure}('App\\Policies\\Pr...', 'App\\Models\\Prod...')
#2 Command line code(1): array_map(Object(Closure), Array, Array)
#3 {main}
  thrown {"exception":"[object] (Symfony\\Component\\ErrorHandler\\Error\\FatalError(code: 0): Uncaught ReflectionException: Class \"App\\Policies\\ProdukPolicy\" does not exist in Command line code:1
Stack trace:
#0 Command line code(1): ReflectionClass->__construct('App\\\\Policies\\\\Pr...')
#1 [internal function]: {closure}('App\\\\Policies\\\\Pr...', 'App\\\\Models\\\\Prod...')
#2 Command line code(1): array_map(Object(Closure), Array, Array)
#3 {main}
  thrown at Command line code:1)
[stacktrace]
#0 {main}
"} 
[2026-08-12 05:26:51] local.ERROR: Uncaught ReflectionException: Class "App\Policies\ProdukPolicy" does not exist in Command line code:1
Stack trace:
#0 Command line code(1): ReflectionClass->__construct('App\\Policies\\Pr...')
#1 [internal function]: {closure}('App\\Policies\\Pr...', 'App\\Models\\Prod...')
#2 Command line code(1): array_map(Object(Closure), Array, Array)
#3 {main}
  thrown {"exception":"[object] (Symfony\\Component\\ErrorHandler\\Error\\FatalError(code: 0): Uncaught ReflectionException: Class \"App\\Policies\\ProdukPolicy\" does not exist in Command line code:1
Stack trace:
#0 Command line code(1): ReflectionClass->__construct('App\\\\Policies\\\\Pr...')
#1 [internal function]: {closure}('App\\\\Policies\\\\Pr...', 'App\\\\Models\\\\Prod...')
#2 Command line code(1): array_map(Object(Closure), Array, Array)
#3 {main}
  thrown at Command line code:1)
[stacktrace]
#0 {main}
"} 
[2026-08-12 05:27:51] local.ERROR: Uncaught ReflectionException: Class "App\Policies\ProdukPolicy" does not exist in Command line code:1
Stack trace:
#0 Command line code(1): ReflectionClass->__construct('App\\Policies\\Pr...')
#1 [internal function]: {closure}('App\\Policies\\Pr...', 'App\\Models\\Prod...')
#2 Command line code(1): array_map(Object(Closure), Array, Array)
#3 {main}
  thrown {"exception":"[object] (Symfony\\Component\\ErrorHandler\\Error\\FatalError(code: 0): Uncaught ReflectionException: Class \"App\\Policies\\ProdukPolicy\" does not exist in Command line code:1
Stack trace:
#0 Command line code(1): ReflectionClass->__construct('App\\\\Policies\\\\Pr...')
#1 [internal function]: {closure}('App\\\\Policies\\\\Pr...', 'App\\\\Models\\\\Prod...')
#2 Command line code(1): array_map(Object(Closure), Array, Array)
#3 {main}
  thrown at Command line code:1)
[stacktrace]
#0 {main}
"} 
[2026-08-12 05:28:51] local.ERROR: Uncaught ReflectionException: Class "App\Policies\ProdukPolicy" does not exist in Command line code:1
Stack trace:
#0 Command line code(1): ReflectionClass->__construct('App\\Policies\\Pr...')
#1 [internal function]: {closure}('App\\Policies\\Pr...', 'App\\Models\\Prod...')
#2 Command line code(1): array_map(Object(Closure), Array, Array)
#3 {main}
  thrown {"exception":"[object] (Symfony\\Component\\ErrorHandler\\Error\\FatalError(code: 0): Uncaught ReflectionException: Class \"App\\Policies\\ProdukPolicy\" does not exist in Command line code:1
Stack trace:
#0 Command line code(1): ReflectionClass->__construct('App\\\\Policies\\\\Pr...')
#1 [internal function]: {closure}('App\\\\Policies\\\\Pr...', 'App\\\\Models\\\\Prod...')
#2 Command line code(1): array_map(Object(Closure), Array, Array)
#3 {main}
  thrown at Command line code:1)
[stacktrace]
#0 {main}
"} 
[2026-08-12 05:29:51] local.ERROR: Uncaught ReflectionException: Class "App\Policies\ProdukPolicy" does not exist in Command line code:1
Stack trace:
#0 Command line code(1): ReflectionClass->__construct('App\\Policies\\Pr...')
#1 [internal function]: {closure}('App\\Policies\\Pr...', 'App\\Models\\Prod...')
#2 Command line code(1): array_map(Object(Closure), Array, Array)
#3 {main}
  thrown {"exception":"[object] (Symfony\\Component\\ErrorHandler\\Error\\FatalError(code: 0): Uncaught ReflectionException: Class \"App\\Policies\\ProdukPolicy\" does not exist in Command line code:1
Stack trace:
#0 Command line code(1): ReflectionClass->__construct('App\\\\Policies\\\\Pr...')
#1 [internal function]: {closure}('App\\\\Policies\\\\Pr...', 'App\\\\Models\\\\Prod...')
#2 Command line code(1): array_map(Object(Closure), Array, Array)
#3 {main}
  thrown at Command line code:1)
[stacktrace]
#0 {main}
"} 
[2026-08-12 05:30:51] local.ERROR: Uncaught ReflectionException: Class "App\Policies\ProdukPolicy" does not exist in Command line code:1
Stack trace:
#0 Command line code(1): ReflectionClass->__construct('App\\Policies\\Pr...')
#1 [internal function]: {closure}('App\\Policies\\Pr...', 'App\\Models\\Prod...')
#2 Command line code(1): array_map(Object(Closure), Array, Array)
#3 {main}
  thrown {"exception":"[object] (Symfony\\Component\\ErrorHandler\\Error\\FatalError(code: 0): Uncaught ReflectionException: Class \"App\\Policies\\ProdukPolicy\" does not exist in Command line code:1
Stack trace:
#0 Command line code(1): ReflectionClass->__construct('App\\\\Policies\\\\Pr...')
#1 [internal function]: {closure}('App\\\\Policies\\\\Pr...', 'App\\\\Models\\\\Prod...')
#2 Command line code(1): array_map(Object(Closure), Array, Array)
#3 {main}
  thrown at Command line code:1)
[stacktrace]
#0 {main}
"} 
[2026-08-12 05:31:51] local.ERROR: Uncaught ReflectionException: Class "App\Policies\ProdukPolicy" does not exist in Command line code:1
Stack trace:
#0 Command line code(1): ReflectionClass->__construct('App\\Policies\\Pr...')
#1 [internal function]: {closure}('App\\Policies\\Pr...', 'App\\Models\\Prod...')
#2 Command line code(1): array_map(Object(Closure), Array, Array)
#3 {main}
  thrown {"exception":"[object] (Symfony\\Component\\ErrorHandler\\Error\\FatalError(code: 0): Uncaught ReflectionException: Class \"App\\Policies\\ProdukPolicy\" does not exist in Command line code:1
Stack trace:
#0 Command line code(1): ReflectionClass->__construct('App\\\\Policies\\\\Pr...')
#1 [internal function]: {closure}('App\\\\Policies\\\\Pr...', 'App\\\\Models\\\\Prod...')
#2 Command line code(1): array_map(Object(Closure), Array, Array)
#3 {main}
  thrown at Command line code:1)
[stacktrace]
#0 {main}
"} 
[2026-08-12 05:32:51] local.ERROR: Uncaught ReflectionException: Class "App\Policies\ProdukPolicy" does not exist in Command line code:1
Stack trace:
#0 Command line code(1): ReflectionClass->__construct('App\\Policies\\Pr...')
#1 [internal function]: {closure}('App\\Policies\\Pr...', 'App\\Models\\Prod...')
#2 Command line code(1): array_map(Object(Closure), Array, Array)
#3 {main}
  thrown {"exception":"[object] (Symfony\\Component\\ErrorHandler\\Error\\FatalError(code: 0): Uncaught ReflectionException: Class \"App\\Policies\\ProdukPolicy\" does not exist in Command line code:1
Stack trace:
#0 Command line code(1): ReflectionClass->__construct('App\\\\Policies\\\\Pr...')
#1 [internal function]: {closure}('App\\\\Policies\\\\Pr...', 'App\\\\Models\\\\Prod...')
#2 Command line code(1): array_map(Object(Closure), Array, Array)
#3 {main}
  thrown at Command line code:1)
[stacktrace]
#0 {main}
"} 
[2026-08-12 05:33:51] local.ERROR: Uncaught ReflectionException: Class "App\Policies\ProdukPolicy" does not exist in Command line code:1
Stack trace:
#0 Command line code(1): ReflectionClass->__construct('App\\Policies\\Pr...')
#1 [internal function]: {closure}('App\\Policies\\Pr...', 'App\\Models\\Prod...')
#2 Command line code(1): array_map(Object(Closure), Array, Array)
#3 {main}
  thrown {"exception":"[object] (Symfony\\Component\\ErrorHandler\\Error\\FatalError(code: 0): Uncaught ReflectionException: Class \"App\\Policies\\ProdukPolicy\" does not exist in Command line code:1
Stack trace:
#0 Command line code(1): ReflectionClass->__construct('App\\\\Policies\\\\Pr...')
#1 [internal function]: {closure}('App\\\\Policies\\\\Pr...', 'App\\\\Models\\\\Prod...')
#2 Command line code(1): array_map(Object(Closure), Array, Array)
#3 {main}
  thrown at Command line code:1)
[stacktrace]
#0 {main}
"} 
[2026-08-12 05:34:51] local.ERROR: Uncaught ReflectionException: Class "App\Policies\ProdukPolicy" does not exist in Command line code:1
Stack trace:
#0 Command line code(1): ReflectionClass->__construct('App\\Policies\\Pr...')
#1 [internal function]: {closure}('App\\Policies\\Pr...', 'App\\Models\\Prod...')
#2 Command line code(1): array_map(Object(Closure), Array, Array)
#3 {main}
  thrown {"exception":"[object] (Symfony\\Component\\ErrorHandler\\Error\\FatalError(code: 0): Uncaught ReflectionException: Class \"App\\Policies\\ProdukPolicy\" does not exist in Command line code:1
Stack trace:
#0 Command line code(1): ReflectionClass->__construct('App\\\\Policies\\\\Pr...')
#1 [internal function]: {closure}('App\\\\Policies\\\\Pr...', 'App\\\\Models\\\\Prod...')
#2 Command line code(1): array_map(Object(Closure), Array, Array)
#3 {main}
  thrown at Command line code:1)
[stacktrace]
#0 {main}
"} 
[2026-08-12 05:35:51] local.ERROR: Uncaught ReflectionException: Class "App\Policies\ProdukPolicy" does not exist in Command line code:1
Stack trace:
#0 Command line code(1): ReflectionClass->__construct('App\\Policies\\Pr...')
#1 [internal function]: {closure}('App\\Policies\\Pr...', 'App\\Models\\Prod...')
#2 Command line code(1): array_map(Object(Closure), Array, Array)
#3 {main}
  thrown {"exception":"[object] (Symfony\\Component\\ErrorHandler\\Error\\FatalError(code: 0): Uncaught ReflectionException: Class \"App\\Policies\\ProdukPolicy\" does not exist in Command line code:1
Stack trace:
#0 Command line code(1): ReflectionClass->__construct('App\\\\Policies\\\\Pr...')
#1 [internal function]: {closure}('App\\\\Policies\\\\Pr...', 'App\\\\Models\\\\Prod...')
#2 Command line code(1): array_map(Object(Closure), Array, Array)
#3 {main}
  thrown at Command line code:1)
[stacktrace]
#0 {main}
"} 
[2026-08-12 05:36:51] local.ERROR: Uncaught ReflectionException: Class "App\Policies\ProdukPolicy" does not exist in Command line code:1
Stack trace:
#0 Command line code(1): ReflectionClass->__construct('App\\Policies\\Pr...')
#1 [internal function]: {closure}('App\\Policies\\Pr...', 'App\\Models\\Prod...')
#2 Command line code(1): array_map(Object(Closure), Array, Array)
#3 {main}
  thrown {"exception":"[object] (Symfony\\Component\\ErrorHandler\\Error\\FatalError(code: 0): Uncaught ReflectionException: Class \"App\\Policies\\ProdukPolicy\" does not exist in Command line code:1
Stack trace:
#0 Command line code(1): ReflectionClass->__construct('App\\\\Policies\\\\Pr...')
#1 [internal function]: {closure}('App\\\\Policies\\\\Pr...', 'App\\\\Models\\\\Prod...')
#2 Command line code(1): array_map(Object(Closure), Array, Array)
#3 {main}
  thrown at Command line code:1)
[stacktrace]
#0 {main}
"} 
[2026-08-12 05:37:51] local.ERROR: Uncaught ReflectionException: Class "App\Policies\ProdukPolicy" does not exist in Command line code:1
Stack trace:
#0 Command line code(1): ReflectionClass->__construct('App\\Policies\\Pr...')
#1 [internal function]: {closure}('App\\Policies\\Pr...', 'App\\Models\\Prod...')
#2 Command line code(1): array_map(Object(Closure), Array, Array)
#3 {main}
  thrown {"exception":"[object] (Symfony\\Component\\ErrorHandler\\Error\\FatalError(code: 0): Uncaught ReflectionException: Class \"App\\Policies\\ProdukPolicy\" does not exist in Command line code:1
Stack trace:
#0 Command line code(1): ReflectionClass->__construct('App\\\\Policies\\\\Pr...')
#1 [internal function]: {closure}('App\\\\Policies\\\\Pr...', 'App\\\\Models\\\\Prod...')
#2 Command line code(1): array_map(Object(Closure), Array, Array)
#3 {main}
  thrown at Command line code:1)
[stacktrace]
#0 {main}
"} 
[2026-08-12 05:38:51] local.ERROR: Uncaught ReflectionException: Class "App\Policies\ProdukPolicy" does not exist in Command line code:1
Stack trace:
#0 Command line code(1): ReflectionClass->__construct('App\\Policies\\Pr...')
#1 [internal function]: {closure}('App\\Policies\\Pr...', 'App\\Models\\Prod...')
#2 Command line code(1): array_map(Object(Closure), Array, Array)
#3 {main}
  thrown {"exception":"[object] (Symfony\\Component\\ErrorHandler\\Error\\FatalError(code: 0): Uncaught ReflectionException: Class \"App\\Policies\\ProdukPolicy\" does not exist in Command line code:1
Stack trace:
#0 Command line code(1): ReflectionClass->__construct('App\\\\Policies\\\\Pr...')
#1 [internal function]: {closure}('App\\\\Policies\\\\Pr...', 'App\\\\Models\\\\Prod...')
#2 Command line code(1): array_map(Object(Closure), Array, Array)
#3 {main}
  thrown at Command line code:1)
[stacktrace]
#0 {main}
"} 
[2026-08-12 05:39:51] local.ERROR: Uncaught ReflectionException: Class "App\Policies\ProdukPolicy" does not exist in Command line code:1
Stack trace:
#0 Command line code(1): ReflectionClass->__construct('App\\Policies\\Pr...')
#1 [internal function]: {closure}('App\\Policies\\Pr...', 'App\\Models\\Prod...')
#2 Command line code(1): array_map(Object(Closure), Array, Array)
#3 {main}
  thrown {"exception":"[object] (Symfony\\Component\\ErrorHandler\\Error\\FatalError(code: 0): Uncaught ReflectionException: Class \"App\\Policies\\ProdukPolicy\" does not exist in Command line code:1
Stack trace:
#0 Command line code(1): ReflectionClass->__construct('App\\\\Policies\\\\Pr...')
#1 [internal function]: {closure}('App\\\\Policies\\\\Pr...', 'App\\\\Models\\\\Prod...')
#2 Command line code(1): array_map(Object(Closure), Array, Array)
#3 {main}
  thrown at Command line code:1)
[stacktrace]
#0 {main}
"} 
[2026-08-12 05:40:51] local.ERROR: Uncaught ReflectionException: Class "App\Policies\ProdukPolicy" does not exist in Command line code:1
Stack trace:
#0 Command line code(1): ReflectionClass->__construct('App\\Policies\\Pr...')
#1 [internal function]: {closure}('App\\Policies\\Pr...', 'App\\Models\\Prod...')
#2 Command line code(1): array_map(Object(Closure), Array, Array)
#3 {main}
  thrown {"exception":"[object] (Symfony\\Component\\ErrorHandler\\Error\\FatalError(code: 0): Uncaught ReflectionException: Class \"App\\Policies\\ProdukPolicy\" does not exist in Command line code:1
Stack trace:
#0 Command line code(1): ReflectionClass->__construct('App\\\\Policies\\\\Pr...')
#1 [internal function]: {closure}('App\\\\Policies\\\\Pr...', 'App\\\\Models\\\\Prod...')
#2 Command line code(1): array_map(Object(Closure), Array, Array)
#3 {main}
  thrown at Command line code:1)
[stacktrace]
#0 {main}
"} 
[2026-08-12 05:41:51] local.ERROR: Uncaught ReflectionException: Class "App\Policies\ProdukPolicy" does not exist in Command line code:1
Stack trace:
#0 Command line code(1): ReflectionClass->__construct('App\\Policies\\Pr...')
#1 [internal function]: {closure}('App\\Policies\\Pr...', 'App\\Models\\Prod...')
#2 Command line code(1): array_map(Object(Closure), Array, Array)
#3 {main}
  thrown {"exception":"[object] (Symfony\\Component\\ErrorHandler\\Error\\FatalError(code: 0): Uncaught ReflectionException: Class \"App\\Policies\\ProdukPolicy\" does not exist in Command line code:1
Stack trace:
#0 Command line code(1): ReflectionClass->__construct('App\\\\Policies\\\\Pr...')
#1 [internal function]: {closure}('App\\\\Policies\\\\Pr...', 'App\\\\Models\\\\Prod...')
#2 Command line code(1): array_map(Object(Closure), Array, Array)
#3 {main}
  thrown at Command line code:1)
[stacktrace]
#0 {main}
"} 
[2026-08-12 05:42:51] local.ERROR: Uncaught ReflectionException: Class "App\Policies\ProdukPolicy" does not exist in Command line code:1
Stack trace:
#0 Command line code(1): ReflectionClass->__construct('App\\Policies\\Pr...')
#1 [internal function]: {closure}('App\\Policies\\Pr...', 'App\\Models\\Prod...')
#2 Command line code(1): array_map(Object(Closure), Array, Array)
#3 {main}
  thrown {"exception":"[object] (Symfony\\Component\\ErrorHandler\\Error\\FatalError(code: 0): Uncaught ReflectionException: Class \"App\\Policies\\ProdukPolicy\" does not exist in Command line code:1
Stack trace:
#0 Command line code(1): ReflectionClass->__construct('App\\\\Policies\\\\Pr...')
#1 [internal function]: {closure}('App\\\\Policies\\\\Pr...', 'App\\\\Models\\\\Prod...')
#2 Command line code(1): array_map(Object(Closure), Array, Array)
#3 {main}
  thrown at Command line code:1)
[stacktrace]
#0 {main}
"} 
[2026-08-12 05:43:51] local.ERROR: Uncaught ReflectionException: Class "App\Policies\ProdukPolicy" does not exist in Command line code:1
Stack trace:
#0 Command line code(1): ReflectionClass->__construct('App\\Policies\\Pr...')
#1 [internal function]: {closure}('App\\Policies\\Pr...', 'App\\Models\\Prod...')
#2 Command line code(1): array_map(Object(Closure), Array, Array)
#3 {main}
  thrown {"exception":"[object] (Symfony\\Component\\ErrorHandler\\Error\\FatalError(code: 0): Uncaught ReflectionException: Class \"App\\Policies\\ProdukPolicy\" does not exist in Command line code:1
Stack trace:
#0 Command line code(1): ReflectionClass->__construct('App\\\\Policies\\\\Pr...')
#1 [internal function]: {closure}('App\\\\Policies\\\\Pr...', 'App\\\\Models\\\\Prod...')
#2 Command line code(1): array_map(Object(Closure), Array, Array)
#3 {main}
  thrown at Command line code:1)
[stacktrace]
#0 {main}
"} 
[2026-08-12 05:44:51] local.ERROR: Uncaught ReflectionException: Class "App\Policies\ProdukPolicy" does not exist in Command line code:1
Stack trace:
#0 Command line code(1): ReflectionClass->__construct('App\\Policies\\Pr...')
#1 [internal function]: {closure}('App\\Policies\\Pr...', 'App\\Models\\Prod...')
#2 Command line code(1): array_map(Object(Closure), Array, Array)
#3 {main}
  thrown {"exception":"[object] (Symfony\\Component\\ErrorHandler\\Error\\FatalError(code: 0): Uncaught ReflectionException: Class \"App\\Policies\\ProdukPolicy\" does not exist in Command line code:1
Stack trace:
#0 Command line code(1): ReflectionClass->__construct('App\\\\Policies\\\\Pr...')
#1 [internal function]: {closure}('App\\\\Policies\\\\Pr...', 'App\\\\Models\\\\Prod...')
#2 Command line code(1): array_map(Object(Closure), Array, Array)
#3 {main}
  thrown at Command line code:1)
[stacktrace]
#0 {main}
"} 
[2026-08-12 05:45:51] local.ERROR: Uncaught ReflectionException: Class "App\Policies\ProdukPolicy" does not exist in Command line code:1
Stack trace:
#0 Command line code(1): ReflectionClass->__construct('App\\Policies\\Pr...')
#1 [internal function]: {closure}('App\\Policies\\Pr...', 'App\\Models\\Prod...')
#2 Command line code(1): array_map(Object(Closure), Array, Array)
#3 {main}
  thrown {"exception":"[object] (Symfony\\Component\\ErrorHandler\\Error\\FatalError(code: 0): Uncaught ReflectionException: Class \"App\\Policies\\ProdukPolicy\" does not exist in Command line code:1
Stack trace:
#0 Command line code(1): ReflectionClass->__construct('App\\\\Policies\\\\Pr...')
#1 [internal function]: {closure}('App\\\\Policies\\\\Pr...', 'App\\\\Models\\\\Prod...')
#2 Command line code(1): array_map(Object(Closure), Array, Array)
#3 {main}
  thrown at Command line code:1)
[stacktrace]
#0 {main}
"} 
[2026-08-12 05:46:51] local.ERROR: Uncaught ReflectionException: Class "App\Policies\ProdukPolicy" does not exist in Command line code:1
Stack trace:
#0 Command line code(1): ReflectionClass->__construct('App\\Policies\\Pr...')
#1 [internal function]: {closure}('App\\Policies\\Pr...', 'App\\Models\\Prod...')
#2 Command line code(1): array_map(Object(Closure), Array, Array)
#3 {main}
  thrown {"exception":"[object] (Symfony\\Component\\ErrorHandler\\Error\\FatalError(code: 0): Uncaught ReflectionException: Class \"App\\Policies\\ProdukPolicy\" does not exist in Command line code:1
Stack trace:
#0 Command line code(1): ReflectionClass->__construct('App\\\\Policies\\\\Pr...')
#1 [internal function]: {closure}('App\\\\Policies\\\\Pr...', 'App\\\\Models\\\\Prod...')
#2 Command line code(1): array_map(Object(Closure), Array, Array)
#3 {main}
  thrown at Command line code:1)
[stacktrace]
#0 {main}
"} 
[2026-08-12 05:47:51] local.ERROR: Uncaught ReflectionException: Class "App\Policies\ProdukPolicy" does not exist in Command line code:1
Stack trace:
#0 Command line code(1): ReflectionClass->__construct('App\\Policies\\Pr...')
#1 [internal function]: {closure}('App\\Policies\\Pr...', 'App\\Models\\Prod...')
#2 Command line code(1): array_map(Object(Closure), Array, Array)
#3 {main}
  thrown {"exception":"[object] (Symfony\\Component\\ErrorHandler\\Error\\FatalError(code: 0): Uncaught ReflectionException: Class \"App\\Policies\\ProdukPolicy\" does not exist in Command line code:1
Stack trace:
#0 Command line code(1): ReflectionClass->__construct('App\\\\Policies\\\\Pr...')
#1 [internal function]: {closure}('App\\\\Policies\\\\Pr...', 'App\\\\Models\\\\Prod...')
#2 Command line code(1): array_map(Object(Closure), Array, Array)
#3 {main}
  thrown at Command line code:1)
[stacktrace]
#0 {main}
"} 
[2026-08-12 05:48:51] local.ERROR: Uncaught ReflectionException: Class "App\Policies\ProdukPolicy" does not exist in Command line code:1
Stack trace:
#0 Command line code(1): ReflectionClass->__construct('App\\Policies\\Pr...')
#1 [internal function]: {closure}('App\\Policies\\Pr...', 'App\\Models\\Prod...')
#2 Command line code(1): array_map(Object(Closure), Array, Array)
#3 {main}
  thrown {"exception":"[object] (Symfony\\Component\\ErrorHandler\\Error\\FatalError(code: 0): Uncaught ReflectionException: Class \"App\\Policies\\ProdukPolicy\" does not exist in Command line code:1
Stack trace:
#0 Command line code(1): ReflectionClass->__construct('App\\\\Policies\\\\Pr...')
#1 [internal function]: {closure}('App\\\\Policies\\\\Pr...', 'App\\\\Models\\\\Prod...')
#2 Command line code(1): array_map(Object(Closure), Array, Array)
#3 {main}
  thrown at Command line code:1)
[stacktrace]
#0 {main}
"} 
[2026-08-12 05:49:51] local.ERROR: Uncaught ReflectionException: Class "App\Policies\ProdukPolicy" does not exist in Command line code:1
Stack trace:
#0 Command line code(1): ReflectionClass->__construct('App\\Policies\\Pr...')
#1 [internal function]: {closure}('App\\Policies\\Pr...', 'App\\Models\\Prod...')
#2 Command line code(1): array_map(Object(Closure), Array, Array)
#3 {main}
  thrown {"exception":"[object] (Symfony\\Component\\ErrorHandler\\Error\\FatalError(code: 0): Uncaught ReflectionException: Class \"App\\Policies\\ProdukPolicy\" does not exist in Command line code:1
Stack trace:
#0 Command line code(1): ReflectionClass->__construct('App\\\\Policies\\\\Pr...')
#1 [internal function]: {closure}('App\\\\Policies\\\\Pr...', 'App\\\\Models\\\\Prod...')
#2 Command line code(1): array_map(Object(Closure), Array, Array)
#3 {main}
  thrown at Command line code:1)
[stacktrace]
#0 {main}
"} 
[2026-08-12 05:50:51] local.ERROR: Uncaught ReflectionException: Class "App\Policies\ProdukPolicy" does not exist in Command line code:1
Stack trace:
#0 Command line code(1): ReflectionClass->__construct('App\\Policies\\Pr...')
#1 [internal function]: {closure}('App\\Policies\\Pr...', 'App\\Models\\Prod...')
#2 Command line code(1): array_map(Object(Closure), Array, Array)
#3 {main}
  thrown {"exception":"[object] (Symfony\\Component\\ErrorHandler\\Error\\FatalError(code: 0): Uncaught ReflectionException: Class \"App\\Policies\\ProdukPolicy\" does not exist in Command line code:1
Stack trace:
#0 Command line code(1): ReflectionClass->__construct('App\\\\Policies\\\\Pr...')
#1 [internal function]: {closure}('App\\\\Policies\\\\Pr...', 'App\\\\Models\\\\Prod...')
#2 Command line code(1): array_map(Object(Closure), Array, Array)
#3 {main}
  thrown at Command line code:1)
[stacktrace]
#0 {main}
"} 
[2026-08-12 05:51:52] local.ERROR: Uncaught ReflectionException: Class "App\Policies\ProdukPolicy" does not exist in Command line code:1
Stack trace:
#0 Command line code(1): ReflectionClass->__construct('App\\Policies\\Pr...')
#1 [internal function]: {closure}('App\\Policies\\Pr...', 'App\\Models\\Prod...')
#2 Command line code(1): array_map(Object(Closure), Array, Array)
#3 {main}
  thrown {"exception":"[object] (Symfony\\Component\\ErrorHandler\\Error\\FatalError(code: 0): Uncaught ReflectionException: Class \"App\\Policies\\ProdukPolicy\" does not exist in Command line code:1
Stack trace:
#0 Command line code(1): ReflectionClass->__construct('App\\\\Policies\\\\Pr...')
#1 [internal function]: {closure}('App\\\\Policies\\\\Pr...', 'App\\\\Models\\\\Prod...')
#2 Command line code(1): array_map(Object(Closure), Array, Array)
#3 {main}
  thrown at Command line code:1)
[stacktrace]
#0 {main}
"} 
[2026-08-12 05:52:51] local.ERROR: Uncaught ReflectionException: Class "App\Policies\ProdukPolicy" does not exist in Command line code:1
Stack trace:
#0 Command line code(1): ReflectionClass->__construct('App\\Policies\\Pr...')
#1 [internal function]: {closure}('App\\Policies\\Pr...', 'App\\Models\\Prod...')
#2 Command line code(1): array_map(Object(Closure), Array, Array)
#3 {main}
  thrown {"exception":"[object] (Symfony\\Component\\ErrorHandler\\Error\\FatalError(code: 0): Uncaught ReflectionException: Class \"App\\Policies\\ProdukPolicy\" does not exist in Command line code:1
Stack trace:
#0 Command line code(1): ReflectionClass->__construct('App\\\\Policies\\\\Pr...')
#1 [internal function]: {closure}('App\\\\Policies\\\\Pr...', 'App\\\\Models\\\\Prod...')
#2 Command line code(1): array_map(Object(Closure), Array, Array)
#3 {main}
  thrown at Command line code:1)
[stacktrace]
#0 {main}
"} 
[2026-08-12 05:53:51] local.ERROR: Uncaught ReflectionException: Class "App\Policies\ProdukPolicy" does not exist in Command line code:1
Stack trace:
#0 Command line code(1): ReflectionClass->__construct('App\\Policies\\Pr...')
#1 [internal function]: {closure}('App\\Policies\\Pr...', 'App\\Models\\Prod...')
#2 Command line code(1): array_map(Object(Closure), Array, Array)
#3 {main}
  thrown {"exception":"[object] (Symfony\\Component\\ErrorHandler\\Error\\FatalError(code: 0): Uncaught ReflectionException: Class \"App\\Policies\\ProdukPolicy\" does not exist in Command line code:1
Stack trace:
#0 Command line code(1): ReflectionClass->__construct('App\\\\Policies\\\\Pr...')
#1 [internal function]: {closure}('App\\\\Policies\\\\Pr...', 'App\\\\Models\\\\Prod...')
#2 Command line code(1): array_map(Object(Closure), Array, Array)
#3 {main}
  thrown at Command line code:1)
[stacktrace]
#0 {main}
"} 
[2026-08-12 05:54:51] local.ERROR: Uncaught ReflectionException: Class "App\Policies\ProdukPolicy" does not exist in Command line code:1
Stack trace:
#0 Command line code(1): ReflectionClass->__construct('App\\Policies\\Pr...')
#1 [internal function]: {closure}('App\\Policies\\Pr...', 'App\\Models\\Prod...')
#2 Command line code(1): array_map(Object(Closure), Array, Array)
#3 {main}
  thrown {"exception":"[object] (Symfony\\Component\\ErrorHandler\\Error\\FatalError(code: 0): Uncaught ReflectionException: Class \"App\\Policies\\ProdukPolicy\" does not exist in Command line code:1
Stack trace:
#0 Command line code(1): ReflectionClass->__construct('App\\\\Policies\\\\Pr...')
#1 [internal function]: {closure}('App\\\\Policies\\\\Pr...', 'App\\\\Models\\\\Prod...')
#2 Command line code(1): array_map(Object(Closure), Array, Array)
#3 {main}
  thrown at Command line code:1)
[stacktrace]
#0 {main}
"} 
[2026-08-12 05:55:51] local.ERROR: Uncaught ReflectionException: Class "App\Policies\ProdukPolicy" does not exist in Command line code:1
Stack trace:
#0 Command line code(1): ReflectionClass->__construct('App\\Policies\\Pr...')
#1 [internal function]: {closure}('App\\Policies\\Pr...', 'App\\Models\\Prod...')
#2 Command line code(1): array_map(Object(Closure), Array, Array)
#3 {main}
  thrown {"exception":"[object] (Symfony\\Component\\ErrorHandler\\Error\\FatalError(code: 0): Uncaught ReflectionException: Class \"App\\Policies\\ProdukPolicy\" does not exist in Command line code:1
Stack trace:
#0 Command line code(1): ReflectionClass->__construct('App\\\\Policies\\\\Pr...')
#1 [internal function]: {closure}('App\\\\Policies\\\\Pr...', 'App\\\\Models\\\\Prod...')
#2 Command line code(1): array_map(Object(Closure), Array, Array)
#3 {main}
  thrown at Command line code:1)
[stacktrace]
#0 {main}
"} 
[2026-08-12 05:56:51] local.ERROR: Uncaught ReflectionException: Class "App\Policies\ProdukPolicy" does not exist in Command line code:1
Stack trace:
#0 Command line code(1): ReflectionClass->__construct('App\\Policies\\Pr...')
#1 [internal function]: {closure}('App\\Policies\\Pr...', 'App\\Models\\Prod...')
#2 Command line code(1): array_map(Object(Closure), Array, Array)
#3 {main}
  thrown {"exception":"[object] (Symfony\\Component\\ErrorHandler\\Error\\FatalError(code: 0): Uncaught ReflectionException: Class \"App\\Policies\\ProdukPolicy\" does not exist in Command line code:1
Stack trace:
#0 Command line code(1): ReflectionClass->__construct('App\\\\Policies\\\\Pr...')
#1 [internal function]: {closure}('App\\\\Policies\\\\Pr...', 'App\\\\Models\\\\Prod...')
#2 Command line code(1): array_map(Object(Closure), Array, Array)
#3 {main}
  thrown at Command line code:1)
[stacktrace]
#0 {main}
"} 
[2026-08-12 05:57:52] local.ERROR: Uncaught ReflectionException: Class "App\Policies\ProdukPolicy" does not exist in Command line code:1
Stack trace:
#0 Command line code(1): ReflectionClass->__construct('App\\Policies\\Pr...')
#1 [internal function]: {closure}('App\\Policies\\Pr...', 'App\\Models\\Prod...')
#2 Command line code(1): array_map(Object(Closure), Array, Array)
#3 {main}
  thrown {"exception":"[object] (Symfony\\Component\\ErrorHandler\\Error\\FatalError(code: 0): Uncaught ReflectionException: Class \"App\\Policies\\ProdukPolicy\" does not exist in Command line code:1
Stack trace:
#0 Command line code(1): ReflectionClass->__construct('App\\\\Policies\\\\Pr...')
#1 [internal function]: {closure}('App\\\\Policies\\\\Pr...', 'App\\\\Models\\\\Prod...')
#2 Command line code(1): array_map(Object(Closure), Array, Array)
#3 {main}
  thrown at Command line code:1)
[stacktrace]
#0 {main}
"} 
[2026-08-12 05:58:51] local.ERROR: Uncaught ReflectionException: Class "App\Policies\ProdukPolicy" does not exist in Command line code:1
Stack trace:
#0 Command line code(1): ReflectionClass->__construct('App\\Policies\\Pr...')
#1 [internal function]: {closure}('App\\Policies\\Pr...', 'App\\Models\\Prod...')
#2 Command line code(1): array_map(Object(Closure), Array, Array)
#3 {main}
  thrown {"exception":"[object] (Symfony\\Component\\ErrorHandler\\Error\\FatalError(code: 0): Uncaught ReflectionException: Class \"App\\Policies\\ProdukPolicy\" does not exist in Command line code:1
Stack trace:
#0 Command line code(1): ReflectionClass->__construct('App\\\\Policies\\\\Pr...')
#1 [internal function]: {closure}('App\\\\Policies\\\\Pr...', 'App\\\\Models\\\\Prod...')
#2 Command line code(1): array_map(Object(Closure), Array, Array)
#3 {main}
  thrown at Command line code:1)
[stacktrace]
#0 {main}
"} 
[2026-08-12 05:59:00] local.ERROR: Undefined variable $jenis (View: C:\laragon\www\pos_sahla\resources\views\produk\_form.blade.php) (View: C:\laragon\www\pos_sahla\resources\views\produk\_form.blade.php) {"userId":2,"exception":"[object] (Illuminate\\View\\ViewException(code: 0): Undefined variable $jenis (View: C:\\laragon\\www\\pos_sahla\\resources\\views\\produk\\_form.blade.php) (View: C:\\laragon\\www\\pos_sahla\\resources\\views\\produk\\_form.blade.php) at C:/laragon/www/pos_sahla/storage/framework/views/43ed9347cf12e1eb0dda44f444b49f13.php:95)
[stacktrace]
#0 C:/laragon/www/pos_sahla/vendor/laravel/framework/src/Illuminate/View/Engines/PhpEngine.php(59): Illuminate/View/Engines/CompilerEngine->handleViewException(Object(Illuminate/View/ViewException), 1)
#1 C:/laragon/www/pos_sahla/vendor/laravel/framework/src/Illuminate/View/Engines/CompilerEngine.php(76): Illuminate/View/Engines/PhpEngine->evaluatePath('C://laragon//www//...', Array)
#2 C:/laragon/www/pos_sahla/vendor/laravel/framework/src/Illuminate/View/View.php(208): Illuminate/View/Engines/CompilerEngine->get('C://laragon//www//...', Array)
#3 C:/laragon/www/pos_sahla/vendor/laravel/framework/src/Illuminate/View/View.php(191): Illuminate/View/View->getContents()
#4 C:/laragon/www/pos_sahla/vendor/laravel/framework/src/Illuminate/View/View.php(160): Illuminate/View/View->renderContents()
#5 C:/laragon/www/pos_sahla/vendor/laravel/framework/src/Illuminate/Http/Response.php(78): Illuminate/View/View->render()
#6 C:/laragon/www/pos_sahla/vendor/laravel/framework/src/Illuminate/Http/Response.php(34): Illuminate/Http/Response->setContent(Object(Illuminate/View/View))
#7 C:/laragon/www/pos_sahla/vendor/laravel/framework/src/Illuminate/Routing/Router.php(939): Illuminate/Http/Response->__construct(Object(Illuminate/View/View), 200, Array)
#8 C:/laragon/www/pos_sahla/vendor/laravel/framework/src/Illuminate/Routing/Router.php(906): Illuminate/Routing/Router::toResponse(Object(Illuminate/Http/Request), Object(Illuminate/View/View))
#9 C:/laragon/www/pos_sahla/vendor/laravel/framework/src/Illuminate/Routing/Router.php(821): Illuminate/Routing/Router->prepareResponse(Object(Illuminate/Http/Request), Object(Illuminate/View/View))
#10 C:/laragon/www/pos_sahla/vendor/laravel/framework/src/Illuminate/Pipeline/Pipeline.php(180): Illuminate/Routing/Router->Illuminate/Routing/{closure}(Object(Illuminate/Http/Request))
#11 C:/laragon/www/pos_sahla/app/Http/Middleware/RoleMiddleware.php(32): Illuminate/Pipeline/Pipeline->Illuminate/Pipeline/{closure}(Object(Illuminate/Http/Request))
#12 C:/laragon/www/pos_sahla/vendor/laravel/framework/src/Illuminate/Pipeline/Pipeline.php(219): App/Http/Middleware/RoleMiddleware->handle(Object(Illuminate/Http/Request), Object(Closure), 'admin', 'kasir')
#13 C:/laragon/www/pos_sahla/vendor/laravel/framework/src/Illuminate/Routing/Middleware/SubstituteBindings.php(50): Illuminate/Pipeline/Pipeline->Illuminate/Pipeline/{closure}(Object(Illuminate/Http/Request))
#14 C:/laragon/www/pos_sahla/vendor/laravel/framework/src/Illuminate/Pipeline/Pipeline.php(219): Illuminate/Routing/Middleware/SubstituteBindings->handle(Object(Illuminate/Http/Request), Object(Closure))
#15 C:/laragon/www/pos_sahla/vendor/laravel/framework/src/Illuminate/Auth/Middleware/Authenticate.php(63): Illuminate/Pipeline/Pipeline->Illuminate/Pipeline/{closure}(Object(Illuminate/Http/Request))
#16 C:/laragon/www/pos_sahla/vendor/laravel/framework/src/Illuminate/Pipeline/Pipeline.php(219): Illuminate/Auth/Middleware/Authenticate->handle(Object(Illuminate/Http/Request), Object(Closure))
#17 C:/laragon/www/pos_sahla/vendor/laravel/framework/src/Illuminate/Foundation/Http/Middleware/VerifyCsrfToken.php(87): Illuminate/Pipeline/Pipeline->Illuminate/Pipeline/{closure}(Object(Illuminate/Http/Request))
#18 C:/laragon/www/pos_sahla/vendor/laravel/framework/src/Illuminate/Pipeline/Pipeline.php(219): Illuminate/Foundation/Http/Middleware/VerifyCsrfToken->handle(Object(Illuminate/Http/Request), Object(Closure))
#19 C:/laragon/www/pos_sahla/vendor/laravel/framework/src/Illuminate/View/Middleware/ShareErrorsFromSession.php(48): Illuminate/Pipeline/Pipeline->Illuminate/Pipeline/{closure}(Object(Illuminate/Http/Request))
#20 C:/laragon/www/pos_sahla/vendor/laravel/framework/src/Illuminate/Pipeline/Pipeline.php(219): Illuminate/View/Middleware/ShareErrorsFromSession->handle(Object(Illuminate/Http/Request), Object(Closure))
#21 C:/laragon/www/pos_sahla/vendor/laravel/framework/src/Illuminate/Session/Middleware/StartSession.php(120): Illuminate/Pipeline/Pipeline->Illuminate/Pipeline/{closure}(Object(Illuminate/Http/Request))
#22 C:/laragon/www/pos_sahla/vendor/laravel/framework/src/Illuminate/Session/Middleware/StartSession.php(63): Illuminate/Session/Middleware/StartSession->handleStatefulRequest(Object(Illuminate/Http/Request), Object(Illuminate/Session/Store), Object(Closure))
#23 C:/laragon/www/pos_sahla/vendor/laravel/framework/src/Illuminate/Pipeline/Pipeline.php(219): Illuminate/Session/Middleware/StartSession->handle(Object(Illuminate/Http/Request), Object(Closure))
#24 C:/laragon/www/pos_sahla/vendor/laravel/framework/src/Illuminate/Cookie/Middleware/AddQueuedCookiesToResponse.php(36): Illuminate/Pipeline/Pipeline->Illuminate/Pipeline/{closure}(Object(Illuminate/Http/Request))
#25 C:/laragon/www/pos_sahla/vendor/laravel/framework/src/Illuminate/Pipeline/Pipeline.php(219): Illuminate/Cookie/Middleware/AddQueuedCookiesToResponse->handle(Object(Illuminate/Http/Request), Object(Closure))
#26 C:/laragon/www/pos_sahla/vendor/laravel/framework/src/Illuminate/Cookie/Middleware/EncryptCookies.php(74): Illuminate/Pipeline/Pipeline->Illuminate/Pipeline/{closure}(Object(Illuminate/Http/Request))
#27 C:/laragon/www/pos_sahla/vendor/laravel/framework/src/Illuminate/Pipeline/Pipeline.php(219): Illuminate/Cookie/Middleware/EncryptCookies->handle(Object(Illuminate/Http/Request), Object(Closure))
#28 C:/laragon/www/pos_sahla/vendor/laravel/framework/src/Illuminate/Pipeline/Pipeline.php(137): Illuminate/Pipeline/Pipeline->Illuminate/Pipeline/{closure}(Object(Illuminate/Http/Request))
#29 C:/laragon/www/pos_sahla/vendor/laravel/framework/src/Illuminate/Routing/Router.php(821): Illuminate/Pipeline/Pipeline->then(Object(Closure))
#30 C:/laragon/www/pos_sahla/vendor/laravel/framework/src/Illuminate/Routing/Router.php(800): Illuminate/Routing/Router->runRouteWithinStack(Object(Illuminate/Routing/Route), Object(Illuminate/Http/Request))
#31 C:/laragon/www/pos_sahla/vendor/laravel/framework/src/Illuminate/Routing/Router.php(764): Illuminate/Routing/Router->runRoute(Object(Illuminate/Http/Request), Object(Illuminate/Routing/Route))
#32 C:/laragon/www/pos_sahla/vendor/laravel/framework/src/Illuminate/Routing/Router.php(753): Illuminate/Routing/Router->dispatchToRoute(Object(Illuminate/Http/Request))
#33 C:/laragon/www/pos_sahla/vendor/laravel/framework/src/Illuminate/Foundation/Http/Kernel.php(200): Illuminate/Routing/Router->dispatch(Object(Illuminate/Http/Request))
#34 C:/laragon/www/pos_sahla/vendor/laravel/framework/src/Illuminate/Pipeline/Pipeline.php(180): Illuminate/Foundation/Http/Kernel->Illuminate/Foundation/Http/{closure}(Object(Illuminate/Http/Request))
#35 C:/laragon/www/pos_sahla/vendor/laravel/framework/src/Illuminate/Foundation/Http/Middleware/TransformsRequest.php(21): Illuminate/Pipeline/Pipeline->Illuminate/Pipeline/{closure}(Object(Illuminate/Http/Request))
#36 C:/laragon/www/pos_sahla/vendor/laravel/framework/src/Illuminate/Foundation/Http/Middleware/ConvertEmptyStringsToNull.php(31): Illuminate/Foundation/Http/Middleware/TransformsRequest->handle(Object(Illuminate/Http/Request), Object(Closure))
#37 C:/laragon/www/pos_sahla/vendor/laravel/framework/src/Illuminate/Pipeline/Pipeline.php(219): Illuminate/Foundation/Http/Middleware/ConvertEmptyStringsToNull->handle(Object(Illuminate/Http/Request), Object(Closure))
#38 C:/laragon/www/pos_sahla/vendor/laravel/framework/src/Illuminate/Foundation/Http/Middleware/TransformsRequest.php(21): Illuminate/Pipeline/Pipeline->Illuminate/Pipeline/{closure}(Object(Illuminate/Http/Request))
#39 C:/laragon/www/pos_sahla/vendor/laravel/framework/src/Illuminate/Foundation/Http/Middleware/TrimStrings.php(51): Illuminate/Foundation/Http/Middleware/TransformsRequest->handle(Object(Illuminate/Http/Request), Object(Closure))
#40 C:/laragon/www/pos_sahla/vendor/laravel/framework/src/Illuminate/Pipeline/Pipeline.php(219): Illuminate/Foundation/Http/Middleware/TrimStrings->handle(Object(Illuminate/Http/Request), Object(Closure))
#41 C:/laragon/www/pos_sahla/vendor/laravel/framework/src/Illuminate/Http/Middleware/ValidatePostSize.php(27): Illuminate/Pipeline/Pipeline->Illuminate/Pipeline/{closure}(Object(Illuminate/Http/Request))
#42 C:/laragon/www/pos_sahla/vendor/laravel/framework/src/Illuminate/Pipeline/Pipeline.php(219): Illuminate/Http/Middleware/ValidatePostSize->handle(Object(Illuminate/Http/Request), Object(Closure))
#43 C:/laragon/www/pos_sahla/vendor/laravel/framework/src/Illuminate/Foundation/Http/Middleware/PreventRequestsDuringMaintenance.php(109): Illuminate/Pipeline/Pipeline->Illuminate/Pipeline/{closure}(Object(Illuminate/Http/Request))
#44 C:/laragon/www/pos_sahla/vendor/laravel/framework/src/Illuminate/Pipeline/Pipeline.php(219): Illuminate/Foundation/Http/Middleware/PreventRequestsDuringMaintenance->handle(Object(Illuminate/Http/Request), Object(Closure))
#45 C:/laragon/www/pos_sahla/vendor/laravel/framework/src/Illuminate/Http/Middleware/HandleCors.php(61): Illuminate/Pipeline/Pipeline->Illuminate/Pipeline/{closure}(Object(Illuminate/Http/Request))
#46 C:/laragon/www/pos_sahla/vendor/laravel/framework/src/Illuminate/Pipeline/Pipeline.php(219): Illuminate/Http/Middleware/HandleCors->handle(Object(Illuminate/Http/Request), Object(Closure))
#47 C:/laragon/www/pos_sahla/vendor/laravel/framework/src/Illuminate/Http/Middleware/TrustProxies.php(58): Illuminate/Pipeline/Pipeline->Illuminate/Pipeline/{closure}(Object(Illuminate/Http/Request))
#48 C:/laragon/www/pos_sahla/vendor/laravel/framework/src/Illuminate/Pipeline/Pipeline.php(219): Illuminate/Http/Middleware/TrustProxies->handle(Object(Illuminate/Http/Request), Object(Closure))
#49 C:/laragon/www/pos_sahla/vendor/laravel/framework/src/Illuminate/Foundation/Http/Middleware/InvokeDeferredCallbacks.php(22): Illuminate/Pipeline/Pipeline->Illuminate/Pipeline/{closure}(Object(Illuminate/Http/Request))
#50 C:/laragon/www/pos_sahla/vendor/laravel/framework/src/Illuminate/Pipeline/Pipeline.php(219): Illuminate/Foundation/Http/Middleware/InvokeDeferredCallbacks->handle(Object(Illuminate/Http/Request), Object(Closure))
#51 C:/laragon/www/pos_sahla/vendor/laravel/framework/src/Illuminate/Http/Middleware/ValidatePathEncoding.php(26): Illuminate/Pipeline/Pipeline->Illuminate/Pipeline/{closure}(Object(Illuminate/Http/Request))
#52 C:/laragon/www/pos_sahla/vendor/laravel/framework/src/Illuminate/Pipeline/Pipeline.php(219): Illuminate/Http/Middleware/ValidatePathEncoding->handle(Object(Illuminate/Http/Request), Object(Closure))
#53 C:/laragon/www/pos_sahla/vendor/laravel/framework/src/Illuminate/Pipeline/Pipeline.php(137): Illuminate/Pipeline/Pipeline->Illuminate/Pipeline/{closure}(Object(Illuminate/Http/Request))
#54 C:/laragon/www/pos_sahla/vendor/laravel/framework/src/Illuminate/Foundation/Http/Kernel.php(175): Illuminate/Pipeline/Pipeline->then(Object(Closure))
#55 C:/laragon/www/pos_sahla/vendor/laravel/framework/src/Illuminate/Foundation/Http/Kernel.php(144): Illuminate/Foundation/Http/Kernel->sendRequestThroughRouter(Object(Illuminate/Http/Request))
#56 C:/laragon/www/pos_sahla/vendor/laravel/framework/src/Illuminate/Foundation/Application.php(1220): Illuminate/Foundation/Http/Kernel->handle(Object(Illuminate/Http/Request))
#57 C:/laragon/www/pos_sahla/public/index.php(20): Illuminate/Foundation/Application->handleRequest(Object(Illuminate/Http/Request))
#58 C:/laragon/www/pos_sahla/vendor/laravel/framework/src/Illuminate/Foundation/resources/server.php(23): require_once('C://laragon//www//...')
#59 {main}

[previous exception] [object] (Illuminate\\View\\ViewException(code: 0): Undefined variable $jenis (View: C:\\laragon\\www\\pos_sahla\\resources\\views\\produk\\_form.blade.php) at C:/laragon/www/pos_sahla/storage/framework/views/43ed9347cf12e1eb0dda44f444b49f13.php:95)
[stacktrace]
#0 C:/laragon/www/pos_sahla/vendor/laravel/framework/src/Illuminate/View/Engines/PhpEngine.php(59): Illuminate/View/Engines/CompilerEngine->handleViewException(Object(ErrorException), 3)
#1 C:/laragon/www/pos_sahla/vendor/laravel/framework/src/Illuminate/View/Engines/CompilerEngine.php(76): Illuminate/View/Engines/PhpEngine->evaluatePath('C://laragon//www//...', Array)
#2 C:/laragon/www/pos_sahla/vendor/laravel/framework/src/Illuminate/View/View.php(208): Illuminate/View/Engines/CompilerEngine->get('C://laragon//www//...', Array)
#3 C:/laragon/www/pos_sahla/vendor/laravel/framework/src/Illuminate/View/View.php(191): Illuminate/View/View->getContents()
#4 C:/laragon/www/pos_sahla/vendor/laravel/framework/src/Illuminate/View/View.php(160): Illuminate/View/View->renderContents()
#5 C:/laragon/www/pos_sahla/storage/framework/views/17002b7dd9eb1e45d4ba0871b02fdd75.php(15): Illuminate/View/View->render()
#6 C:/laragon/www/pos_sahla/vendor/laravel/framework/src/Illuminate/Filesystem/Filesystem.php(123): require('C://laragon//www//...')
#7 C:/laragon/www/pos_sahla/vendor/laravel/framework/src/Illuminate/Filesystem/Filesystem.php(124): Illuminate/Filesystem/Filesystem::Illuminate/Filesystem/{closure}()
#8 C:/laragon/www/pos_sahla/vendor/laravel/framework/src/Illuminate/View/Engines/PhpEngine.php(57): Illuminate/Filesystem/Filesystem->getRequire('C://laragon//www//...', Array)
#9 C:/laragon/www/pos_sahla/vendor/laravel/framework/src/Illuminate/View/Engines/CompilerEngine.php(76): Illuminate/View/Engines/PhpEngine->evaluatePath('C://laragon//www//...', Array)
#10 C:/laragon/www/pos_sahla/vendor/laravel/framework/src/Illuminate/View/View.php(208): Illuminate/View/Engines/CompilerEngine->get('C://laragon//www//...', Array)
#11 C:/laragon/www/pos_sahla/vendor/laravel/framework/src/Illuminate/View/View.php(191): Illuminate/View/View->getContents()
#12 C:/laragon/www/pos_sahla/vendor/laravel/framework/src/Illuminate/View/View.php(160): Illuminate/View/View->renderContents()
#13 C:/laragon/www/pos_sahla/vendor/laravel/framework/src/Illuminate/Http/Response.php(78): Illuminate/View/View->render()
#14 C:/laragon/www/pos_sahla/vendor/laravel/framework/src/Illuminate/Http/Response.php(34): Illuminate/Http/Response->setContent(Object(Illuminate/View/View))
#15 C:/laragon/www/pos_sahla/vendor/laravel/framework/src/Illuminate/Routing/Router.php(939): Illuminate/Http/Response->__construct(Object(Illuminate/View/View), 200, Array)
#16 C:/laragon/www/pos_sahla/vendor/laravel/framework/src/Illuminate/Routing/Router.php(906): Illuminate/Routing/Router::toResponse(Object(Illuminate/Http/Request), Object(Illuminate/View/View))
#17 C:/laragon/www/pos_sahla/vendor/laravel/framework/src/Illuminate/Routing/Router.php(821): Illuminate/Routing/Router->prepareResponse(Object(Illuminate/Http/Request), Object(Illuminate/View/View))
#18 C:/laragon/www/pos_sahla/vendor/laravel/framework/src/Illuminate/Pipeline/Pipeline.php(180): Illuminate/Routing/Router->Illuminate/Routing/{closure}(Object(Illuminate/Http/Request))
#19 C:/laragon/www/pos_sahla/app/Http/Middleware/RoleMiddleware.php(32): Illuminate/Pipeline/Pipeline->Illuminate/Pipeline/{closure}(Object(Illuminate/Http/Request))
#20 C:/laragon/www/pos_sahla/vendor/laravel/framework/src/Illuminate/Pipeline/Pipeline.php(219): App/Http/Middleware/RoleMiddleware->handle(Object(Illuminate/Http/Request), Object(Closure), 'admin', 'kasir')
#21 C:/laragon/www/pos_sahla/vendor/laravel/framework/src/Illuminate/Routing/Middleware/SubstituteBindings.php(50): Illuminate/Pipeline/Pipeline->Illuminate/Pipeline/{closure}(Object(Illuminate/Http/Request))
#22 C:/laragon/www/pos_sahla/vendor/laravel/framework/src/Illuminate/Pipeline/Pipeline.php(219): Illuminate/Routing/Middleware/SubstituteBindings->handle(Object(Illuminate/Http/Request), Object(Closure))
#23 C:/laragon/www/pos_sahla/vendor/laravel/framework/src/Illuminate/Auth/Middleware/Authenticate.php(63): Illuminate/Pipeline/Pipeline->Illuminate/Pipeline/{closure}(Object(Illuminate/Http/Request))
#24 C:/laragon/www/pos_sahla/vendor/laravel/framework/src/Illuminate/Pipeline/Pipeline.php(219): Illuminate/Auth/Middleware/Authenticate->handle(Object(Illuminate/Http/Request), Object(Closure))
#25 C:/laragon/www/pos_sahla/vendor/laravel/framework/src/Illuminate/Foundation/Http/Middleware/VerifyCsrfToken.php(87): Illuminate/Pipeline/Pipeline->Illuminate/Pipeline/{closure}(Object(Illuminate/Http/Request))
#26 C:/laragon/www/pos_sahla/vendor/laravel/framework/src/Illuminate/Pipeline/Pipeline.php(219): Illuminate/Foundation/Http/Middleware/VerifyCsrfToken->handle(Object(Illuminate/Http/Request), Object(Closure))
#27 C:/laragon/www/pos_sahla/vendor/laravel/framework/src/Illuminate/View/Middleware/ShareErrorsFromSession.php(48): Illuminate/Pipeline/Pipeline->Illuminate/Pipeline/{closure}(Object(Illuminate/Http/Request))
#28 C:/laragon/www/pos_sahla/vendor/laravel/framework/src/Illuminate/Pipeline/Pipeline.php(219): Illuminate/View/Middleware/ShareErrorsFromSession->handle(Object(Illuminate/Http/Request), Object(Closure))
#29 C:/laragon/www/pos_sahla/vendor/laravel/framework/src/Illuminate/Session/Middleware/StartSession.php(120): Illuminate/Pipeline/Pipeline->Illuminate/Pipeline/{closure}(Object(Illuminate/Http/Request))
#30 C:/laragon/www/pos_sahla/vendor/laravel/framework/src/Illuminate/Session/Middleware/StartSession.php(63): Illuminate/Session/Middleware/StartSession->handleStatefulRequest(Object(Illuminate/Http/Request), Object(Illuminate/Session/Store), Object(Closure))
#31 C:/laragon/www/pos_sahla/vendor/laravel/framework/src/Illuminate/Pipeline/Pipeline.php(219): Illuminate/Session/Middleware/StartSession->handle(Object(Illuminate/Http/Request), Object(Closure))
#32 C:/laragon/www/pos_sahla/vendor/laravel/framework/src/Illuminate/Cookie/Middleware/AddQueuedCookiesToResponse.php(36): Illuminate/Pipeline/Pipeline->Illuminate/Pipeline/{closure}(Object(Illuminate/Http/Request))
#33 C:/laragon/www/pos_sahla/vendor/laravel/framework/src/Illuminate/Pipeline/Pipeline.php(219): Illuminate/Cookie/Middleware/AddQueuedCookiesToResponse->handle(Object(Illuminate/Http/Request), Object(Closure))
#34 C:/laragon/www/pos_sahla/vendor/laravel/framework/src/Illuminate/Cookie/Middleware/EncryptCookies.php(74): Illuminate/Pipeline/Pipeline->Illuminate/Pipeline/{closure}(Object(Illuminate/Http/Request))
#35 C:/laragon/www/pos_sahla/vendor/laravel/framework/src/Illuminate/Pipeline/Pipeline.php(219): Illuminate/Cookie/Middleware/EncryptCookies->handle(Object(Illuminate/Http/Request), Object(Closure))
#36 C:/laragon/www/pos_sahla/vendor/laravel/framework/src/Illuminate/Pipeline/Pipeline.php(137): Illuminate/Pipeline/Pipeline->Illuminate/Pipeline/{closure}(Object(Illuminate/Http/Request))
#37 C:/laragon/www/pos_sahla/vendor/laravel/framework/src/Illuminate/Routing/Router.php(821): Illuminate/Pipeline/Pipeline->then(Object(Closure))
#38 C:/laragon/www/pos_sahla/vendor/laravel/framework/src/Illuminate/Routing/Router.php(800): Illuminate/Routing/Router->runRouteWithinStack(Object(Illuminate/Routing/Route), Object(Illuminate/Http/Request))
#39 C:/laragon/www/pos_sahla/vendor/laravel/framework/src/Illuminate/Routing/Router.php(764): Illuminate/Routing/Router->runRoute(Object(Illuminate/Http/Request), Object(Illuminate/Routing/Route))
#40 C:/laragon/www/pos_sahla/vendor/laravel/framework/src/Illuminate/Routing/Router.php(753): Illuminate/Routing/Router->dispatchToRoute(Object(Illuminate/Http/Request))
#41 C:/laragon/www/pos_sahla/vendor/laravel/framework/src/Illuminate/Foundation/Http/Kernel.php(200): Illuminate/Routing/Router->dispatch(Object(Illuminate/Http/Request))
#42 C:/laragon/www/pos_sahla/vendor/laravel/framework/src/Illuminate/Pipeline/Pipeline.php(180): Illuminate/Foundation/Http/Kernel->Illuminate/Foundation/Http/{closure}(Object(Illuminate/Http/Request))
#43 C:/laragon/www/pos_sahla/vendor/laravel/framework/src/Illuminate/Foundation/Http/Middleware/TransformsRequest.php(21): Illuminate/Pipeline/Pipeline->Illuminate/Pipeline/{closure}(Object(Illuminate/Http/Request))
#44 C:/laragon/www/pos_sahla/vendor/laravel/framework/src/Illuminate/Foundation/Http/Middleware/ConvertEmptyStringsToNull.php(31): Illuminate/Foundation/Http/Middleware/TransformsRequest->handle(Object(Illuminate/Http/Request), Object(Closure))
#45 C:/laragon/www/pos_sahla/vendor/laravel/framework/src/Illuminate/Pipeline/Pipeline.php(219): Illuminate/Foundation/Http/Middleware/ConvertEmptyStringsToNull->handle(Object(Illuminate/Http/Request), Object(Closure))
#46 C:/laragon/www/pos_sahla/vendor/laravel/framework/src/Illuminate/Foundation/Http/Middleware/TransformsRequest.php(21): Illuminate/Pipeline/Pipeline->Illuminate/Pipeline/{closure}(Object(Illuminate/Http/Request))
#47 C:/laragon/www/pos_sahla/vendor/laravel/framework/src/Illuminate/Foundation/Http/Middleware/TrimStrings.php(51): Illuminate/Foundation/Http/Middleware/TransformsRequest->handle(Object(Illuminate/Http/Request), Object(Closure))
#48 C:/laragon/www/pos_sahla/vendor/laravel/framework/src/Illuminate/Pipeline/Pipeline.php(219): Illuminate/Foundation/Http/Middleware/TrimStrings->handle(Object(Illuminate/Http/Request), Object(Closure))
#49 C:/laragon/www/pos_sahla/vendor/laravel/framework/src/Illuminate/Http/Middleware/ValidatePostSize.php(27): Illuminate/Pipeline/Pipeline->Illuminate/Pipeline/{closure}(Object(Illuminate/Http/Request))
#50 C:/laragon/www/pos_sahla/vendor/laravel/framework/src/Illuminate/Pipeline/Pipeline.php(219): Illuminate/Http/Middleware/ValidatePostSize->handle(Object(Illuminate/Http/Request), Object(Closure))
#51 C:/laragon/www/pos_sahla/vendor/laravel/framework/src/Illuminate/Foundation/Http/Middleware/PreventRequestsDuringMaintenance.php(109): Illuminate/Pipeline/Pipeline->Illuminate/Pipeline/{closure}(Object(Illuminate/Http/Request))
#52 C:/laragon/www/pos_sahla/vendor/laravel/framework/src/Illuminate/Pipeline/Pipeline.php(219): Illuminate/Foundation/Http/Middleware/PreventRequestsDuringMaintenance->handle(Object(Illuminate/Http/Request), Object(Closure))
#53 C:/laragon/www/pos_sahla/vendor/laravel/framework/src/Illuminate/Http/Middleware/HandleCors.php(61): Illuminate/Pipeline/Pipeline->Illuminate/Pipeline/{closure}(Object(Illuminate/Http/Request))
#54 C:/laragon/www/pos_sahla/vendor/laravel/framework/src/Illuminate/Pipeline/Pipeline.php(219): Illuminate/Http/Middleware/HandleCors->handle(Object(Illuminate/Http/Request), Object(Closure))
#55 C:/laragon/www/pos_sahla/vendor/laravel/framework/src/Illuminate/Http/Middleware/TrustProxies.php(58): Illuminate/Pipeline/Pipeline->Illuminate/Pipeline/{closure}(Object(Illuminate/Http/Request))
#56 C:/laragon/www/pos_sahla/vendor/laravel/framework/src/Illuminate/Pipeline/Pipeline.php(219): Illuminate/Http/Middleware/TrustProxies->handle(Object(Illuminate/Http/Request), Object(Closure))
#57 C:/laragon/www/pos_sahla/vendor/laravel/framework/src/Illuminate/Foundation/Http/Middleware/InvokeDeferredCallbacks.php(22): Illuminate/Pipeline/Pipeline->Illuminate/Pipeline/{closure}(Object(Illuminate/Http/Request))
#58 C:/laragon/www/pos_sahla/vendor/laravel/framework/src/Illuminate/Pipeline/Pipeline.php(219): Illuminate/Foundation/Http/Middleware/InvokeDeferredCallbacks->handle(Object(Illuminate/Http/Request), Object(Closure))
#59 C:/laragon/www/pos_sahla/vendor/laravel/framework/src/Illuminate/Http/Middleware/ValidatePathEncoding.php(26): Illuminate/Pipeline/Pipeline->Illuminate/Pipeline/{closure}(Object(Illuminate/Http/Request))
#60 C:/laragon/www/pos_sahla/vendor/laravel/framework/src/Illuminate/Pipeline/Pipeline.php(219): Illuminate/Http/Middleware/ValidatePathEncoding->handle(Object(Illuminate/Http/Request), Object(Closure))
#61 C:/laragon/www/pos_sahla/vendor/laravel/framework/src/Illuminate/Pipeline/Pipeline.php(137): Illuminate/Pipeline/Pipeline->Illuminate/Pipeline/{closure}(Object(Illuminate/Http/Request))
#62 C:/laragon/www/pos_sahla/vendor/laravel/framework/src/Illuminate/Foundation/Http/Kernel.php(175): Illuminate/Pipeline/Pipeline->then(Object(Closure))
#63 C:/laragon/www/pos_sahla/vendor/laravel/framework/src/Illuminate/Foundation/Http/Kernel.php(144): Illuminate/Foundation/Http/Kernel->sendRequestThroughRouter(Object(Illuminate/Http/Request))
#64 C:/laragon/www/pos_sahla/vendor/laravel/framework/src/Illuminate/Foundation/Application.php(1220): Illuminate/Foundation/Http/Kernel->handle(Object(Illuminate/Http/Request))
#65 C:/laragon/www/pos_sahla/public/index.php(20): Illuminate/Foundation/Application->handleRequest(Object(Illuminate/Http/Request))
#66 C:/laragon/www/pos_sahla/vendor/laravel/framework/src/Illuminate/Foundation/resources/server.php(23): require_once('C://laragon//www//...')
#67 {main}

[previous exception] [object] (ErrorException(code: 0): Undefined variable $jenis at C:/laragon/www/pos_sahla/storage/framework/views/43ed9347cf12e1eb0dda44f444b49f13.php:95)
[stacktrace]
#0 C:/laragon/www/pos_sahla/vendor/laravel/framework/src/Illuminate/Foundation/Bootstrap/HandleExceptions.php(258): Illuminate/Foundation/Bootstrap/HandleExceptions->handleError(2, 'Undefined varia...', 'C://laragon//www//...', 95)
#1 C:/laragon/www/pos_sahla/storage/framework/views/43ed9347cf12e1eb0dda44f444b49f13.php(95): Illuminate/Foundation/Bootstrap/HandleExceptions->Illuminate/Foundation/Bootstrap/{closure}(2, 'Undefined varia...', 'C://laragon//www//...', 95)
#2 C:/laragon/www/pos_sahla/vendor/laravel/framework/src/Illuminate/Filesystem/Filesystem.php(123): require('C://laragon//www//...')
#3 C:/laragon/www/pos_sahla/vendor/laravel/framework/src/Illuminate/Filesystem/Filesystem.php(124): Illuminate/Filesystem/Filesystem::Illuminate/Filesystem/{closure}()
#4 C:/laragon/www/pos_sahla/vendor/laravel/framework/src/Illuminate/View/Engines/PhpEngine.php(57): Illuminate/Filesystem/Filesystem->getRequire('C://laragon//www//...', Array)
#5 C:/laragon/www/pos_sahla/vendor/laravel/framework/src/Illuminate/View/Engines/CompilerEngine.php(76): Illuminate/View/Engines/PhpEngine->evaluatePath('C://laragon//www//...', Array)
#6 C:/laragon/www/pos_sahla/vendor/laravel/framework/src/Illuminate/View/View.php(208): Illuminate/View/Engines/CompilerEngine->get('C://laragon//www//...', Array)
#7 C:/laragon/www/pos_sahla/vendor/laravel/framework/src/Illuminate/View/View.php(191): Illuminate/View/View->getContents()
#8 C:/laragon/www/pos_sahla/vendor/laravel/framework/src/Illuminate/View/View.php(160): Illuminate/View/View->renderContents()
#9 C:/laragon/www/pos_sahla/storage/framework/views/17002b7dd9eb1e45d4ba0871b02fdd75.php(15): Illuminate/View/View->render()
#10 C:/laragon/www/pos_sahla/vendor/laravel/framework/src/Illuminate/Filesystem/Filesystem.php(123): require('C://laragon//www//...')
#11 C:/laragon/www/pos_sahla/vendor/laravel/framework/src/Illuminate/Filesystem/Filesystem.php(124): Illuminate/Filesystem/Filesystem::Illuminate/Filesystem/{closure}()
#12 C:/laragon/www/pos_sahla/vendor/laravel/framework/src/Illuminate/View/Engines/PhpEngine.php(57): Illuminate/Filesystem/Filesystem->getRequire('C://laragon//www//...', Array)
#13 C:/laragon/www/pos_sahla/vendor/laravel/framework/src/Illuminate/View/Engines/CompilerEngine.php(76): Illuminate/View/Engines/PhpEngine->evaluatePath('C://laragon//www//...', Array)
#14 C:/laragon/www/pos_sahla/vendor/laravel/framework/src/Illuminate/View/View.php(208): Illuminate/View/Engines/CompilerEngine->get('C://laragon//www//...', Array)
#15 C:/laragon/www/pos_sahla/vendor/laravel/framework/src/Illuminate/View/View.php(191): Illuminate/View/View->getContents()
#16 C:/laragon/www/pos_sahla/vendor/laravel/framework/src/Illuminate/View/View.php(160): Illuminate/View/View->renderContents()
#17 C:/laragon/www/pos_sahla/vendor/laravel/framework/src/Illuminate/Http/Response.php(78): Illuminate/View/View->render()
#18 C:/laragon/www/pos_sahla/vendor/laravel/framework/src/Illuminate/Http/Response.php(34): Illuminate/Http/Response->setContent(Object(Illuminate/View/View))
#19 C:/laragon/www/pos_sahla/vendor/laravel/framework/src/Illuminate/Routing/Router.php(939): Illuminate/Http/Response->__construct(Object(Illuminate/View/View), 200, Array)
#20 C:/laragon/www/pos_sahla/vendor/laravel/framework/src/Illuminate/Routing/Router.php(906): Illuminate/Routing/Router::toResponse(Object(Illuminate/Http/Request), Object(Illuminate/View/View))
#21 C:/laragon/www/pos_sahla/vendor/laravel/framework/src/Illuminate/Routing/Router.php(821): Illuminate/Routing/Router->prepareResponse(Object(Illuminate/Http/Request), Object(Illuminate/View/View))
#22 C:/laragon/www/pos_sahla/vendor/laravel/framework/src/Illuminate/Pipeline/Pipeline.php(180): Illuminate/Routing/Router->Illuminate/Routing/{closure}(Object(Illuminate/Http/Request))
#23 C:/laragon/www/pos_sahla/app/Http/Middleware/RoleMiddleware.php(32): Illuminate/Pipeline/Pipeline->Illuminate/Pipeline/{closure}(Object(Illuminate/Http/Request))
#24 C:/laragon/www/pos_sahla/vendor/laravel/framework/src/Illuminate/Pipeline/Pipeline.php(219): App/Http/Middleware/RoleMiddleware->handle(Object(Illuminate/Http/Request), Object(Closure), 'admin', 'kasir')
#25 C:/laragon/www/pos_sahla/vendor/laravel/framework/src/Illuminate/Routing/Middleware/SubstituteBindings.php(50): Illuminate/Pipeline/Pipeline->Illuminate/Pipeline/{closure}(Object(Illuminate/Http/Request))
#26 C:/laragon/www/pos_sahla/vendor/laravel/framework/src/Illuminate/Pipeline/Pipeline.php(219): Illuminate/Routing/Middleware/SubstituteBindings->handle(Object(Illuminate/Http/Request), Object(Closure))
#27 C:/laragon/www/pos_sahla/vendor/laravel/framework/src/Illuminate/Auth/Middleware/Authenticate.php(63): Illuminate/Pipeline/Pipeline->Illuminate/Pipeline/{closure}(Object(Illuminate/Http/Request))
#28 C:/laragon/www/pos_sahla/vendor/laravel/framework/src/Illuminate/Pipeline/Pipeline.php(219): Illuminate/Auth/Middleware/Authenticate->handle(Object(Illuminate/Http/Request), Object(Closure))
#29 C:/laragon/www/pos_sahla/vendor/laravel/framework/src/Illuminate/Foundation/Http/Middleware/VerifyCsrfToken.php(87): Illuminate/Pipeline/Pipeline->Illuminate/Pipeline/{closure}(Object(Illuminate/Http/Request))
#30 C:/laragon/www/pos_sahla/vendor/laravel/framework/src/Illuminate/Pipeline/Pipeline.php(219): Illuminate/Foundation/Http/Middleware/VerifyCsrfToken->handle(Object(Illuminate/Http/Request), Object(Closure))
#31 C:/laragon/www/pos_sahla/vendor/laravel/framework/src/Illuminate/View/Middleware/ShareErrorsFromSession.php(48): Illuminate/Pipeline/Pipeline->Illuminate/Pipeline/{closure}(Object(Illuminate/Http/Request))
#32 C:/laragon/www/pos_sahla/vendor/laravel/framework/src/Illuminate/Pipeline/Pipeline.php(219): Illuminate/View/Middleware/ShareErrorsFromSession->handle(Object(Illuminate/Http/Request), Object(Closure))
#33 C:/laragon/www/pos_sahla/vendor/laravel/framework/src/Illuminate/Session/Middleware/StartSession.php(120): Illuminate/Pipeline/Pipeline->Illuminate/Pipeline/{closure}(Object(Illuminate/Http/Request))
#34 C:/laragon/www/pos_sahla/vendor/laravel/framework/src/Illuminate/Session/Middleware/StartSession.php(63): Illuminate/Session/Middleware/StartSession->handleStatefulRequest(Object(Illuminate/Http/Request), Object(Illuminate/Session/Store), Object(Closure))
#35 C:/laragon/www/pos_sahla/vendor/laravel/framework/src/Illuminate/Pipeline/Pipeline.php(219): Illuminate/Session/Middleware/StartSession->handle(Object(Illuminate/Http/Request), Object(Closure))
#36 C:/laragon/www/pos_sahla/vendor/laravel/framework/src/Illuminate/Cookie/Middleware/AddQueuedCookiesToResponse.php(36): Illuminate/Pipeline/Pipeline->Illuminate/Pipeline/{closure}(Object(Illuminate/Http/Request))
#37 C:/laragon/www/pos_sahla/vendor/laravel/framework/src/Illuminate/Pipeline/Pipeline.php(219): Illuminate/Cookie/Middleware/AddQueuedCookiesToResponse->handle(Object(Illuminate/Http/Request), Object(Closure))
#38 C:/laragon/www/pos_sahla/vendor/laravel/framework/src/Illuminate/Cookie/Middleware/EncryptCookies.php(74): Illuminate/Pipeline/Pipeline->Illuminate/Pipeline/{closure}(Object(Illuminate/Http/Request))
#39 C:/laragon/www/pos_sahla/vendor/laravel/framework/src/Illuminate/Pipeline/Pipeline.php(219): Illuminate/Cookie/Middleware/EncryptCookies->handle(Object(Illuminate/Http/Request), Object(Closure))
#40 C:/laragon/www/pos_sahla/vendor/laravel/framework/src/Illuminate/Pipeline/Pipeline.php(137): Illuminate/Pipeline/Pipeline->Illuminate/Pipeline/{closure}(Object(Illuminate/Http/Request))
#41 C:/laragon/www/pos_sahla/vendor/laravel/framework/src/Illuminate/Routing/Router.php(821): Illuminate/Pipeline/Pipeline->then(Object(Closure))
#42 C:/laragon/www/pos_sahla/vendor/laravel/framework/src/Illuminate/Routing/Router.php(800): Illuminate/Routing/Router->runRouteWithinStack(Object(Illuminate/Routing/Route), Object(Illuminate/Http/Request))
#43 C:/laragon/www/pos_sahla/vendor/laravel/framework/src/Illuminate/Routing/Router.php(764): Illuminate/Routing/Router->runRoute(Object(Illuminate/Http/Request), Object(Illuminate/Routing/Route))
#44 C:/laragon/www/pos_sahla/vendor/laravel/framework/src/Illuminate/Routing/Router.php(753): Illuminate/Routing/Router->dispatchToRoute(Object(Illuminate/Http/Request))
#45 C:/laragon/www/pos_sahla/vendor/laravel/framework/src/Illuminate/Foundation/Http/Kernel.php(200): Illuminate/Routing/Router->dispatch(Object(Illuminate/Http/Request))
#46 C:/laragon/www/pos_sahla/vendor/laravel/framework/src/Illuminate/Pipeline/Pipeline.php(180): Illuminate/Foundation/Http/Kernel->Illuminate/Foundation/Http/{closure}(Object(Illuminate/Http/Request))
#47 C:/laragon/www/pos_sahla/vendor/laravel/framework/src/Illuminate/Foundation/Http/Middleware/TransformsRequest.php(21): Illuminate/Pipeline/Pipeline->Illuminate/Pipeline/{closure}(Object(Illuminate/Http/Request))
#48 C:/laragon/www/pos_sahla/vendor/laravel/framework/src/Illuminate/Foundation/Http/Middleware/ConvertEmptyStringsToNull.php(31): Illuminate/Foundation/Http/Middleware/TransformsRequest->handle(Object(Illuminate/Http/Request), Object(Closure))
#49 C:/laragon/www/pos_sahla/vendor/laravel/framework/src/Illuminate/Pipeline/Pipeline.php(219): Illuminate/Foundation/Http/Middleware/ConvertEmptyStringsToNull->handle(Object(Illuminate/Http/Request), Object(Closure))
#50 C:/laragon/www/pos_sahla/vendor/laravel/framework/src/Illuminate/Foundation/Http/Middleware/TransformsRequest.php(21): Illuminate/Pipeline/Pipeline->Illuminate/Pipeline/{closure}(Object(Illuminate/Http/Request))
#51 C:/laragon/www/pos_sahla/vendor/laravel/framework/src/Illuminate/Foundation/Http/Middleware/TrimStrings.php(51): Illuminate/Foundation/Http/Middleware/TransformsRequest->handle(Object(Illuminate/Http/Request), Object(Closure))
#52 C:/laragon/www/pos_sahla/vendor/laravel/framework/src/Illuminate/Pipeline/Pipeline.php(219): Illuminate/Foundation/Http/Middleware/TrimStrings->handle(Object(Illuminate/Http/Request), Object(Closure))
#53 C:/laragon/www/pos_sahla/vendor/laravel/framework/src/Illuminate/Http/Middleware/ValidatePostSize.php(27): Illuminate/Pipeline/Pipeline->Illuminate/Pipeline/{closure}(Object(Illuminate/Http/Request))
#54 C:/laragon/www/pos_sahla/vendor/laravel/framework/src/Illuminate/Pipeline/Pipeline.php(219): Illuminate/Http/Middleware/ValidatePostSize->handle(Object(Illuminate/Http/Request), Object(Closure))
#55 C:/laragon/www/pos_sahla/vendor/laravel/framework/src/Illuminate/Foundation/Http/Middleware/PreventRequestsDuringMaintenance.php(109): Illuminate/Pipeline/Pipeline->Illuminate/Pipeline/{closure}(Object(Illuminate/Http/Request))
#56 C:/laragon/www/pos_sahla/vendor/laravel/framework/src/Illuminate/Pipeline/Pipeline.php(219): Illuminate/Foundation/Http/Middleware/PreventRequestsDuringMaintenance->handle(Object(Illuminate/Http/Request), Object(Closure))
#57 C:/laragon/www/pos_sahla/vendor/laravel/framework/src/Illuminate/Http/Middleware/HandleCors.php(61): Illuminate/Pipeline/Pipeline->Illuminate/Pipeline/{closure}(Object(Illuminate/Http/Request))
#58 C:/laragon/www/pos_sahla/vendor/laravel/framework/src/Illuminate/Pipeline/Pipeline.php(219): Illuminate/Http/Middleware/HandleCors->handle(Object(Illuminate/Http/Request), Object(Closure))
#59 C:/laragon/www/pos_sahla/vendor/laravel/framework/src/Illuminate/Http/Middleware/TrustProxies.php(58): Illuminate/Pipeline/Pipeline->Illuminate/Pipeline/{closure}(Object(Illuminate/Http/Request))
#60 C:/laragon/www/pos_sahla/vendor/laravel/framework/src/Illuminate/Pipeline/Pipeline.php(219): Illuminate/Http/Middleware/TrustProxies->handle(Object(Illuminate/Http/Request), Object(Closure))
#61 C:/laragon/www/pos_sahla/vendor/laravel/framework/src/Illuminate/Foundation/Http/Middleware/InvokeDeferredCallbacks.php(22): Illuminate/Pipeline/Pipeline->Illuminate/Pipeline/{closure}(Object(Illuminate/Http/Request))
#62 C:/laragon/www/pos_sahla/vendor/laravel/framework/src/Illuminate/Pipeline/Pipeline.php(219): Illuminate/Foundation/Http/Middleware/InvokeDeferredCallbacks->handle(Object(Illuminate/Http/Request), Object(Closure))
#63 C:/laragon/www/pos_sahla/vendor/laravel/framework/src/Illuminate/Http/Middleware/ValidatePathEncoding.php(26): Illuminate/Pipeline/Pipeline->Illuminate/Pipeline/{closure}(Object(Illuminate/Http/Request))
#64 C:/laragon/www/pos_sahla/vendor/laravel/framework/src/Illuminate/Pipeline/Pipeline.php(219): Illuminate/Http/Middleware/ValidatePathEncoding->handle(Object(Illuminate/Http/Request), Object(Closure))
#65 C:/laragon/www/pos_sahla/vendor/laravel/framework/src/Illuminate/Pipeline/Pipeline.php(137): Illuminate/Pipeline/Pipeline->Illuminate/Pipeline/{closure}(Object(Illuminate/Http/Request))
#66 C:/laragon/www/pos_sahla/vendor/laravel/framework/src/Illuminate/Foundation/Http/Kernel.php(175): Illuminate/Pipeline/Pipeline->then(Object(Closure))
#67 C:/laragon/www/pos_sahla/vendor/laravel/framework/src/Illuminate/Foundation/Http/Kernel.php(144): Illuminate/Foundation/Http/Kernel->sendRequestThroughRouter(Object(Illuminate/Http/Request))
#68 C:/laragon/www/pos_sahla/vendor/laravel/framework/src/Illuminate/Foundation/Application.php(1220): Illuminate/Foundation/Http/Kernel->handle(Object(Illuminate/Http/Request))
#69 C:/laragon/www/pos_sahla/public/index.php(20): Illuminate/Foundation/Application->handleRequest(Object(Illuminate/Http/Request))
#70 C:/laragon/www/pos_sahla/vendor/laravel/framework/src/Illuminate/Foundation/resources/server.php(23): require_once('C://laragon//www//...')
#71 {main}
"} 
[2026-08-12 05:59:51] local.ERROR: Uncaught ReflectionException: Class "App\Policies\ProdukPolicy" does not exist in Command line code:1
Stack trace:
#0 Command line code(1): ReflectionClass->__construct('App\\Policies\\Pr...')
#1 [internal function]: {closure}('App\\Policies\\Pr...', 'App\\Models\\Prod...')
#2 Command line code(1): array_map(Object(Closure), Array, Array)
#3 {main}
  thrown {"exception":"[object] (Symfony\\Component\\ErrorHandler\\Error\\FatalError(code: 0): Uncaught ReflectionException: Class \"App\\Policies\\ProdukPolicy\" does not exist in Command line code:1
Stack trace:
#0 Command line code(1): ReflectionClass->__construct('App\\\\Policies\\\\Pr...')
#1 [internal function]: {closure}('App\\\\Policies\\\\Pr...', 'App\\\\Models\\\\Prod...')
#2 Command line code(1): array_map(Object(Closure), Array, Array)
#3 {main}
  thrown at Command line code:1)
[stacktrace]
#0 {main}
"} 
[2026-08-12 06:00:15] local.ERROR: Class "App\Models\Jenis" not found {"userId":2,"exception":"[object] (Error(code: 0): Class \"App\\Models\\Jenis\" not found at C:/laragon/www/pos_sahla/app/Http/Controllers/ProdukController.php:32)
[stacktrace]
#0 C:/laragon/www/pos_sahla/vendor/laravel/framework/src/Illuminate/Routing/Controller.php(54): App/Http/Controllers/ProdukController->create()
#1 C:/laragon/www/pos_sahla/vendor/laravel/framework/src/Illuminate/Routing/ControllerDispatcher.php(43): Illuminate/Routing/Controller->callAction('create', Array)
#2 C:/laragon/www/pos_sahla/vendor/laravel/framework/src/Illuminate/Routing/Route.php(265): Illuminate/Routing/ControllerDispatcher->dispatch(Object(Illuminate/Routing/Route), Object(App/Http/Controllers/ProdukController), 'create')
#3 C:/laragon/www/pos_sahla/vendor/laravel/framework/src/Illuminate/Routing/Route.php(211): Illuminate/Routing/Route->runController()
#4 C:/laragon/www/pos_sahla/vendor/laravel/framework/src/Illuminate/Routing/Router.php(822): Illuminate/Routing/Route->run()
#5 C:/laragon/www/pos_sahla/vendor/laravel/framework/src/Illuminate/Pipeline/Pipeline.php(180): Illuminate/Routing/Router->Illuminate/Routing/{closure}(Object(Illuminate/Http/Request))
#6 C:/laragon/www/pos_sahla/app/Http/Middleware/RoleMiddleware.php(32): Illuminate/Pipeline/Pipeline->Illuminate/Pipeline/{closure}(Object(Illuminate/Http/Request))
#7 C:/laragon/www/pos_sahla/vendor/laravel/framework/src/Illuminate/Pipeline/Pipeline.php(219): App/Http/Middleware/RoleMiddleware->handle(Object(Illuminate/Http/Request), Object(Closure), 'admin', 'kasir')
#8 C:/laragon/www/pos_sahla/vendor/laravel/framework/src/Illuminate/Routing/Middleware/SubstituteBindings.php(50): Illuminate/Pipeline/Pipeline->Illuminate/Pipeline/{closure}(Object(Illuminate/Http/Request))
#9 C:/laragon/www/pos_sahla/vendor/laravel/framework/src/Illuminate/Pipeline/Pipeline.php(219): Illuminate/Routing/Middleware/SubstituteBindings->handle(Object(Illuminate/Http/Request), Object(Closure))
#10 C:/laragon/www/pos_sahla/vendor/laravel/framework/src/Illuminate/Auth/Middleware/Authenticate.php(63): Illuminate/Pipeline/Pipeline->Illuminate/Pipeline/{closure}(Object(Illuminate/Http/Request))
#11 C:/laragon/www/pos_sahla/vendor/laravel/framework/src/Illuminate/Pipeline/Pipeline.php(219): Illuminate/Auth/Middleware/Authenticate->handle(Object(Illuminate/Http/Request), Object(Closure))
#12 C:/laragon/www/pos_sahla/vendor/laravel/framework/src/Illuminate/Foundation/Http/Middleware/VerifyCsrfToken.php(87): Illuminate/Pipeline/Pipeline->Illuminate/Pipeline/{closure}(Object(Illuminate/Http/Request))
#13 C:/laragon/www/pos_sahla/vendor/laravel/framework/src/Illuminate/Pipeline/Pipeline.php(219): Illuminate/Foundation/Http/Middleware/VerifyCsrfToken->handle(Object(Illuminate/Http/Request), Object(Closure))
#14 C:/laragon/www/pos_sahla/vendor/laravel/framework/src/Illuminate/View/Middleware/ShareErrorsFromSession.php(48): Illuminate/Pipeline/Pipeline->Illuminate/Pipeline/{closure}(Object(Illuminate/Http/Request))
#15 C:/laragon/www/pos_sahla/vendor/laravel/framework/src/Illuminate/Pipeline/Pipeline.php(219): Illuminate/View/Middleware/ShareErrorsFromSession->handle(Object(Illuminate/Http/Request), Object(Closure))
#16 C:/laragon/www/pos_sahla/vendor/laravel/framework/src/Illuminate/Session/Middleware/StartSession.php(120): Illuminate/Pipeline/Pipeline->Illuminate/Pipeline/{closure}(Object(Illuminate/Http/Request))
#17 C:/laragon/www/pos_sahla/vendor/laravel/framework/src/Illuminate/Session/Middleware/StartSession.php(63): Illuminate/Session/Middleware/StartSession->handleStatefulRequest(Object(Illuminate/Http/Request), Object(Illuminate/Session/Store), Object(Closure))
#18 C:/laragon/www/pos_sahla/vendor/laravel/framework/src/Illuminate/Pipeline/Pipeline.php(219): Illuminate/Session/Middleware/StartSession->handle(Object(Illuminate/Http/Request), Object(Closure))
#19 C:/laragon/www/pos_sahla/vendor/laravel/framework/src/Illuminate/Cookie/Middleware/AddQueuedCookiesToResponse.php(36): Illuminate/Pipeline/Pipeline->Illuminate/Pipeline/{closure}(Object(Illuminate/Http/Request))
#20 C:/laragon/www/pos_sahla/vendor/laravel/framework/src/Illuminate/Pipeline/Pipeline.php(219): Illuminate/Cookie/Middleware/AddQueuedCookiesToResponse->handle(Object(Illuminate/Http/Request), Object(Closure))
#21 C:/laragon/www/pos_sahla/vendor/laravel/framework/src/Illuminate/Cookie/Middleware/EncryptCookies.php(74): Illuminate/Pipeline/Pipeline->Illuminate/Pipeline/{closure}(Object(Illuminate/Http/Request))
#22 C:/laragon/www/pos_sahla/vendor/laravel/framework/src/Illuminate/Pipeline/Pipeline.php(219): Illuminate/Cookie/Middleware/EncryptCookies->handle(Object(Illuminate/Http/Request), Object(Closure))
#23 C:/laragon/www/pos_sahla/vendor/laravel/framework/src/Illuminate/Pipeline/Pipeline.php(137): Illuminate/Pipeline/Pipeline->Illuminate/Pipeline/{closure}(Object(Illuminate/Http/Request))
#24 C:/laragon/www/pos_sahla/vendor/laravel/framework/src/Illuminate/Routing/Router.php(821): Illuminate/Pipeline/Pipeline->then(Object(Closure))
#25 C:/laragon/www/pos_sahla/vendor/laravel/framework/src/Illuminate/Routing/Router.php(800): Illuminate/Routing/Router->runRouteWithinStack(Object(Illuminate/Routing/Route), Object(Illuminate/Http/Request))
#26 C:/laragon/www/pos_sahla/vendor/laravel/framework/src/Illuminate/Routing/Router.php(764): Illuminate/Routing/Router->runRoute(Object(Illuminate/Http/Request), Object(Illuminate/Routing/Route))
#27 C:/laragon/www/pos_sahla/vendor/laravel/framework/src/Illuminate/Routing/Router.php(753): Illuminate/Routing/Router->dispatchToRoute(Object(Illuminate/Http/Request))
#28 C:/laragon/www/pos_sahla/vendor/laravel/framework/src/Illuminate/Foundation/Http/Kernel.php(200): Illuminate/Routing/Router->dispatch(Object(Illuminate/Http/Request))
#29 C:/laragon/www/pos_sahla/vendor/laravel/framework/src/Illuminate/Pipeline/Pipeline.php(180): Illuminate/Foundation/Http/Kernel->Illuminate/Foundation/Http/{closure}(Object(Illuminate/Http/Request))
#30 C:/laragon/www/pos_sahla/vendor/laravel/framework/src/Illuminate/Foundation/Http/Middleware/TransformsRequest.php(21): Illuminate/Pipeline/Pipeline->Illuminate/Pipeline/{closure}(Object(Illuminate/Http/Request))
#31 C:/laragon/www/pos_sahla/vendor/laravel/framework/src/Illuminate/Foundation/Http/Middleware/ConvertEmptyStringsToNull.php(31): Illuminate/Foundation/Http/Middleware/TransformsRequest->handle(Object(Illuminate/Http/Request), Object(Closure))
#32 C:/laragon/www/pos_sahla/vendor/laravel/framework/src/Illuminate/Pipeline/Pipeline.php(219): Illuminate/Foundation/Http/Middleware/ConvertEmptyStringsToNull->handle(Object(Illuminate/Http/Request), Object(Closure))
#33 C:/laragon/www/pos_sahla/vendor/laravel/framework/src/Illuminate/Foundation/Http/Middleware/TransformsRequest.php(21): Illuminate/Pipeline/Pipeline->Illuminate/Pipeline/{closure}(Object(Illuminate/Http/Request))
#34 C:/laragon/www/pos_sahla/vendor/laravel/framework/src/Illuminate/Foundation/Http/Middleware/TrimStrings.php(51): Illuminate/Foundation/Http/Middleware/TransformsRequest->handle(Object(Illuminate/Http/Request), Object(Closure))
#35 C:/laragon/www/pos_sahla/vendor/laravel/framework/src/Illuminate/Pipeline/Pipeline.php(219): Illuminate/Foundation/Http/Middleware/TrimStrings->handle(Object(Illuminate/Http/Request), Object(Closure))
#36 C:/laragon/www/pos_sahla/vendor/laravel/framework/src/Illuminate/Http/Middleware/ValidatePostSize.php(27): Illuminate/Pipeline/Pipeline->Illuminate/Pipeline/{closure}(Object(Illuminate/Http/Request))
#37 C:/laragon/www/pos_sahla/vendor/laravel/framework/src/Illuminate/Pipeline/Pipeline.php(219): Illuminate/Http/Middleware/ValidatePostSize->handle(Object(Illuminate/Http/Request), Object(Closure))
#38 C:/laragon/www/pos_sahla/vendor/laravel/framework/src/Illuminate/Foundation/Http/Middleware/PreventRequestsDuringMaintenance.php(109): Illuminate/Pipeline/Pipeline->Illuminate/Pipeline/{closure}(Object(Illuminate/Http/Request))
#39 C:/laragon/www/pos_sahla/vendor/laravel/framework/src/Illuminate/Pipeline/Pipeline.php(219): Illuminate/Foundation/Http/Middleware/PreventRequestsDuringMaintenance->handle(Object(Illuminate/Http/Request), Object(Closure))
#40 C:/laragon/www/pos_sahla/vendor/laravel/framework/src/Illuminate/Http/Middleware/HandleCors.php(61): Illuminate/Pipeline/Pipeline->Illuminate/Pipeline/{closure}(Object(Illuminate/Http/Request))
#41 C:/laragon/www/pos_sahla/vendor/laravel/framework/src/Illuminate/Pipeline/Pipeline.php(219): Illuminate/Http/Middleware/HandleCors->handle(Object(Illuminate/Http/Request), Object(Closure))
#42 C:/laragon/www/pos_sahla/vendor/laravel/framework/src/Illuminate/Http/Middleware/TrustProxies.php(58): Illuminate/Pipeline/Pipeline->Illuminate/Pipeline/{closure}(Object(Illuminate/Http/Request))
#43 C:/laragon/www/pos_sahla/vendor/laravel/framework/src/Illuminate/Pipeline/Pipeline.php(219): Illuminate/Http/Middleware/TrustProxies->handle(Object(Illuminate/Http/Request), Object(Closure))
#44 C:/laragon/www/pos_sahla/vendor/laravel/framework/src/Illuminate/Foundation/Http/Middleware/InvokeDeferredCallbacks.php(22): Illuminate/Pipeline/Pipeline->Illuminate/Pipeline/{closure}(Object(Illuminate/Http/Request))
#45 C:/laragon/www/pos_sahla/vendor/laravel/framework/src/Illuminate/Pipeline/Pipeline.php(219): Illuminate/Foundation/Http/Middleware/InvokeDeferredCallbacks->handle(Object(Illuminate/Http/Request), Object(Closure))
#46 C:/laragon/www/pos_sahla/vendor/laravel/framework/src/Illuminate/Http/Middleware/ValidatePathEncoding.php(26): Illuminate/Pipeline/Pipeline->Illuminate/Pipeline/{closure}(Object(Illuminate/Http/Request))
#47 C:/laragon/www/pos_sahla/vendor/laravel/framework/src/Illuminate/Pipeline/Pipeline.php(219): Illuminate/Http/Middleware/ValidatePathEncoding->handle(Object(Illuminate/Http/Request), Object(Closure))
#48 C:/laragon/www/pos_sahla/vendor/laravel/framework/src/Illuminate/Pipeline/Pipeline.php(137): Illuminate/Pipeline/Pipeline->Illuminate/Pipeline/{closure}(Object(Illuminate/Http/Request))
#49 C:/laragon/www/pos_sahla/vendor/laravel/framework/src/Illuminate/Foundation/Http/Kernel.php(175): Illuminate/Pipeline/Pipeline->then(Object(Closure))
#50 C:/laragon/www/pos_sahla/vendor/laravel/framework/src/Illuminate/Foundation/Http/Kernel.php(144): Illuminate/Foundation/Http/Kernel->sendRequestThroughRouter(Object(Illuminate/Http/Request))
#51 C:/laragon/www/pos_sahla/vendor/laravel/framework/src/Illuminate/Foundation/Application.php(1220): Illuminate/Foundation/Http/Kernel->handle(Object(Illuminate/Http/Request))
#52 C:/laragon/www/pos_sahla/public/index.php(20): Illuminate/Foundation/Application->handleRequest(Object(Illuminate/Http/Request))
#53 C:/laragon/www/pos_sahla/vendor/laravel/framework/src/Illuminate/Foundation/resources/server.php(23): require_once('C://laragon//www//...')
#54 {main}
"} 
[2026-08-12 06:00:51] local.ERROR: Uncaught ReflectionException: Class "App\Policies\ProdukPolicy" does not exist in Command line code:1
Stack trace:
#0 Command line code(1): ReflectionClass->__construct('App\\Policies\\Pr...')
#1 [internal function]: {closure}('App\\Policies\\Pr...', 'App\\Models\\Prod...')
#2 Command line code(1): array_map(Object(Closure), Array, Array)
#3 {main}
  thrown {"exception":"[object] (Symfony\\Component\\ErrorHandler\\Error\\FatalError(code: 0): Uncaught ReflectionException: Class \"App\\Policies\\ProdukPolicy\" does not exist in Command line code:1
Stack trace:
#0 Command line code(1): ReflectionClass->__construct('App\\\\Policies\\\\Pr...')
#1 [internal function]: {closure}('App\\\\Policies\\\\Pr...', 'App\\\\Models\\\\Prod...')
#2 Command line code(1): array_map(Object(Closure), Array, Array)
#3 {main}
  thrown at Command line code:1)
[stacktrace]
#0 {main}
"} 
[2026-08-12 06:01:52] local.ERROR: Uncaught ReflectionException: Class "App\Policies\ProdukPolicy" does not exist in Command line code:1
Stack trace:
#0 Command line code(1): ReflectionClass->__construct('App\\Policies\\Pr...')
#1 [internal function]: {closure}('App\\Policies\\Pr...', 'App\\Models\\Prod...')
#2 Command line code(1): array_map(Object(Closure), Array, Array)
#3 {main}
  thrown {"exception":"[object] (Symfony\\Component\\ErrorHandler\\Error\\FatalError(code: 0): Uncaught ReflectionException: Class \"App\\Policies\\ProdukPolicy\" does not exist in Command line code:1
Stack trace:
#0 Command line code(1): ReflectionClass->__construct('App\\\\Policies\\\\Pr...')
#1 [internal function]: {closure}('App\\\\Policies\\\\Pr...', 'App\\\\Models\\\\Prod...')
#2 Command line code(1): array_map(Object(Closure), Array, Array)
#3 {main}
  thrown at Command line code:1)
[stacktrace]
#0 {main}
"} 
[2026-08-12 06:02:51] local.ERROR: Uncaught ReflectionException: Class "App\Policies\ProdukPolicy" does not exist in Command line code:1
Stack trace:
#0 Command line code(1): ReflectionClass->__construct('App\\Policies\\Pr...')
#1 [internal function]: {closure}('App\\Policies\\Pr...', 'App\\Models\\Prod...')
#2 Command line code(1): array_map(Object(Closure), Array, Array)
#3 {main}
  thrown {"exception":"[object] (Symfony\\Component\\ErrorHandler\\Error\\FatalError(code: 0): Uncaught ReflectionException: Class \"App\\Policies\\ProdukPolicy\" does not exist in Command line code:1
Stack trace:
#0 Command line code(1): ReflectionClass->__construct('App\\\\Policies\\\\Pr...')
#1 [internal function]: {closure}('App\\\\Policies\\\\Pr...', 'App\\\\Models\\\\Prod...')
#2 Command line code(1): array_map(Object(Closure), Array, Array)
#3 {main}
  thrown at Command line code:1)
[stacktrace]
#0 {main}
"} 
[2026-08-12 06:03:52] local.ERROR: Uncaught ReflectionException: Class "App\Policies\ProdukPolicy" does not exist in Command line code:1
Stack trace:
#0 Command line code(1): ReflectionClass->__construct('App\\Policies\\Pr...')
#1 [internal function]: {closure}('App\\Policies\\Pr...', 'App\\Models\\Prod...')
#2 Command line code(1): array_map(Object(Closure), Array, Array)
#3 {main}
  thrown {"exception":"[object] (Symfony\\Component\\ErrorHandler\\Error\\FatalError(code: 0): Uncaught ReflectionException: Class \"App\\Policies\\ProdukPolicy\" does not exist in Command line code:1
Stack trace:
#0 Command line code(1): ReflectionClass->__construct('App\\\\Policies\\\\Pr...')
#1 [internal function]: {closure}('App\\\\Policies\\\\Pr...', 'App\\\\Models\\\\Prod...')
#2 Command line code(1): array_map(Object(Closure), Array, Array)
#3 {main}
  thrown at Command line code:1)
[stacktrace]
#0 {main}
"} 
[2026-08-12 06:04:51] local.ERROR: Uncaught ReflectionException: Class "App\Policies\ProdukPolicy" does not exist in Command line code:1
Stack trace:
#0 Command line code(1): ReflectionClass->__construct('App\\Policies\\Pr...')
#1 [internal function]: {closure}('App\\Policies\\Pr...', 'App\\Models\\Prod...')
#2 Command line code(1): array_map(Object(Closure), Array, Array)
#3 {main}
  thrown {"exception":"[object] (Symfony\\Component\\ErrorHandler\\Error\\FatalError(code: 0): Uncaught ReflectionException: Class \"App\\Policies\\ProdukPolicy\" does not exist in Command line code:1
Stack trace:
#0 Command line code(1): ReflectionClass->__construct('App\\\\Policies\\\\Pr...')
#1 [internal function]: {closure}('App\\\\Policies\\\\Pr...', 'App\\\\Models\\\\Prod...')
#2 Command line code(1): array_map(Object(Closure), Array, Array)
#3 {main}
  thrown at Command line code:1)
[stacktrace]
#0 {main}
"} 
[2026-08-12 06:04:58] local.ERROR: Undefined variable $jenis (View: C:\laragon\www\pos_sahla\resources\views\produk\_form.blade.php) (View: C:\laragon\www\pos_sahla\resources\views\produk\_form.blade.php) {"userId":2,"exception":"[object] (Illuminate\\View\\ViewException(code: 0): Undefined variable $jenis (View: C:\\laragon\\www\\pos_sahla\\resources\\views\\produk\\_form.blade.php) (View: C:\\laragon\\www\\pos_sahla\\resources\\views\\produk\\_form.blade.php) at C:/laragon/www/pos_sahla/storage/framework/views/43ed9347cf12e1eb0dda44f444b49f13.php:95)
[stacktrace]
#0 C:/laragon/www/pos_sahla/vendor/laravel/framework/src/Illuminate/View/Engines/PhpEngine.php(59): Illuminate/View/Engines/CompilerEngine->handleViewException(Object(Illuminate/View/ViewException), 1)
#1 C:/laragon/www/pos_sahla/vendor/laravel/framework/src/Illuminate/View/Engines/CompilerEngine.php(76): Illuminate/View/Engines/PhpEngine->evaluatePath('C://laragon//www//...', Array)
#2 C:/laragon/www/pos_sahla/vendor/laravel/framework/src/Illuminate/View/View.php(208): Illuminate/View/Engines/CompilerEngine->get('C://laragon//www//...', Array)
#3 C:/laragon/www/pos_sahla/vendor/laravel/framework/src/Illuminate/View/View.php(191): Illuminate/View/View->getContents()
#4 C:/laragon/www/pos_sahla/vendor/laravel/framework/src/Illuminate/View/View.php(160): Illuminate/View/View->renderContents()
#5 C:/laragon/www/pos_sahla/vendor/laravel/framework/src/Illuminate/Http/Response.php(78): Illuminate/View/View->render()
#6 C:/laragon/www/pos_sahla/vendor/laravel/framework/src/Illuminate/Http/Response.php(34): Illuminate/Http/Response->setContent(Object(Illuminate/View/View))
#7 C:/laragon/www/pos_sahla/vendor/laravel/framework/src/Illuminate/Routing/Router.php(939): Illuminate/Http/Response->__construct(Object(Illuminate/View/View), 200, Array)
#8 C:/laragon/www/pos_sahla/vendor/laravel/framework/src/Illuminate/Routing/Router.php(906): Illuminate/Routing/Router::toResponse(Object(Illuminate/Http/Request), Object(Illuminate/View/View))
#9 C:/laragon/www/pos_sahla/vendor/laravel/framework/src/Illuminate/Routing/Router.php(821): Illuminate/Routing/Router->prepareResponse(Object(Illuminate/Http/Request), Object(Illuminate/View/View))
#10 C:/laragon/www/pos_sahla/vendor/laravel/framework/src/Illuminate/Pipeline/Pipeline.php(180): Illuminate/Routing/Router->Illuminate/Routing/{closure}(Object(Illuminate/Http/Request))
#11 C:/laragon/www/pos_sahla/app/Http/Middleware/RoleMiddleware.php(32): Illuminate/Pipeline/Pipeline->Illuminate/Pipeline/{closure}(Object(Illuminate/Http/Request))
#12 C:/laragon/www/pos_sahla/vendor/laravel/framework/src/Illuminate/Pipeline/Pipeline.php(219): App/Http/Middleware/RoleMiddleware->handle(Object(Illuminate/Http/Request), Object(Closure), 'admin', 'kasir')
#13 C:/laragon/www/pos_sahla/vendor/laravel/framework/src/Illuminate/Routing/Middleware/SubstituteBindings.php(50): Illuminate/Pipeline/Pipeline->Illuminate/Pipeline/{closure}(Object(Illuminate/Http/Request))
#14 C:/laragon/www/pos_sahla/vendor/laravel/framework/src/Illuminate/Pipeline/Pipeline.php(219): Illuminate/Routing/Middleware/SubstituteBindings->handle(Object(Illuminate/Http/Request), Object(Closure))
#15 C:/laragon/www/pos_sahla/vendor/laravel/framework/src/Illuminate/Auth/Middleware/Authenticate.php(63): Illuminate/Pipeline/Pipeline->Illuminate/Pipeline/{closure}(Object(Illuminate/Http/Request))
#16 C:/laragon/www/pos_sahla/vendor/laravel/framework/src/Illuminate/Pipeline/Pipeline.php(219): Illuminate/Auth/Middleware/Authenticate->handle(Object(Illuminate/Http/Request), Object(Closure))
#17 C:/laragon/www/pos_sahla/vendor/laravel/framework/src/Illuminate/Foundation/Http/Middleware/VerifyCsrfToken.php(87): Illuminate/Pipeline/Pipeline->Illuminate/Pipeline/{closure}(Object(Illuminate/Http/Request))
#18 C:/laragon/www/pos_sahla/vendor/laravel/framework/src/Illuminate/Pipeline/Pipeline.php(219): Illuminate/Foundation/Http/Middleware/VerifyCsrfToken->handle(Object(Illuminate/Http/Request), Object(Closure))
#19 C:/laragon/www/pos_sahla/vendor/laravel/framework/src/Illuminate/View/Middleware/ShareErrorsFromSession.php(48): Illuminate/Pipeline/Pipeline->Illuminate/Pipeline/{closure}(Object(Illuminate/Http/Request))
#20 C:/laragon/www/pos_sahla/vendor/laravel/framework/src/Illuminate/Pipeline/Pipeline.php(219): Illuminate/View/Middleware/ShareErrorsFromSession->handle(Object(Illuminate/Http/Request), Object(Closure))
#21 C:/laragon/www/pos_sahla/vendor/laravel/framework/src/Illuminate/Session/Middleware/StartSession.php(120): Illuminate/Pipeline/Pipeline->Illuminate/Pipeline/{closure}(Object(Illuminate/Http/Request))
#22 C:/laragon/www/pos_sahla/vendor/laravel/framework/src/Illuminate/Session/Middleware/StartSession.php(63): Illuminate/Session/Middleware/StartSession->handleStatefulRequest(Object(Illuminate/Http/Request), Object(Illuminate/Session/Store), Object(Closure))
#23 C:/laragon/www/pos_sahla/vendor/laravel/framework/src/Illuminate/Pipeline/Pipeline.php(219): Illuminate/Session/Middleware/StartSession->handle(Object(Illuminate/Http/Request), Object(Closure))
#24 C:/laragon/www/pos_sahla/vendor/laravel/framework/src/Illuminate/Cookie/Middleware/AddQueuedCookiesToResponse.php(36): Illuminate/Pipeline/Pipeline->Illuminate/Pipeline/{closure}(Object(Illuminate/Http/Request))
#25 C:/laragon/www/pos_sahla/vendor/laravel/framework/src/Illuminate/Pipeline/Pipeline.php(219): Illuminate/Cookie/Middleware/AddQueuedCookiesToResponse->handle(Object(Illuminate/Http/Request), Object(Closure))
#26 C:/laragon/www/pos_sahla/vendor/laravel/framework/src/Illuminate/Cookie/Middleware/EncryptCookies.php(74): Illuminate/Pipeline/Pipeline->Illuminate/Pipeline/{closure}(Object(Illuminate/Http/Request))
#27 C:/laragon/www/pos_sahla/vendor/laravel/framework/src/Illuminate/Pipeline/Pipeline.php(219): Illuminate/Cookie/Middleware/EncryptCookies->handle(Object(Illuminate/Http/Request), Object(Closure))
#28 C:/laragon/www/pos_sahla/vendor/laravel/framework/src/Illuminate/Pipeline/Pipeline.php(137): Illuminate/Pipeline/Pipeline->Illuminate/Pipeline/{closure}(Object(Illuminate/Http/Request))
#29 C:/laragon/www/pos_sahla/vendor/laravel/framework/src/Illuminate/Routing/Router.php(821): Illuminate/Pipeline/Pipeline->then(Object(Closure))
#30 C:/laragon/www/pos_sahla/vendor/laravel/framework/src/Illuminate/Routing/Router.php(800): Illuminate/Routing/Router->runRouteWithinStack(Object(Illuminate/Routing/Route), Object(Illuminate/Http/Request))
#31 C:/laragon/www/pos_sahla/vendor/laravel/framework/src/Illuminate/Routing/Router.php(764): Illuminate/Routing/Router->runRoute(Object(Illuminate/Http/Request), Object(Illuminate/Routing/Route))
#32 C:/laragon/www/pos_sahla/vendor/laravel/framework/src/Illuminate/Routing/Router.php(753): Illuminate/Routing/Router->dispatchToRoute(Object(Illuminate/Http/Request))
#33 C:/laragon/www/pos_sahla/vendor/laravel/framework/src/Illuminate/Foundation/Http/Kernel.php(200): Illuminate/Routing/Router->dispatch(Object(Illuminate/Http/Request))
#34 C:/laragon/www/pos_sahla/vendor/laravel/framework/src/Illuminate/Pipeline/Pipeline.php(180): Illuminate/Foundation/Http/Kernel->Illuminate/Foundation/Http/{closure}(Object(Illuminate/Http/Request))
#35 C:/laragon/www/pos_sahla/vendor/laravel/framework/src/Illuminate/Foundation/Http/Middleware/TransformsRequest.php(21): Illuminate/Pipeline/Pipeline->Illuminate/Pipeline/{closure}(Object(Illuminate/Http/Request))
#36 C:/laragon/www/pos_sahla/vendor/laravel/framework/src/Illuminate/Foundation/Http/Middleware/ConvertEmptyStringsToNull.php(31): Illuminate/Foundation/Http/Middleware/TransformsRequest->handle(Object(Illuminate/Http/Request), Object(Closure))
#37 C:/laragon/www/pos_sahla/vendor/laravel/framework/src/Illuminate/Pipeline/Pipeline.php(219): Illuminate/Foundation/Http/Middleware/ConvertEmptyStringsToNull->handle(Object(Illuminate/Http/Request), Object(Closure))
#38 C:/laragon/www/pos_sahla/vendor/laravel/framework/src/Illuminate/Foundation/Http/Middleware/TransformsRequest.php(21): Illuminate/Pipeline/Pipeline->Illuminate/Pipeline/{closure}(Object(Illuminate/Http/Request))
#39 C:/laragon/www/pos_sahla/vendor/laravel/framework/src/Illuminate/Foundation/Http/Middleware/TrimStrings.php(51): Illuminate/Foundation/Http/Middleware/TransformsRequest->handle(Object(Illuminate/Http/Request), Object(Closure))
#40 C:/laragon/www/pos_sahla/vendor/laravel/framework/src/Illuminate/Pipeline/Pipeline.php(219): Illuminate/Foundation/Http/Middleware/TrimStrings->handle(Object(Illuminate/Http/Request), Object(Closure))
#41 C:/laragon/www/pos_sahla/vendor/laravel/framework/src/Illuminate/Http/Middleware/ValidatePostSize.php(27): Illuminate/Pipeline/Pipeline->Illuminate/Pipeline/{closure}(Object(Illuminate/Http/Request))
#42 C:/laragon/www/pos_sahla/vendor/laravel/framework/src/Illuminate/Pipeline/Pipeline.php(219): Illuminate/Http/Middleware/ValidatePostSize->handle(Object(Illuminate/Http/Request), Object(Closure))
#43 C:/laragon/www/pos_sahla/vendor/laravel/framework/src/Illuminate/Foundation/Http/Middleware/PreventRequestsDuringMaintenance.php(109): Illuminate/Pipeline/Pipeline->Illuminate/Pipeline/{closure}(Object(Illuminate/Http/Request))
#44 C:/laragon/www/pos_sahla/vendor/laravel/framework/src/Illuminate/Pipeline/Pipeline.php(219): Illuminate/Foundation/Http/Middleware/PreventRequestsDuringMaintenance->handle(Object(Illuminate/Http/Request), Object(Closure))
#45 C:/laragon/www/pos_sahla/vendor/laravel/framework/src/Illuminate/Http/Middleware/HandleCors.php(61): Illuminate/Pipeline/Pipeline->Illuminate/Pipeline/{closure}(Object(Illuminate/Http/Request))
#46 C:/laragon/www/pos_sahla/vendor/laravel/framework/src/Illuminate/Pipeline/Pipeline.php(219): Illuminate/Http/Middleware/HandleCors->handle(Object(Illuminate/Http/Request), Object(Closure))
#47 C:/laragon/www/pos_sahla/vendor/laravel/framework/src/Illuminate/Http/Middleware/TrustProxies.php(58): Illuminate/Pipeline/Pipeline->Illuminate/Pipeline/{closure}(Object(Illuminate/Http/Request))
#48 C:/laragon/www/pos_sahla/vendor/laravel/framework/src/Illuminate/Pipeline/Pipeline.php(219): Illuminate/Http/Middleware/TrustProxies->handle(Object(Illuminate/Http/Request), Object(Closure))
#49 C:/laragon/www/pos_sahla/vendor/laravel/framework/src/Illuminate/Foundation/Http/Middleware/InvokeDeferredCallbacks.php(22): Illuminate/Pipeline/Pipeline->Illuminate/Pipeline/{closure}(Object(Illuminate/Http/Request))
#50 C:/laragon/www/pos_sahla/vendor/laravel/framework/src/Illuminate/Pipeline/Pipeline.php(219): Illuminate/Foundation/Http/Middleware/InvokeDeferredCallbacks->handle(Object(Illuminate/Http/Request), Object(Closure))
#51 C:/laragon/www/pos_sahla/vendor/laravel/framework/src/Illuminate/Http/Middleware/ValidatePathEncoding.php(26): Illuminate/Pipeline/Pipeline->Illuminate/Pipeline/{closure}(Object(Illuminate/Http/Request))
#52 C:/laragon/www/pos_sahla/vendor/laravel/framework/src/Illuminate/Pipeline/Pipeline.php(219): Illuminate/Http/Middleware/ValidatePathEncoding->handle(Object(Illuminate/Http/Request), Object(Closure))
#53 C:/laragon/www/pos_sahla/vendor/laravel/framework/src/Illuminate/Pipeline/Pipeline.php(137): Illuminate/Pipeline/Pipeline->Illuminate/Pipeline/{closure}(Object(Illuminate/Http/Request))
#54 C:/laragon/www/pos_sahla/vendor/laravel/framework/src/Illuminate/Foundation/Http/Kernel.php(175): Illuminate/Pipeline/Pipeline->then(Object(Closure))
#55 C:/laragon/www/pos_sahla/vendor/laravel/framework/src/Illuminate/Foundation/Http/Kernel.php(144): Illuminate/Foundation/Http/Kernel->sendRequestThroughRouter(Object(Illuminate/Http/Request))
#56 C:/laragon/www/pos_sahla/vendor/laravel/framework/src/Illuminate/Foundation/Application.php(1220): Illuminate/Foundation/Http/Kernel->handle(Object(Illuminate/Http/Request))
#57 C:/laragon/www/pos_sahla/public/index.php(20): Illuminate/Foundation/Application->handleRequest(Object(Illuminate/Http/Request))
#58 C:/laragon/www/pos_sahla/vendor/laravel/framework/src/Illuminate/Foundation/resources/server.php(23): require_once('C://laragon//www//...')
#59 {main}

[previous exception] [object] (Illuminate\\View\\ViewException(code: 0): Undefined variable $jenis (View: C:\\laragon\\www\\pos_sahla\\resources\\views\\produk\\_form.blade.php) at C:/laragon/www/pos_sahla/storage/framework/views/43ed9347cf12e1eb0dda44f444b49f13.php:95)
[stacktrace]
#0 C:/laragon/www/pos_sahla/vendor/laravel/framework/src/Illuminate/View/Engines/PhpEngine.php(59): Illuminate/View/Engines/CompilerEngine->handleViewException(Object(ErrorException), 3)
#1 C:/laragon/www/pos_sahla/vendor/laravel/framework/src/Illuminate/View/Engines/CompilerEngine.php(76): Illuminate/View/Engines/PhpEngine->evaluatePath('C://laragon//www//...', Array)
#2 C:/laragon/www/pos_sahla/vendor/laravel/framework/src/Illuminate/View/View.php(208): Illuminate/View/Engines/CompilerEngine->get('C://laragon//www//...', Array)
#3 C:/laragon/www/pos_sahla/vendor/laravel/framework/src/Illuminate/View/View.php(191): Illuminate/View/View->getContents()
#4 C:/laragon/www/pos_sahla/vendor/laravel/framework/src/Illuminate/View/View.php(160): Illuminate/View/View->renderContents()
#5 C:/laragon/www/pos_sahla/storage/framework/views/17002b7dd9eb1e45d4ba0871b02fdd75.php(15): Illuminate/View/View->render()
#6 C:/laragon/www/pos_sahla/vendor/laravel/framework/src/Illuminate/Filesystem/Filesystem.php(123): require('C://laragon//www//...')
#7 C:/laragon/www/pos_sahla/vendor/laravel/framework/src/Illuminate/Filesystem/Filesystem.php(124): Illuminate/Filesystem/Filesystem::Illuminate/Filesystem/{closure}()
#8 C:/laragon/www/pos_sahla/vendor/laravel/framework/src/Illuminate/View/Engines/PhpEngine.php(57): Illuminate/Filesystem/Filesystem->getRequire('C://laragon//www//...', Array)
#9 C:/laragon/www/pos_sahla/vendor/laravel/framework/src/Illuminate/View/Engines/CompilerEngine.php(76): Illuminate/View/Engines/PhpEngine->evaluatePath('C://laragon//www//...', Array)
#10 C:/laragon/www/pos_sahla/vendor/laravel/framework/src/Illuminate/View/View.php(208): Illuminate/View/Engines/CompilerEngine->get('C://laragon//www//...', Array)
#11 C:/laragon/www/pos_sahla/vendor/laravel/framework/src/Illuminate/View/View.php(191): Illuminate/View/View->getContents()
#12 C:/laragon/www/pos_sahla/vendor/laravel/framework/src/Illuminate/View/View.php(160): Illuminate/View/View->renderContents()
#13 C:/laragon/www/pos_sahla/vendor/laravel/framework/src/Illuminate/Http/Response.php(78): Illuminate/View/View->render()
#14 C:/laragon/www/pos_sahla/vendor/laravel/framework/src/Illuminate/Http/Response.php(34): Illuminate/Http/Response->setContent(Object(Illuminate/View/View))
#15 C:/laragon/www/pos_sahla/vendor/laravel/framework/src/Illuminate/Routing/Router.php(939): Illuminate/Http/Response->__construct(Object(Illuminate/View/View), 200, Array)
#16 C:/laragon/www/pos_sahla/vendor/laravel/framework/src/Illuminate/Routing/Router.php(906): Illuminate/Routing/Router::toResponse(Object(Illuminate/Http/Request), Object(Illuminate/View/View))
#17 C:/laragon/www/pos_sahla/vendor/laravel/framework/src/Illuminate/Routing/Router.php(821): Illuminate/Routing/Router->prepareResponse(Object(Illuminate/Http/Request), Object(Illuminate/View/View))
#18 C:/laragon/www/pos_sahla/vendor/laravel/framework/src/Illuminate/Pipeline/Pipeline.php(180): Illuminate/Routing/Router->Illuminate/Routing/{closure}(Object(Illuminate/Http/Request))
#19 C:/laragon/www/pos_sahla/app/Http/Middleware/RoleMiddleware.php(32): Illuminate/Pipeline/Pipeline->Illuminate/Pipeline/{closure}(Object(Illuminate/Http/Request))
#20 C:/laragon/www/pos_sahla/vendor/laravel/framework/src/Illuminate/Pipeline/Pipeline.php(219): App/Http/Middleware/RoleMiddleware->handle(Object(Illuminate/Http/Request), Object(Closure), 'admin', 'kasir')
#21 C:/laragon/www/pos_sahla/vendor/laravel/framework/src/Illuminate/Routing/Middleware/SubstituteBindings.php(50): Illuminate/Pipeline/Pipeline->Illuminate/Pipeline/{closure}(Object(Illuminate/Http/Request))
#22 C:/laragon/www/pos_sahla/vendor/laravel/framework/src/Illuminate/Pipeline/Pipeline.php(219): Illuminate/Routing/Middleware/SubstituteBindings->handle(Object(Illuminate/Http/Request), Object(Closure))
#23 C:/laragon/www/pos_sahla/vendor/laravel/framework/src/Illuminate/Auth/Middleware/Authenticate.php(63): Illuminate/Pipeline/Pipeline->Illuminate/Pipeline/{closure}(Object(Illuminate/Http/Request))
#24 C:/laragon/www/pos_sahla/vendor/laravel/framework/src/Illuminate/Pipeline/Pipeline.php(219): Illuminate/Auth/Middleware/Authenticate->handle(Object(Illuminate/Http/Request), Object(Closure))
#25 C:/laragon/www/pos_sahla/vendor/laravel/framework/src/Illuminate/Foundation/Http/Middleware/VerifyCsrfToken.php(87): Illuminate/Pipeline/Pipeline->Illuminate/Pipeline/{closure}(Object(Illuminate/Http/Request))
#26 C:/laragon/www/pos_sahla/vendor/laravel/framework/src/Illuminate/Pipeline/Pipeline.php(219): Illuminate/Foundation/Http/Middleware/VerifyCsrfToken->handle(Object(Illuminate/Http/Request), Object(Closure))
#27 C:/laragon/www/pos_sahla/vendor/laravel/framework/src/Illuminate/View/Middleware/ShareErrorsFromSession.php(48): Illuminate/Pipeline/Pipeline->Illuminate/Pipeline/{closure}(Object(Illuminate/Http/Request))
#28 C:/laragon/www/pos_sahla/vendor/laravel/framework/src/Illuminate/Pipeline/Pipeline.php(219): Illuminate/View/Middleware/ShareErrorsFromSession->handle(Object(Illuminate/Http/Request), Object(Closure))
#29 C:/laragon/www/pos_sahla/vendor/laravel/framework/src/Illuminate/Session/Middleware/StartSession.php(120): Illuminate/Pipeline/Pipeline->Illuminate/Pipeline/{closure}(Object(Illuminate/Http/Request))
#30 C:/laragon/www/pos_sahla/vendor/laravel/framework/src/Illuminate/Session/Middleware/StartSession.php(63): Illuminate/Session/Middleware/StartSession->handleStatefulRequest(Object(Illuminate/Http/Request), Object(Illuminate/Session/Store), Object(Closure))
#31 C:/laragon/www/pos_sahla/vendor/laravel/framework/src/Illuminate/Pipeline/Pipeline.php(219): Illuminate/Session/Middleware/StartSession->handle(Object(Illuminate/Http/Request), Object(Closure))
#32 C:/laragon/www/pos_sahla/vendor/laravel/framework/src/Illuminate/Cookie/Middleware/AddQueuedCookiesToResponse.php(36): Illuminate/Pipeline/Pipeline->Illuminate/Pipeline/{closure}(Object(Illuminate/Http/Request))
#33 C:/laragon/www/pos_sahla/vendor/laravel/framework/src/Illuminate/Pipeline/Pipeline.php(219): Illuminate/Cookie/Middleware/AddQueuedCookiesToResponse->handle(Object(Illuminate/Http/Request), Object(Closure))
#34 C:/laragon/www/pos_sahla/vendor/laravel/framework/src/Illuminate/Cookie/Middleware/EncryptCookies.php(74): Illuminate/Pipeline/Pipeline->Illuminate/Pipeline/{closure}(Object(Illuminate/Http/Request))
#35 C:/laragon/www/pos_sahla/vendor/laravel/framework/src/Illuminate/Pipeline/Pipeline.php(219): Illuminate/Cookie/Middleware/EncryptCookies->handle(Object(Illuminate/Http/Request), Object(Closure))
#36 C:/laragon/www/pos_sahla/vendor/laravel/framework/src/Illuminate/Pipeline/Pipeline.php(137): Illuminate/Pipeline/Pipeline->Illuminate/Pipeline/{closure}(Object(Illuminate/Http/Request))
#37 C:/laragon/www/pos_sahla/vendor/laravel/framework/src/Illuminate/Routing/Router.php(821): Illuminate/Pipeline/Pipeline->then(Object(Closure))
#38 C:/laragon/www/pos_sahla/vendor/laravel/framework/src/Illuminate/Routing/Router.php(800): Illuminate/Routing/Router->runRouteWithinStack(Object(Illuminate/Routing/Route), Object(Illuminate/Http/Request))
#39 C:/laragon/www/pos_sahla/vendor/laravel/framework/src/Illuminate/Routing/Router.php(764): Illuminate/Routing/Router->runRoute(Object(Illuminate/Http/Request), Object(Illuminate/Routing/Route))
#40 C:/laragon/www/pos_sahla/vendor/laravel/framework/src/Illuminate/Routing/Router.php(753): Illuminate/Routing/Router->dispatchToRoute(Object(Illuminate/Http/Request))
#41 C:/laragon/www/pos_sahla/vendor/laravel/framework/src/Illuminate/Foundation/Http/Kernel.php(200): Illuminate/Routing/Router->dispatch(Object(Illuminate/Http/Request))
#42 C:/laragon/www/pos_sahla/vendor/laravel/framework/src/Illuminate/Pipeline/Pipeline.php(180): Illuminate/Foundation/Http/Kernel->Illuminate/Foundation/Http/{closure}(Object(Illuminate/Http/Request))
#43 C:/laragon/www/pos_sahla/vendor/laravel/framework/src/Illuminate/Foundation/Http/Middleware/TransformsRequest.php(21): Illuminate/Pipeline/Pipeline->Illuminate/Pipeline/{closure}(Object(Illuminate/Http/Request))
#44 C:/laragon/www/pos_sahla/vendor/laravel/framework/src/Illuminate/Foundation/Http/Middleware/ConvertEmptyStringsToNull.php(31): Illuminate/Foundation/Http/Middleware/TransformsRequest->handle(Object(Illuminate/Http/Request), Object(Closure))
#45 C:/laragon/www/pos_sahla/vendor/laravel/framework/src/Illuminate/Pipeline/Pipeline.php(219): Illuminate/Foundation/Http/Middleware/ConvertEmptyStringsToNull->handle(Object(Illuminate/Http/Request), Object(Closure))
#46 C:/laragon/www/pos_sahla/vendor/laravel/framework/src/Illuminate/Foundation/Http/Middleware/TransformsRequest.php(21): Illuminate/Pipeline/Pipeline->Illuminate/Pipeline/{closure}(Object(Illuminate/Http/Request))
#47 C:/laragon/www/pos_sahla/vendor/laravel/framework/src/Illuminate/Foundation/Http/Middleware/TrimStrings.php(51): Illuminate/Foundation/Http/Middleware/TransformsRequest->handle(Object(Illuminate/Http/Request), Object(Closure))
#48 C:/laragon/www/pos_sahla/vendor/laravel/framework/src/Illuminate/Pipeline/Pipeline.php(219): Illuminate/Foundation/Http/Middleware/TrimStrings->handle(Object(Illuminate/Http/Request), Object(Closure))
#49 C:/laragon/www/pos_sahla/vendor/laravel/framework/src/Illuminate/Http/Middleware/ValidatePostSize.php(27): Illuminate/Pipeline/Pipeline->Illuminate/Pipeline/{closure}(Object(Illuminate/Http/Request))
#50 C:/laragon/www/pos_sahla/vendor/laravel/framework/src/Illuminate/Pipeline/Pipeline.php(219): Illuminate/Http/Middleware/ValidatePostSize->handle(Object(Illuminate/Http/Request), Object(Closure))
#51 C:/laragon/www/pos_sahla/vendor/laravel/framework/src/Illuminate/Foundation/Http/Middleware/PreventRequestsDuringMaintenance.php(109): Illuminate/Pipeline/Pipeline->Illuminate/Pipeline/{closure}(Object(Illuminate/Http/Request))
#52 C:/laragon/www/pos_sahla/vendor/laravel/framework/src/Illuminate/Pipeline/Pipeline.php(219): Illuminate/Foundation/Http/Middleware/PreventRequestsDuringMaintenance->handle(Object(Illuminate/Http/Request), Object(Closure))
#53 C:/laragon/www/pos_sahla/vendor/laravel/framework/src/Illuminate/Http/Middleware/HandleCors.php(61): Illuminate/Pipeline/Pipeline->Illuminate/Pipeline/{closure}(Object(Illuminate/Http/Request))
#54 C:/laragon/www/pos_sahla/vendor/laravel/framework/src/Illuminate/Pipeline/Pipeline.php(219): Illuminate/Http/Middleware/HandleCors->handle(Object(Illuminate/Http/Request), Object(Closure))
#55 C:/laragon/www/pos_sahla/vendor/laravel/framework/src/Illuminate/Http/Middleware/TrustProxies.php(58): Illuminate/Pipeline/Pipeline->Illuminate/Pipeline/{closure}(Object(Illuminate/Http/Request))
#56 C:/laragon/www/pos_sahla/vendor/laravel/framework/src/Illuminate/Pipeline/Pipeline.php(219): Illuminate/Http/Middleware/TrustProxies->handle(Object(Illuminate/Http/Request), Object(Closure))
#57 C:/laragon/www/pos_sahla/vendor/laravel/framework/src/Illuminate/Foundation/Http/Middleware/InvokeDeferredCallbacks.php(22): Illuminate/Pipeline/Pipeline->Illuminate/Pipeline/{closure}(Object(Illuminate/Http/Request))
#58 C:/laragon/www/pos_sahla/vendor/laravel/framework/src/Illuminate/Pipeline/Pipeline.php(219): Illuminate/Foundation/Http/Middleware/InvokeDeferredCallbacks->handle(Object(Illuminate/Http/Request), Object(Closure))
#59 C:/laragon/www/pos_sahla/vendor/laravel/framework/src/Illuminate/Http/Middleware/ValidatePathEncoding.php(26): Illuminate/Pipeline/Pipeline->Illuminate/Pipeline/{closure}(Object(Illuminate/Http/Request))
#60 C:/laragon/www/pos_sahla/vendor/laravel/framework/src/Illuminate/Pipeline/Pipeline.php(219): Illuminate/Http/Middleware/ValidatePathEncoding->handle(Object(Illuminate/Http/Request), Object(Closure))
#61 C:/laragon/www/pos_sahla/vendor/laravel/framework/src/Illuminate/Pipeline/Pipeline.php(137): Illuminate/Pipeline/Pipeline->Illuminate/Pipeline/{closure}(Object(Illuminate/Http/Request))
#62 C:/laragon/www/pos_sahla/vendor/laravel/framework/src/Illuminate/Foundation/Http/Kernel.php(175): Illuminate/Pipeline/Pipeline->then(Object(Closure))
#63 C:/laragon/www/pos_sahla/vendor/laravel/framework/src/Illuminate/Foundation/Http/Kernel.php(144): Illuminate/Foundation/Http/Kernel->sendRequestThroughRouter(Object(Illuminate/Http/Request))
#64 C:/laragon/www/pos_sahla/vendor/laravel/framework/src/Illuminate/Foundation/Application.php(1220): Illuminate/Foundation/Http/Kernel->handle(Object(Illuminate/Http/Request))
#65 C:/laragon/www/pos_sahla/public/index.php(20): Illuminate/Foundation/Application->handleRequest(Object(Illuminate/Http/Request))
#66 C:/laragon/www/pos_sahla/vendor/laravel/framework/src/Illuminate/Foundation/resources/server.php(23): require_once('C://laragon//www//...')
#67 {main}

[previous exception] [object] (ErrorException(code: 0): Undefined variable $jenis at C:/laragon/www/pos_sahla/storage/framework/views/43ed9347cf12e1eb0dda44f444b49f13.php:95)
[stacktrace]
#0 C:/laragon/www/pos_sahla/vendor/laravel/framework/src/Illuminate/Foundation/Bootstrap/HandleExceptions.php(258): Illuminate/Foundation/Bootstrap/HandleExceptions->handleError(2, 'Undefined varia...', 'C://laragon//www//...', 95)
#1 C:/laragon/www/pos_sahla/storage/framework/views/43ed9347cf12e1eb0dda44f444b49f13.php(95): Illuminate/Foundation/Bootstrap/HandleExceptions->Illuminate/Foundation/Bootstrap/{closure}(2, 'Undefined varia...', 'C://laragon//www//...', 95)
#2 C:/laragon/www/pos_sahla/vendor/laravel/framework/src/Illuminate/Filesystem/Filesystem.php(123): require('C://laragon//www//...')
#3 C:/laragon/www/pos_sahla/vendor/laravel/framework/src/Illuminate/Filesystem/Filesystem.php(124): Illuminate/Filesystem/Filesystem::Illuminate/Filesystem/{closure}()
#4 C:/laragon/www/pos_sahla/vendor/laravel/framework/src/Illuminate/View/Engines/PhpEngine.php(57): Illuminate/Filesystem/Filesystem->getRequire('C://laragon//www//...', Array)
#5 C:/laragon/www/pos_sahla/vendor/laravel/framework/src/Illuminate/View/Engines/CompilerEngine.php(76): Illuminate/View/Engines/PhpEngine->evaluatePath('C://laragon//www//...', Array)
#6 C:/laragon/www/pos_sahla/vendor/laravel/framework/src/Illuminate/View/View.php(208): Illuminate/View/Engines/CompilerEngine->get('C://laragon//www//...', Array)
#7 C:/laragon/www/pos_sahla/vendor/laravel/framework/src/Illuminate/View/View.php(191): Illuminate/View/View->getContents()
#8 C:/laragon/www/pos_sahla/vendor/laravel/framework/src/Illuminate/View/View.php(160): Illuminate/View/View->renderContents()
#9 C:/laragon/www/pos_sahla/storage/framework/views/17002b7dd9eb1e45d4ba0871b02fdd75.php(15): Illuminate/View/View->render()
#10 C:/laragon/www/pos_sahla/vendor/laravel/framework/src/Illuminate/Filesystem/Filesystem.php(123): require('C://laragon//www//...')
#11 C:/laragon/www/pos_sahla/vendor/laravel/framework/src/Illuminate/Filesystem/Filesystem.php(124): Illuminate/Filesystem/Filesystem::Illuminate/Filesystem/{closure}()
#12 C:/laragon/www/pos_sahla/vendor/laravel/framework/src/Illuminate/View/Engines/PhpEngine.php(57): Illuminate/Filesystem/Filesystem->getRequire('C://laragon//www//...', Array)
#13 C:/laragon/www/pos_sahla/vendor/laravel/framework/src/Illuminate/View/Engines/CompilerEngine.php(76): Illuminate/View/Engines/PhpEngine->evaluatePath('C://laragon//www//...', Array)
#14 C:/laragon/www/pos_sahla/vendor/laravel/framework/src/Illuminate/View/View.php(208): Illuminate/View/Engines/CompilerEngine->get('C://laragon//www//...', Array)
#15 C:/laragon/www/pos_sahla/vendor/laravel/framework/src/Illuminate/View/View.php(191): Illuminate/View/View->getContents()
#16 C:/laragon/www/pos_sahla/vendor/laravel/framework/src/Illuminate/View/View.php(160): Illuminate/View/View->renderContents()
#17 C:/laragon/www/pos_sahla/vendor/laravel/framework/src/Illuminate/Http/Response.php(78): Illuminate/View/View->render()
#18 C:/laragon/www/pos_sahla/vendor/laravel/framework/src/Illuminate/Http/Response.php(34): Illuminate/Http/Response->setContent(Object(Illuminate/View/View))
#19 C:/laragon/www/pos_sahla/vendor/laravel/framework/src/Illuminate/Routing/Router.php(939): Illuminate/Http/Response->__construct(Object(Illuminate/View/View), 200, Array)
#20 C:/laragon/www/pos_sahla/vendor/laravel/framework/src/Illuminate/Routing/Router.php(906): Illuminate/Routing/Router::toResponse(Object(Illuminate/Http/Request), Object(Illuminate/View/View))
#21 C:/laragon/www/pos_sahla/vendor/laravel/framework/src/Illuminate/Routing/Router.php(821): Illuminate/Routing/Router->prepareResponse(Object(Illuminate/Http/Request), Object(Illuminate/View/View))
#22 C:/laragon/www/pos_sahla/vendor/laravel/framework/src/Illuminate/Pipeline/Pipeline.php(180): Illuminate/Routing/Router->Illuminate/Routing/{closure}(Object(Illuminate/Http/Request))
#23 C:/laragon/www/pos_sahla/app/Http/Middleware/RoleMiddleware.php(32): Illuminate/Pipeline/Pipeline->Illuminate/Pipeline/{closure}(Object(Illuminate/Http/Request))
#24 C:/laragon/www/pos_sahla/vendor/laravel/framework/src/Illuminate/Pipeline/Pipeline.php(219): App/Http/Middleware/RoleMiddleware->handle(Object(Illuminate/Http/Request), Object(Closure), 'admin', 'kasir')
#25 C:/laragon/www/pos_sahla/vendor/laravel/framework/src/Illuminate/Routing/Middleware/SubstituteBindings.php(50): Illuminate/Pipeline/Pipeline->Illuminate/Pipeline/{closure}(Object(Illuminate/Http/Request))
#26 C:/laragon/www/pos_sahla/vendor/laravel/framework/src/Illuminate/Pipeline/Pipeline.php(219): Illuminate/Routing/Middleware/SubstituteBindings->handle(Object(Illuminate/Http/Request), Object(Closure))
#27 C:/laragon/www/pos_sahla/vendor/laravel/framework/src/Illuminate/Auth/Middleware/Authenticate.php(63): Illuminate/Pipeline/Pipeline->Illuminate/Pipeline/{closure}(Object(Illuminate/Http/Request))
#28 C:/laragon/www/pos_sahla/vendor/laravel/framework/src/Illuminate/Pipeline/Pipeline.php(219): Illuminate/Auth/Middleware/Authenticate->handle(Object(Illuminate/Http/Request), Object(Closure))
#29 C:/laragon/www/pos_sahla/vendor/laravel/framework/src/Illuminate/Foundation/Http/Middleware/VerifyCsrfToken.php(87): Illuminate/Pipeline/Pipeline->Illuminate/Pipeline/{closure}(Object(Illuminate/Http/Request))
#30 C:/laragon/www/pos_sahla/vendor/laravel/framework/src/Illuminate/Pipeline/Pipeline.php(219): Illuminate/Foundation/Http/Middleware/VerifyCsrfToken->handle(Object(Illuminate/Http/Request), Object(Closure))
#31 C:/laragon/www/pos_sahla/vendor/laravel/framework/src/Illuminate/View/Middleware/ShareErrorsFromSession.php(48): Illuminate/Pipeline/Pipeline->Illuminate/Pipeline/{closure}(Object(Illuminate/Http/Request))
#32 C:/laragon/www/pos_sahla/vendor/laravel/framework/src/Illuminate/Pipeline/Pipeline.php(219): Illuminate/View/Middleware/ShareErrorsFromSession->handle(Object(Illuminate/Http/Request), Object(Closure))
#33 C:/laragon/www/pos_sahla/vendor/laravel/framework/src/Illuminate/Session/Middleware/StartSession.php(120): Illuminate/Pipeline/Pipeline->Illuminate/Pipeline/{closure}(Object(Illuminate/Http/Request))
#34 C:/laragon/www/pos_sahla/vendor/laravel/framework/src/Illuminate/Session/Middleware/StartSession.php(63): Illuminate/Session/Middleware/StartSession->handleStatefulRequest(Object(Illuminate/Http/Request), Object(Illuminate/Session/Store), Object(Closure))
#35 C:/laragon/www/pos_sahla/vendor/laravel/framework/src/Illuminate/Pipeline/Pipeline.php(219): Illuminate/Session/Middleware/StartSession->handle(Object(Illuminate/Http/Request), Object(Closure))
#36 C:/laragon/www/pos_sahla/vendor/laravel/framework/src/Illuminate/Cookie/Middleware/AddQueuedCookiesToResponse.php(36): Illuminate/Pipeline/Pipeline->Illuminate/Pipeline/{closure}(Object(Illuminate/Http/Request))
#37 C:/laragon/www/pos_sahla/vendor/laravel/framework/src/Illuminate/Pipeline/Pipeline.php(219): Illuminate/Cookie/Middleware/AddQueuedCookiesToResponse->handle(Object(Illuminate/Http/Request), Object(Closure))
#38 C:/laragon/www/pos_sahla/vendor/laravel/framework/src/Illuminate/Cookie/Middleware/EncryptCookies.php(74): Illuminate/Pipeline/Pipeline->Illuminate/Pipeline/{closure}(Object(Illuminate/Http/Request))
#39 C:/laragon/www/pos_sahla/vendor/laravel/framework/src/Illuminate/Pipeline/Pipeline.php(219): Illuminate/Cookie/Middleware/EncryptCookies->handle(Object(Illuminate/Http/Request), Object(Closure))
#40 C:/laragon/www/pos_sahla/vendor/laravel/framework/src/Illuminate/Pipeline/Pipeline.php(137): Illuminate/Pipeline/Pipeline->Illuminate/Pipeline/{closure}(Object(Illuminate/Http/Request))
#41 C:/laragon/www/pos_sahla/vendor/laravel/framework/src/Illuminate/Routing/Router.php(821): Illuminate/Pipeline/Pipeline->then(Object(Closure))
#42 C:/laragon/www/pos_sahla/vendor/laravel/framework/src/Illuminate/Routing/Router.php(800): Illuminate/Routing/Router->runRouteWithinStack(Object(Illuminate/Routing/Route), Object(Illuminate/Http/Request))
#43 C:/laragon/www/pos_sahla/vendor/laravel/framework/src/Illuminate/Routing/Router.php(764): Illuminate/Routing/Router->runRoute(Object(Illuminate/Http/Request), Object(Illuminate/Routing/Route))
#44 C:/laragon/www/pos_sahla/vendor/laravel/framework/src/Illuminate/Routing/Router.php(753): Illuminate/Routing/Router->dispatchToRoute(Object(Illuminate/Http/Request))
#45 C:/laragon/www/pos_sahla/vendor/laravel/framework/src/Illuminate/Foundation/Http/Kernel.php(200): Illuminate/Routing/Router->dispatch(Object(Illuminate/Http/Request))
#46 C:/laragon/www/pos_sahla/vendor/laravel/framework/src/Illuminate/Pipeline/Pipeline.php(180): Illuminate/Foundation/Http/Kernel->Illuminate/Foundation/Http/{closure}(Object(Illuminate/Http/Request))
#47 C:/laragon/www/pos_sahla/vendor/laravel/framework/src/Illuminate/Foundation/Http/Middleware/TransformsRequest.php(21): Illuminate/Pipeline/Pipeline->Illuminate/Pipeline/{closure}(Object(Illuminate/Http/Request))
#48 C:/laragon/www/pos_sahla/vendor/laravel/framework/src/Illuminate/Foundation/Http/Middleware/ConvertEmptyStringsToNull.php(31): Illuminate/Foundation/Http/Middleware/TransformsRequest->handle(Object(Illuminate/Http/Request), Object(Closure))
#49 C:/laragon/www/pos_sahla/vendor/laravel/framework/src/Illuminate/Pipeline/Pipeline.php(219): Illuminate/Foundation/Http/Middleware/ConvertEmptyStringsToNull->handle(Object(Illuminate/Http/Request), Object(Closure))
#50 C:/laragon/www/pos_sahla/vendor/laravel/framework/src/Illuminate/Foundation/Http/Middleware/TransformsRequest.php(21): Illuminate/Pipeline/Pipeline->Illuminate/Pipeline/{closure}(Object(Illuminate/Http/Request))
#51 C:/laragon/www/pos_sahla/vendor/laravel/framework/src/Illuminate/Foundation/Http/Middleware/TrimStrings.php(51): Illuminate/Foundation/Http/Middleware/TransformsRequest->handle(Object(Illuminate/Http/Request), Object(Closure))
#52 C:/laragon/www/pos_sahla/vendor/laravel/framework/src/Illuminate/Pipeline/Pipeline.php(219): Illuminate/Foundation/Http/Middleware/TrimStrings->handle(Object(Illuminate/Http/Request), Object(Closure))
#53 C:/laragon/www/pos_sahla/vendor/laravel/framework/src/Illuminate/Http/Middleware/ValidatePostSize.php(27): Illuminate/Pipeline/Pipeline->Illuminate/Pipeline/{closure}(Object(Illuminate/Http/Request))
#54 C:/laragon/www/pos_sahla/vendor/laravel/framework/src/Illuminate/Pipeline/Pipeline.php(219): Illuminate/Http/Middleware/ValidatePostSize->handle(Object(Illuminate/Http/Request), Object(Closure))
#55 C:/laragon/www/pos_sahla/vendor/laravel/framework/src/Illuminate/Foundation/Http/Middleware/PreventRequestsDuringMaintenance.php(109): Illuminate/Pipeline/Pipeline->Illuminate/Pipeline/{closure}(Object(Illuminate/Http/Request))
#56 C:/laragon/www/pos_sahla/vendor/laravel/framework/src/Illuminate/Pipeline/Pipeline.php(219): Illuminate/Foundation/Http/Middleware/PreventRequestsDuringMaintenance->handle(Object(Illuminate/Http/Request), Object(Closure))
#57 C:/laragon/www/pos_sahla/vendor/laravel/framework/src/Illuminate/Http/Middleware/HandleCors.php(61): Illuminate/Pipeline/Pipeline->Illuminate/Pipeline/{closure}(Object(Illuminate/Http/Request))
#58 C:/laragon/www/pos_sahla/vendor/laravel/framework/src/Illuminate/Pipeline/Pipeline.php(219): Illuminate/Http/Middleware/HandleCors->handle(Object(Illuminate/Http/Request), Object(Closure))
#59 C:/laragon/www/pos_sahla/vendor/laravel/framework/src/Illuminate/Http/Middleware/TrustProxies.php(58): Illuminate/Pipeline/Pipeline->Illuminate/Pipeline/{closure}(Object(Illuminate/Http/Request))
#60 C:/laragon/www/pos_sahla/vendor/laravel/framework/src/Illuminate/Pipeline/Pipeline.php(219): Illuminate/Http/Middleware/TrustProxies->handle(Object(Illuminate/Http/Request), Object(Closure))
#61 C:/laragon/www/pos_sahla/vendor/laravel/framework/src/Illuminate/Foundation/Http/Middleware/InvokeDeferredCallbacks.php(22): Illuminate/Pipeline/Pipeline->Illuminate/Pipeline/{closure}(Object(Illuminate/Http/Request))
#62 C:/laragon/www/pos_sahla/vendor/laravel/framework/src/Illuminate/Pipeline/Pipeline.php(219): Illuminate/Foundation/Http/Middleware/InvokeDeferredCallbacks->handle(Object(Illuminate/Http/Request), Object(Closure))
#63 C:/laragon/www/pos_sahla/vendor/laravel/framework/src/Illuminate/Http/Middleware/ValidatePathEncoding.php(26): Illuminate/Pipeline/Pipeline->Illuminate/Pipeline/{closure}(Object(Illuminate/Http/Request))
#64 C:/laragon/www/pos_sahla/vendor/laravel/framework/src/Illuminate/Pipeline/Pipeline.php(219): Illuminate/Http/Middleware/ValidatePathEncoding->handle(Object(Illuminate/Http/Request), Object(Closure))
#65 C:/laragon/www/pos_sahla/vendor/laravel/framework/src/Illuminate/Pipeline/Pipeline.php(137): Illuminate/Pipeline/Pipeline->Illuminate/Pipeline/{closure}(Object(Illuminate/Http/Request))
#66 C:/laragon/www/pos_sahla/vendor/laravel/framework/src/Illuminate/Foundation/Http/Kernel.php(175): Illuminate/Pipeline/Pipeline->then(Object(Closure))
#67 C:/laragon/www/pos_sahla/vendor/laravel/framework/src/Illuminate/Foundation/Http/Kernel.php(144): Illuminate/Foundation/Http/Kernel->sendRequestThroughRouter(Object(Illuminate/Http/Request))
#68 C:/laragon/www/pos_sahla/vendor/laravel/framework/src/Illuminate/Foundation/Application.php(1220): Illuminate/Foundation/Http/Kernel->handle(Object(Illuminate/Http/Request))
#69 C:/laragon/www/pos_sahla/public/index.php(20): Illuminate/Foundation/Application->handleRequest(Object(Illuminate/Http/Request))
#70 C:/laragon/www/pos_sahla/vendor/laravel/framework/src/Illuminate/Foundation/resources/server.php(23): require_once('C://laragon//www//...')
#71 {main}
"} 
[2026-08-12 06:05:51] local.ERROR: Uncaught ReflectionException: Class "App\Policies\ProdukPolicy" does not exist in Command line code:1
Stack trace:
#0 Command line code(1): ReflectionClass->__construct('App\\Policies\\Pr...')
#1 [internal function]: {closure}('App\\Policies\\Pr...', 'App\\Models\\Prod...')
#2 Command line code(1): array_map(Object(Closure), Array, Array)
#3 {main}
  thrown {"exception":"[object] (Symfony\\Component\\ErrorHandler\\Error\\FatalError(code: 0): Uncaught ReflectionException: Class \"App\\Policies\\ProdukPolicy\" does not exist in Command line code:1
Stack trace:
#0 Command line code(1): ReflectionClass->__construct('App\\\\Policies\\\\Pr...')
#1 [internal function]: {closure}('App\\\\Policies\\\\Pr...', 'App\\\\Models\\\\Prod...')
#2 Command line code(1): array_map(Object(Closure), Array, Array)
#3 {main}
  thrown at Command line code:1)
[stacktrace]
#0 {main}
"} 
[2026-08-12 06:06:51] local.ERROR: Uncaught ReflectionException: Class "App\Policies\ProdukPolicy" does not exist in Command line code:1
Stack trace:
#0 Command line code(1): ReflectionClass->__construct('App\\Policies\\Pr...')
#1 [internal function]: {closure}('App\\Policies\\Pr...', 'App\\Models\\Prod...')
#2 Command line code(1): array_map(Object(Closure), Array, Array)
#3 {main}
  thrown {"exception":"[object] (Symfony\\Component\\ErrorHandler\\Error\\FatalError(code: 0): Uncaught ReflectionException: Class \"App\\Policies\\ProdukPolicy\" does not exist in Command line code:1
Stack trace:
#0 Command line code(1): ReflectionClass->__construct('App\\\\Policies\\\\Pr...')
#1 [internal function]: {closure}('App\\\\Policies\\\\Pr...', 'App\\\\Models\\\\Prod...')
#2 Command line code(1): array_map(Object(Closure), Array, Array)
#3 {main}
  thrown at Command line code:1)
[stacktrace]
#0 {main}
"} 
[2026-08-12 06:07:51] local.ERROR: Uncaught ReflectionException: Class "App\Policies\ProdukPolicy" does not exist in Command line code:1
Stack trace:
#0 Command line code(1): ReflectionClass->__construct('App\\Policies\\Pr...')
#1 [internal function]: {closure}('App\\Policies\\Pr...', 'App\\Models\\Prod...')
#2 Command line code(1): array_map(Object(Closure), Array, Array)
#3 {main}
  thrown {"exception":"[object] (Symfony\\Component\\ErrorHandler\\Error\\FatalError(code: 0): Uncaught ReflectionException: Class \"App\\Policies\\ProdukPolicy\" does not exist in Command line code:1
Stack trace:
#0 Command line code(1): ReflectionClass->__construct('App\\\\Policies\\\\Pr...')
#1 [internal function]: {closure}('App\\\\Policies\\\\Pr...', 'App\\\\Models\\\\Prod...')
#2 Command line code(1): array_map(Object(Closure), Array, Array)
#3 {main}
  thrown at Command line code:1)
[stacktrace]
#0 {main}
"} 
[2026-08-12 06:08:39] local.ERROR: Undefined variable $jenis (View: C:\laragon\www\pos_sahla\resources\views\produk\_form.blade.php) (View: C:\laragon\www\pos_sahla\resources\views\produk\_form.blade.php) {"userId":2,"exception":"[object] (Illuminate\\View\\ViewException(code: 0): Undefined variable $jenis (View: C:\\laragon\\www\\pos_sahla\\resources\\views\\produk\\_form.blade.php) (View: C:\\laragon\\www\\pos_sahla\\resources\\views\\produk\\_form.blade.php) at C:/laragon/www/pos_sahla/storage/framework/views/43ed9347cf12e1eb0dda44f444b49f13.php:141)
[stacktrace]
#0 C:/laragon/www/pos_sahla/vendor/laravel/framework/src/Illuminate/View/Engines/PhpEngine.php(59): Illuminate/View/Engines/CompilerEngine->handleViewException(Object(Illuminate/View/ViewException), 1)
#1 C:/laragon/www/pos_sahla/vendor/laravel/framework/src/Illuminate/View/Engines/CompilerEngine.php(76): Illuminate/View/Engines/PhpEngine->evaluatePath('C://laragon//www//...', Array)
#2 C:/laragon/www/pos_sahla/vendor/laravel/framework/src/Illuminate/View/View.php(208): Illuminate/View/Engines/CompilerEngine->get('C://laragon//www//...', Array)
#3 C:/laragon/www/pos_sahla/vendor/laravel/framework/src/Illuminate/View/View.php(191): Illuminate/View/View->getContents()
#4 C:/laragon/www/pos_sahla/vendor/laravel/framework/src/Illuminate/View/View.php(160): Illuminate/View/View->renderContents()
#5 C:/laragon/www/pos_sahla/vendor/laravel/framework/src/Illuminate/Http/Response.php(78): Illuminate/View/View->render()
#6 C:/laragon/www/pos_sahla/vendor/laravel/framework/src/Illuminate/Http/Response.php(34): Illuminate/Http/Response->setContent(Object(Illuminate/View/View))
#7 C:/laragon/www/pos_sahla/vendor/laravel/framework/src/Illuminate/Routing/Router.php(939): Illuminate/Http/Response->__construct(Object(Illuminate/View/View), 200, Array)
#8 C:/laragon/www/pos_sahla/vendor/laravel/framework/src/Illuminate/Routing/Router.php(906): Illuminate/Routing/Router::toResponse(Object(Illuminate/Http/Request), Object(Illuminate/View/View))
#9 C:/laragon/www/pos_sahla/vendor/laravel/framework/src/Illuminate/Routing/Router.php(821): Illuminate/Routing/Router->prepareResponse(Object(Illuminate/Http/Request), Object(Illuminate/View/View))
#10 C:/laragon/www/pos_sahla/vendor/laravel/framework/src/Illuminate/Pipeline/Pipeline.php(180): Illuminate/Routing/Router->Illuminate/Routing/{closure}(Object(Illuminate/Http/Request))
#11 C:/laragon/www/pos_sahla/app/Http/Middleware/RoleMiddleware.php(32): Illuminate/Pipeline/Pipeline->Illuminate/Pipeline/{closure}(Object(Illuminate/Http/Request))
#12 C:/laragon/www/pos_sahla/vendor/laravel/framework/src/Illuminate/Pipeline/Pipeline.php(219): App/Http/Middleware/RoleMiddleware->handle(Object(Illuminate/Http/Request), Object(Closure), 'admin', 'kasir')
#13 C:/laragon/www/pos_sahla/vendor/laravel/framework/src/Illuminate/Routing/Middleware/SubstituteBindings.php(50): Illuminate/Pipeline/Pipeline->Illuminate/Pipeline/{closure}(Object(Illuminate/Http/Request))
#14 C:/laragon/www/pos_sahla/vendor/laravel/framework/src/Illuminate/Pipeline/Pipeline.php(219): Illuminate/Routing/Middleware/SubstituteBindings->handle(Object(Illuminate/Http/Request), Object(Closure))
#15 C:/laragon/www/pos_sahla/vendor/laravel/framework/src/Illuminate/Auth/Middleware/Authenticate.php(63): Illuminate/Pipeline/Pipeline->Illuminate/Pipeline/{closure}(Object(Illuminate/Http/Request))
#16 C:/laragon/www/pos_sahla/vendor/laravel/framework/src/Illuminate/Pipeline/Pipeline.php(219): Illuminate/Auth/Middleware/Authenticate->handle(Object(Illuminate/Http/Request), Object(Closure))
#17 C:/laragon/www/pos_sahla/vendor/laravel/framework/src/Illuminate/Foundation/Http/Middleware/VerifyCsrfToken.php(87): Illuminate/Pipeline/Pipeline->Illuminate/Pipeline/{closure}(Object(Illuminate/Http/Request))
#18 C:/laragon/www/pos_sahla/vendor/laravel/framework/src/Illuminate/Pipeline/Pipeline.php(219): Illuminate/Foundation/Http/Middleware/VerifyCsrfToken->handle(Object(Illuminate/Http/Request), Object(Closure))
#19 C:/laragon/www/pos_sahla/vendor/laravel/framework/src/Illuminate/View/Middleware/ShareErrorsFromSession.php(48): Illuminate/Pipeline/Pipeline->Illuminate/Pipeline/{closure}(Object(Illuminate/Http/Request))
#20 C:/laragon/www/pos_sahla/vendor/laravel/framework/src/Illuminate/Pipeline/Pipeline.php(219): Illuminate/View/Middleware/ShareErrorsFromSession->handle(Object(Illuminate/Http/Request), Object(Closure))
#21 C:/laragon/www/pos_sahla/vendor/laravel/framework/src/Illuminate/Session/Middleware/StartSession.php(120): Illuminate/Pipeline/Pipeline->Illuminate/Pipeline/{closure}(Object(Illuminate/Http/Request))
#22 C:/laragon/www/pos_sahla/vendor/laravel/framework/src/Illuminate/Session/Middleware/StartSession.php(63): Illuminate/Session/Middleware/StartSession->handleStatefulRequest(Object(Illuminate/Http/Request), Object(Illuminate/Session/Store), Object(Closure))
#23 C:/laragon/www/pos_sahla/vendor/laravel/framework/src/Illuminate/Pipeline/Pipeline.php(219): Illuminate/Session/Middleware/StartSession->handle(Object(Illuminate/Http/Request), Object(Closure))
#24 C:/laragon/www/pos_sahla/vendor/laravel/framework/src/Illuminate/Cookie/Middleware/AddQueuedCookiesToResponse.php(36): Illuminate/Pipeline/Pipeline->Illuminate/Pipeline/{closure}(Object(Illuminate/Http/Request))
#25 C:/laragon/www/pos_sahla/vendor/laravel/framework/src/Illuminate/Pipeline/Pipeline.php(219): Illuminate/Cookie/Middleware/AddQueuedCookiesToResponse->handle(Object(Illuminate/Http/Request), Object(Closure))
#26 C:/laragon/www/pos_sahla/vendor/laravel/framework/src/Illuminate/Cookie/Middleware/EncryptCookies.php(74): Illuminate/Pipeline/Pipeline->Illuminate/Pipeline/{closure}(Object(Illuminate/Http/Request))
#27 C:/laragon/www/pos_sahla/vendor/laravel/framework/src/Illuminate/Pipeline/Pipeline.php(219): Illuminate/Cookie/Middleware/EncryptCookies->handle(Object(Illuminate/Http/Request), Object(Closure))
#28 C:/laragon/www/pos_sahla/vendor/laravel/framework/src/Illuminate/Pipeline/Pipeline.php(137): Illuminate/Pipeline/Pipeline->Illuminate/Pipeline/{closure}(Object(Illuminate/Http/Request))
#29 C:/laragon/www/pos_sahla/vendor/laravel/framework/src/Illuminate/Routing/Router.php(821): Illuminate/Pipeline/Pipeline->then(Object(Closure))
#30 C:/laragon/www/pos_sahla/vendor/laravel/framework/src/Illuminate/Routing/Router.php(800): Illuminate/Routing/Router->runRouteWithinStack(Object(Illuminate/Routing/Route), Object(Illuminate/Http/Request))
#31 C:/laragon/www/pos_sahla/vendor/laravel/framework/src/Illuminate/Routing/Router.php(764): Illuminate/Routing/Router->runRoute(Object(Illuminate/Http/Request), Object(Illuminate/Routing/Route))
#32 C:/laragon/www/pos_sahla/vendor/laravel/framework/src/Illuminate/Routing/Router.php(753): Illuminate/Routing/Router->dispatchToRoute(Object(Illuminate/Http/Request))
#33 C:/laragon/www/pos_sahla/vendor/laravel/framework/src/Illuminate/Foundation/Http/Kernel.php(200): Illuminate/Routing/Router->dispatch(Object(Illuminate/Http/Request))
#34 C:/laragon/www/pos_sahla/vendor/laravel/framework/src/Illuminate/Pipeline/Pipeline.php(180): Illuminate/Foundation/Http/Kernel->Illuminate/Foundation/Http/{closure}(Object(Illuminate/Http/Request))
#35 C:/laragon/www/pos_sahla/vendor/laravel/framework/src/Illuminate/Foundation/Http/Middleware/TransformsRequest.php(21): Illuminate/Pipeline/Pipeline->Illuminate/Pipeline/{closure}(Object(Illuminate/Http/Request))
#36 C:/laragon/www/pos_sahla/vendor/laravel/framework/src/Illuminate/Foundation/Http/Middleware/ConvertEmptyStringsToNull.php(31): Illuminate/Foundation/Http/Middleware/TransformsRequest->handle(Object(Illuminate/Http/Request), Object(Closure))
#37 C:/laragon/www/pos_sahla/vendor/laravel/framework/src/Illuminate/Pipeline/Pipeline.php(219): Illuminate/Foundation/Http/Middleware/ConvertEmptyStringsToNull->handle(Object(Illuminate/Http/Request), Object(Closure))
#38 C:/laragon/www/pos_sahla/vendor/laravel/framework/src/Illuminate/Foundation/Http/Middleware/TransformsRequest.php(21): Illuminate/Pipeline/Pipeline->Illuminate/Pipeline/{closure}(Object(Illuminate/Http/Request))
#39 C:/laragon/www/pos_sahla/vendor/laravel/framework/src/Illuminate/Foundation/Http/Middleware/TrimStrings.php(51): Illuminate/Foundation/Http/Middleware/TransformsRequest->handle(Object(Illuminate/Http/Request), Object(Closure))
#40 C:/laragon/www/pos_sahla/vendor/laravel/framework/src/Illuminate/Pipeline/Pipeline.php(219): Illuminate/Foundation/Http/Middleware/TrimStrings->handle(Object(Illuminate/Http/Request), Object(Closure))
#41 C:/laragon/www/pos_sahla/vendor/laravel/framework/src/Illuminate/Http/Middleware/ValidatePostSize.php(27): Illuminate/Pipeline/Pipeline->Illuminate/Pipeline/{closure}(Object(Illuminate/Http/Request))
#42 C:/laragon/www/pos_sahla/vendor/laravel/framework/src/Illuminate/Pipeline/Pipeline.php(219): Illuminate/Http/Middleware/ValidatePostSize->handle(Object(Illuminate/Http/Request), Object(Closure))
#43 C:/laragon/www/pos_sahla/vendor/laravel/framework/src/Illuminate/Foundation/Http/Middleware/PreventRequestsDuringMaintenance.php(109): Illuminate/Pipeline/Pipeline->Illuminate/Pipeline/{closure}(Object(Illuminate/Http/Request))
#44 C:/laragon/www/pos_sahla/vendor/laravel/framework/src/Illuminate/Pipeline/Pipeline.php(219): Illuminate/Foundation/Http/Middleware/PreventRequestsDuringMaintenance->handle(Object(Illuminate/Http/Request), Object(Closure))
#45 C:/laragon/www/pos_sahla/vendor/laravel/framework/src/Illuminate/Http/Middleware/HandleCors.php(61): Illuminate/Pipeline/Pipeline->Illuminate/Pipeline/{closure}(Object(Illuminate/Http/Request))
#46 C:/laragon/www/pos_sahla/vendor/laravel/framework/src/Illuminate/Pipeline/Pipeline.php(219): Illuminate/Http/Middleware/HandleCors->handle(Object(Illuminate/Http/Request), Object(Closure))
#47 C:/laragon/www/pos_sahla/vendor/laravel/framework/src/Illuminate/Http/Middleware/TrustProxies.php(58): Illuminate/Pipeline/Pipeline->Illuminate/Pipeline/{closure}(Object(Illuminate/Http/Request))
#48 C:/laragon/www/pos_sahla/vendor/laravel/framework/src/Illuminate/Pipeline/Pipeline.php(219): Illuminate/Http/Middleware/TrustProxies->handle(Object(Illuminate/Http/Request), Object(Closure))
#49 C:/laragon/www/pos_sahla/vendor/laravel/framework/src/Illuminate/Foundation/Http/Middleware/InvokeDeferredCallbacks.php(22): Illuminate/Pipeline/Pipeline->Illuminate/Pipeline/{closure}(Object(Illuminate/Http/Request))
#50 C:/laragon/www/pos_sahla/vendor/laravel/framework/src/Illuminate/Pipeline/Pipeline.php(219): Illuminate/Foundation/Http/Middleware/InvokeDeferredCallbacks->handle(Object(Illuminate/Http/Request), Object(Closure))
#51 C:/laragon/www/pos_sahla/vendor/laravel/framework/src/Illuminate/Http/Middleware/ValidatePathEncoding.php(26): Illuminate/Pipeline/Pipeline->Illuminate/Pipeline/{closure}(Object(Illuminate/Http/Request))
#52 C:/laragon/www/pos_sahla/vendor/laravel/framework/src/Illuminate/Pipeline/Pipeline.php(219): Illuminate/Http/Middleware/ValidatePathEncoding->handle(Object(Illuminate/Http/Request), Object(Closure))
#53 C:/laragon/www/pos_sahla/vendor/laravel/framework/src/Illuminate/Pipeline/Pipeline.php(137): Illuminate/Pipeline/Pipeline->Illuminate/Pipeline/{closure}(Object(Illuminate/Http/Request))
#54 C:/laragon/www/pos_sahla/vendor/laravel/framework/src/Illuminate/Foundation/Http/Kernel.php(175): Illuminate/Pipeline/Pipeline->then(Object(Closure))
#55 C:/laragon/www/pos_sahla/vendor/laravel/framework/src/Illuminate/Foundation/Http/Kernel.php(144): Illuminate/Foundation/Http/Kernel->sendRequestThroughRouter(Object(Illuminate/Http/Request))
#56 C:/laragon/www/pos_sahla/vendor/laravel/framework/src/Illuminate/Foundation/Application.php(1220): Illuminate/Foundation/Http/Kernel->handle(Object(Illuminate/Http/Request))
#57 C:/laragon/www/pos_sahla/public/index.php(20): Illuminate/Foundation/Application->handleRequest(Object(Illuminate/Http/Request))
#58 C:/laragon/www/pos_sahla/vendor/laravel/framework/src/Illuminate/Foundation/resources/server.php(23): require_once('C://laragon//www//...')
#59 {main}

[previous exception] [object] (Illuminate\\View\\ViewException(code: 0): Undefined variable $jenis (View: C:\\laragon\\www\\pos_sahla\\resources\\views\\produk\\_form.blade.php) at C:/laragon/www/pos_sahla/storage/framework/views/43ed9347cf12e1eb0dda44f444b49f13.php:141)
[stacktrace]
#0 C:/laragon/www/pos_sahla/vendor/laravel/framework/src/Illuminate/View/Engines/PhpEngine.php(59): Illuminate/View/Engines/CompilerEngine->handleViewException(Object(ErrorException), 3)
#1 C:/laragon/www/pos_sahla/vendor/laravel/framework/src/Illuminate/View/Engines/CompilerEngine.php(76): Illuminate/View/Engines/PhpEngine->evaluatePath('C://laragon//www//...', Array)
#2 C:/laragon/www/pos_sahla/vendor/laravel/framework/src/Illuminate/View/View.php(208): Illuminate/View/Engines/CompilerEngine->get('C://laragon//www//...', Array)
#3 C:/laragon/www/pos_sahla/vendor/laravel/framework/src/Illuminate/View/View.php(191): Illuminate/View/View->getContents()
#4 C:/laragon/www/pos_sahla/vendor/laravel/framework/src/Illuminate/View/View.php(160): Illuminate/View/View->renderContents()
#5 C:/laragon/www/pos_sahla/storage/framework/views/17002b7dd9eb1e45d4ba0871b02fdd75.php(15): Illuminate/View/View->render()
#6 C:/laragon/www/pos_sahla/vendor/laravel/framework/src/Illuminate/Filesystem/Filesystem.php(123): require('C://laragon//www//...')
#7 C:/laragon/www/pos_sahla/vendor/laravel/framework/src/Illuminate/Filesystem/Filesystem.php(124): Illuminate/Filesystem/Filesystem::Illuminate/Filesystem/{closure}()
#8 C:/laragon/www/pos_sahla/vendor/laravel/framework/src/Illuminate/View/Engines/PhpEngine.php(57): Illuminate/Filesystem/Filesystem->getRequire('C://laragon//www//...', Array)
#9 C:/laragon/www/pos_sahla/vendor/laravel/framework/src/Illuminate/View/Engines/CompilerEngine.php(76): Illuminate/View/Engines/PhpEngine->evaluatePath('C://laragon//www//...', Array)
#10 C:/laragon/www/pos_sahla/vendor/laravel/framework/src/Illuminate/View/View.php(208): Illuminate/View/Engines/CompilerEngine->get('C://laragon//www//...', Array)
#11 C:/laragon/www/pos_sahla/vendor/laravel/framework/src/Illuminate/View/View.php(191): Illuminate/View/View->getContents()
#12 C:/laragon/www/pos_sahla/vendor/laravel/framework/src/Illuminate/View/View.php(160): Illuminate/View/View->renderContents()
#13 C:/laragon/www/pos_sahla/vendor/laravel/framework/src/Illuminate/Http/Response.php(78): Illuminate/View/View->render()
#14 C:/laragon/www/pos_sahla/vendor/laravel/framework/src/Illuminate/Http/Response.php(34): Illuminate/Http/Response->setContent(Object(Illuminate/View/View))
#15 C:/laragon/www/pos_sahla/vendor/laravel/framework/src/Illuminate/Routing/Router.php(939): Illuminate/Http/Response->__construct(Object(Illuminate/View/View), 200, Array)
#16 C:/laragon/www/pos_sahla/vendor/laravel/framework/src/Illuminate/Routing/Router.php(906): Illuminate/Routing/Router::toResponse(Object(Illuminate/Http/Request), Object(Illuminate/View/View))
#17 C:/laragon/www/pos_sahla/vendor/laravel/framework/src/Illuminate/Routing/Router.php(821): Illuminate/Routing/Router->prepareResponse(Object(Illuminate/Http/Request), Object(Illuminate/View/View))
#18 C:/laragon/www/pos_sahla/vendor/laravel/framework/src/Illuminate/Pipeline/Pipeline.php(180): Illuminate/Routing/Router->Illuminate/Routing/{closure}(Object(Illuminate/Http/Request))
#19 C:/laragon/www/pos_sahla/app/Http/Middleware/RoleMiddleware.php(32): Illuminate/Pipeline/Pipeline->Illuminate/Pipeline/{closure}(Object(Illuminate/Http/Request))
#20 C:/laragon/www/pos_sahla/vendor/laravel/framework/src/Illuminate/Pipeline/Pipeline.php(219): App/Http/Middleware/RoleMiddleware->handle(Object(Illuminate/Http/Request), Object(Closure), 'admin', 'kasir')
#21 C:/laragon/www/pos_sahla/vendor/laravel/framework/src/Illuminate/Routing/Middleware/SubstituteBindings.php(50): Illuminate/Pipeline/Pipeline->Illuminate/Pipeline/{closure}(Object(Illuminate/Http/Request))
#22 C:/laragon/www/pos_sahla/vendor/laravel/framework/src/Illuminate/Pipeline/Pipeline.php(219): Illuminate/Routing/Middleware/SubstituteBindings->handle(Object(Illuminate/Http/Request), Object(Closure))
#23 C:/laragon/www/pos_sahla/vendor/laravel/framework/src/Illuminate/Auth/Middleware/Authenticate.php(63): Illuminate/Pipeline/Pipeline->Illuminate/Pipeline/{closure}(Object(Illuminate/Http/Request))
#24 C:/laragon/www/pos_sahla/vendor/laravel/framework/src/Illuminate/Pipeline/Pipeline.php(219): Illuminate/Auth/Middleware/Authenticate->handle(Object(Illuminate/Http/Request), Object(Closure))
#25 C:/laragon/www/pos_sahla/vendor/laravel/framework/src/Illuminate/Foundation/Http/Middleware/VerifyCsrfToken.php(87): Illuminate/Pipeline/Pipeline->Illuminate/Pipeline/{closure}(Object(Illuminate/Http/Request))
#26 C:/laragon/www/pos_sahla/vendor/laravel/framework/src/Illuminate/Pipeline/Pipeline.php(219): Illuminate/Foundation/Http/Middleware/VerifyCsrfToken->handle(Object(Illuminate/Http/Request), Object(Closure))
#27 C:/laragon/www/pos_sahla/vendor/laravel/framework/src/Illuminate/View/Middleware/ShareErrorsFromSession.php(48): Illuminate/Pipeline/Pipeline->Illuminate/Pipeline/{closure}(Object(Illuminate/Http/Request))
#28 C:/laragon/www/pos_sahla/vendor/laravel/framework/src/Illuminate/Pipeline/Pipeline.php(219): Illuminate/View/Middleware/ShareErrorsFromSession->handle(Object(Illuminate/Http/Request), Object(Closure))
#29 C:/laragon/www/pos_sahla/vendor/laravel/framework/src/Illuminate/Session/Middleware/StartSession.php(120): Illuminate/Pipeline/Pipeline->Illuminate/Pipeline/{closure}(Object(Illuminate/Http/Request))
#30 C:/laragon/www/pos_sahla/vendor/laravel/framework/src/Illuminate/Session/Middleware/StartSession.php(63): Illuminate/Session/Middleware/StartSession->handleStatefulRequest(Object(Illuminate/Http/Request), Object(Illuminate/Session/Store), Object(Closure))
#31 C:/laragon/www/pos_sahla/vendor/laravel/framework/src/Illuminate/Pipeline/Pipeline.php(219): Illuminate/Session/Middleware/StartSession->handle(Object(Illuminate/Http/Request), Object(Closure))
#32 C:/laragon/www/pos_sahla/vendor/laravel/framework/src/Illuminate/Cookie/Middleware/AddQueuedCookiesToResponse.php(36): Illuminate/Pipeline/Pipeline->Illuminate/Pipeline/{closure}(Object(Illuminate/Http/Request))
#33 C:/laragon/www/pos_sahla/vendor/laravel/framework/src/Illuminate/Pipeline/Pipeline.php(219): Illuminate/Cookie/Middleware/AddQueuedCookiesToResponse->handle(Object(Illuminate/Http/Request), Object(Closure))
#34 C:/laragon/www/pos_sahla/vendor/laravel/framework/src/Illuminate/Cookie/Middleware/EncryptCookies.php(74): Illuminate/Pipeline/Pipeline->Illuminate/Pipeline/{closure}(Object(Illuminate/Http/Request))
#35 C:/laragon/www/pos_sahla/vendor/laravel/framework/src/Illuminate/Pipeline/Pipeline.php(219): Illuminate/Cookie/Middleware/EncryptCookies->handle(Object(Illuminate/Http/Request), Object(Closure))
#36 C:/laragon/www/pos_sahla/vendor/laravel/framework/src/Illuminate/Pipeline/Pipeline.php(137): Illuminate/Pipeline/Pipeline->Illuminate/Pipeline/{closure}(Object(Illuminate/Http/Request))
#37 C:/laragon/www/pos_sahla/vendor/laravel/framework/src/Illuminate/Routing/Router.php(821): Illuminate/Pipeline/Pipeline->then(Object(Closure))
#38 C:/laragon/www/pos_sahla/vendor/laravel/framework/src/Illuminate/Routing/Router.php(800): Illuminate/Routing/Router->runRouteWithinStack(Object(Illuminate/Routing/Route), Object(Illuminate/Http/Request))
#39 C:/laragon/www/pos_sahla/vendor/laravel/framework/src/Illuminate/Routing/Router.php(764): Illuminate/Routing/Router->runRoute(Object(Illuminate/Http/Request), Object(Illuminate/Routing/Route))
#40 C:/laragon/www/pos_sahla/vendor/laravel/framework/src/Illuminate/Routing/Router.php(753): Illuminate/Routing/Router->dispatchToRoute(Object(Illuminate/Http/Request))
#41 C:/laragon/www/pos_sahla/vendor/laravel/framework/src/Illuminate/Foundation/Http/Kernel.php(200): Illuminate/Routing/Router->dispatch(Object(Illuminate/Http/Request))
#42 C:/laragon/www/pos_sahla/vendor/laravel/framework/src/Illuminate/Pipeline/Pipeline.php(180): Illuminate/Foundation/Http/Kernel->Illuminate/Foundation/Http/{closure}(Object(Illuminate/Http/Request))
#43 C:/laragon/www/pos_sahla/vendor/laravel/framework/src/Illuminate/Foundation/Http/Middleware/TransformsRequest.php(21): Illuminate/Pipeline/Pipeline->Illuminate/Pipeline/{closure}(Object(Illuminate/Http/Request))
#44 C:/laragon/www/pos_sahla/vendor/laravel/framework/src/Illuminate/Foundation/Http/Middleware/ConvertEmptyStringsToNull.php(31): Illuminate/Foundation/Http/Middleware/TransformsRequest->handle(Object(Illuminate/Http/Request), Object(Closure))
#45 C:/laragon/www/pos_sahla/vendor/laravel/framework/src/Illuminate/Pipeline/Pipeline.php(219): Illuminate/Foundation/Http/Middleware/ConvertEmptyStringsToNull->handle(Object(Illuminate/Http/Request), Object(Closure))
#46 C:/laragon/www/pos_sahla/vendor/laravel/framework/src/Illuminate/Foundation/Http/Middleware/TransformsRequest.php(21): Illuminate/Pipeline/Pipeline->Illuminate/Pipeline/{closure}(Object(Illuminate/Http/Request))
#47 C:/laragon/www/pos_sahla/vendor/laravel/framework/src/Illuminate/Foundation/Http/Middleware/TrimStrings.php(51): Illuminate/Foundation/Http/Middleware/TransformsRequest->handle(Object(Illuminate/Http/Request), Object(Closure))
#48 C:/laragon/www/pos_sahla/vendor/laravel/framework/src/Illuminate/Pipeline/Pipeline.php(219): Illuminate/Foundation/Http/Middleware/TrimStrings->handle(Object(Illuminate/Http/Request), Object(Closure))
#49 C:/laragon/www/pos_sahla/vendor/laravel/framework/src/Illuminate/Http/Middleware/ValidatePostSize.php(27): Illuminate/Pipeline/Pipeline->Illuminate/Pipeline/{closure}(Object(Illuminate/Http/Request))
#50 C:/laragon/www/pos_sahla/vendor/laravel/framework/src/Illuminate/Pipeline/Pipeline.php(219): Illuminate/Http/Middleware/ValidatePostSize->handle(Object(Illuminate/Http/Request), Object(Closure))
#51 C:/laragon/www/pos_sahla/vendor/laravel/framework/src/Illuminate/Foundation/Http/Middleware/PreventRequestsDuringMaintenance.php(109): Illuminate/Pipeline/Pipeline->Illuminate/Pipeline/{closure}(Object(Illuminate/Http/Request))
#52 C:/laragon/www/pos_sahla/vendor/laravel/framework/src/Illuminate/Pipeline/Pipeline.php(219): Illuminate/Foundation/Http/Middleware/PreventRequestsDuringMaintenance->handle(Object(Illuminate/Http/Request), Object(Closure))
#53 C:/laragon/www/pos_sahla/vendor/laravel/framework/src/Illuminate/Http/Middleware/HandleCors.php(61): Illuminate/Pipeline/Pipeline->Illuminate/Pipeline/{closure}(Object(Illuminate/Http/Request))
#54 C:/laragon/www/pos_sahla/vendor/laravel/framework/src/Illuminate/Pipeline/Pipeline.php(219): Illuminate/Http/Middleware/HandleCors->handle(Object(Illuminate/Http/Request), Object(Closure))
#55 C:/laragon/www/pos_sahla/vendor/laravel/framework/src/Illuminate/Http/Middleware/TrustProxies.php(58): Illuminate/Pipeline/Pipeline->Illuminate/Pipeline/{closure}(Object(Illuminate/Http/Request))
#56 C:/laragon/www/pos_sahla/vendor/laravel/framework/src/Illuminate/Pipeline/Pipeline.php(219): Illuminate/Http/Middleware/TrustProxies->handle(Object(Illuminate/Http/Request), Object(Closure))
#57 C:/laragon/www/pos_sahla/vendor/laravel/framework/src/Illuminate/Foundation/Http/Middleware/InvokeDeferredCallbacks.php(22): Illuminate/Pipeline/Pipeline->Illuminate/Pipeline/{closure}(Object(Illuminate/Http/Request))
#58 C:/laragon/www/pos_sahla/vendor/laravel/framework/src/Illuminate/Pipeline/Pipeline.php(219): Illuminate/Foundation/Http/Middleware/InvokeDeferredCallbacks->handle(Object(Illuminate/Http/Request), Object(Closure))
#59 C:/laragon/www/pos_sahla/vendor/laravel/framework/src/Illuminate/Http/Middleware/ValidatePathEncoding.php(26): Illuminate/Pipeline/Pipeline->Illuminate/Pipeline/{closure}(Object(Illuminate/Http/Request))
#60 C:/laragon/www/pos_sahla/vendor/laravel/framework/src/Illuminate/Pipeline/Pipeline.php(219): Illuminate/Http/Middleware/ValidatePathEncoding->handle(Object(Illuminate/Http/Request), Object(Closure))
#61 C:/laragon/www/pos_sahla/vendor/laravel/framework/src/Illuminate/Pipeline/Pipeline.php(137): Illuminate/Pipeline/Pipeline->Illuminate/Pipeline/{closure}(Object(Illuminate/Http/Request))
#62 C:/laragon/www/pos_sahla/vendor/laravel/framework/src/Illuminate/Foundation/Http/Kernel.php(175): Illuminate/Pipeline/Pipeline->then(Object(Closure))
#63 C:/laragon/www/pos_sahla/vendor/laravel/framework/src/Illuminate/Foundation/Http/Kernel.php(144): Illuminate/Foundation/Http/Kernel->sendRequestThroughRouter(Object(Illuminate/Http/Request))
#64 C:/laragon/www/pos_sahla/vendor/laravel/framework/src/Illuminate/Foundation/Application.php(1220): Illuminate/Foundation/Http/Kernel->handle(Object(Illuminate/Http/Request))
#65 C:/laragon/www/pos_sahla/public/index.php(20): Illuminate/Foundation/Application->handleRequest(Object(Illuminate/Http/Request))
#66 C:/laragon/www/pos_sahla/vendor/laravel/framework/src/Illuminate/Foundation/resources/server.php(23): require_once('C://laragon//www//...')
#67 {main}

[previous exception] [object] (ErrorException(code: 0): Undefined variable $jenis at C:/laragon/www/pos_sahla/storage/framework/views/43ed9347cf12e1eb0dda44f444b49f13.php:141)
[stacktrace]
#0 C:/laragon/www/pos_sahla/vendor/laravel/framework/src/Illuminate/Foundation/Bootstrap/HandleExceptions.php(258): Illuminate/Foundation/Bootstrap/HandleExceptions->handleError(2, 'Undefined varia...', 'C://laragon//www//...', 141)
#1 C:/laragon/www/pos_sahla/storage/framework/views/43ed9347cf12e1eb0dda44f444b49f13.php(141): Illuminate/Foundation/Bootstrap/HandleExceptions->Illuminate/Foundation/Bootstrap/{closure}(2, 'Undefined varia...', 'C://laragon//www//...', 141)
#2 C:/laragon/www/pos_sahla/vendor/laravel/framework/src/Illuminate/Filesystem/Filesystem.php(123): require('C://laragon//www//...')
#3 C:/laragon/www/pos_sahla/vendor/laravel/framework/src/Illuminate/Filesystem/Filesystem.php(124): Illuminate/Filesystem/Filesystem::Illuminate/Filesystem/{closure}()
#4 C:/laragon/www/pos_sahla/vendor/laravel/framework/src/Illuminate/View/Engines/PhpEngine.php(57): Illuminate/Filesystem/Filesystem->getRequire('C://laragon//www//...', Array)
#5 C:/laragon/www/pos_sahla/vendor/laravel/framework/src/Illuminate/View/Engines/CompilerEngine.php(76): Illuminate/View/Engines/PhpEngine->evaluatePath('C://laragon//www//...', Array)
#6 C:/laragon/www/pos_sahla/vendor/laravel/framework/src/Illuminate/View/View.php(208): Illuminate/View/Engines/CompilerEngine->get('C://laragon//www//...', Array)
#7 C:/laragon/www/pos_sahla/vendor/laravel/framework/src/Illuminate/View/View.php(191): Illuminate/View/View->getContents()
#8 C:/laragon/www/pos_sahla/vendor/laravel/framework/src/Illuminate/View/View.php(160): Illuminate/View/View->renderContents()
#9 C:/laragon/www/pos_sahla/storage/framework/views/17002b7dd9eb1e45d4ba0871b02fdd75.php(15): Illuminate/View/View->render()
#10 C:/laragon/www/pos_sahla/vendor/laravel/framework/src/Illuminate/Filesystem/Filesystem.php(123): require('C://laragon//www//...')
#11 C:/laragon/www/pos_sahla/vendor/laravel/framework/src/Illuminate/Filesystem/Filesystem.php(124): Illuminate/Filesystem/Filesystem::Illuminate/Filesystem/{closure}()
#12 C:/laragon/www/pos_sahla/vendor/laravel/framework/src/Illuminate/View/Engines/PhpEngine.php(57): Illuminate/Filesystem/Filesystem->getRequire('C://laragon//www//...', Array)
#13 C:/laragon/www/pos_sahla/vendor/laravel/framework/src/Illuminate/View/Engines/CompilerEngine.php(76): Illuminate/View/Engines/PhpEngine->evaluatePath('C://laragon//www//...', Array)
#14 C:/laragon/www/pos_sahla/vendor/laravel/framework/src/Illuminate/View/View.php(208): Illuminate/View/Engines/CompilerEngine->get('C://laragon//www//...', Array)
#15 C:/laragon/www/pos_sahla/vendor/laravel/framework/src/Illuminate/View/View.php(191): Illuminate/View/View->getContents()
#16 C:/laragon/www/pos_sahla/vendor/laravel/framework/src/Illuminate/View/View.php(160): Illuminate/View/View->renderContents()
#17 C:/laragon/www/pos_sahla/vendor/laravel/framework/src/Illuminate/Http/Response.php(78): Illuminate/View/View->render()
#18 C:/laragon/www/pos_sahla/vendor/laravel/framework/src/Illuminate/Http/Response.php(34): Illuminate/Http/Response->setContent(Object(Illuminate/View/View))
#19 C:/laragon/www/pos_sahla/vendor/laravel/framework/src/Illuminate/Routing/Router.php(939): Illuminate/Http/Response->__construct(Object(Illuminate/View/View), 200, Array)
#20 C:/laragon/www/pos_sahla/vendor/laravel/framework/src/Illuminate/Routing/Router.php(906): Illuminate/Routing/Router::toResponse(Object(Illuminate/Http/Request), Object(Illuminate/View/View))
#21 C:/laragon/www/pos_sahla/vendor/laravel/framework/src/Illuminate/Routing/Router.php(821): Illuminate/Routing/Router->prepareResponse(Object(Illuminate/Http/Request), Object(Illuminate/View/View))
#22 C:/laragon/www/pos_sahla/vendor/laravel/framework/src/Illuminate/Pipeline/Pipeline.php(180): Illuminate/Routing/Router->Illuminate/Routing/{closure}(Object(Illuminate/Http/Request))
#23 C:/laragon/www/pos_sahla/app/Http/Middleware/RoleMiddleware.php(32): Illuminate/Pipeline/Pipeline->Illuminate/Pipeline/{closure}(Object(Illuminate/Http/Request))
#24 C:/laragon/www/pos_sahla/vendor/laravel/framework/src/Illuminate/Pipeline/Pipeline.php(219): App/Http/Middleware/RoleMiddleware->handle(Object(Illuminate/Http/Request), Object(Closure), 'admin', 'kasir')
#25 C:/laragon/www/pos_sahla/vendor/laravel/framework/src/Illuminate/Routing/Middleware/SubstituteBindings.php(50): Illuminate/Pipeline/Pipeline->Illuminate/Pipeline/{closure}(Object(Illuminate/Http/Request))
#26 C:/laragon/www/pos_sahla/vendor/laravel/framework/src/Illuminate/Pipeline/Pipeline.php(219): Illuminate/Routing/Middleware/SubstituteBindings->handle(Object(Illuminate/Http/Request), Object(Closure))
#27 C:/laragon/www/pos_sahla/vendor/laravel/framework/src/Illuminate/Auth/Middleware/Authenticate.php(63): Illuminate/Pipeline/Pipeline->Illuminate/Pipeline/{closure}(Object(Illuminate/Http/Request))
#28 C:/laragon/www/pos_sahla/vendor/laravel/framework/src/Illuminate/Pipeline/Pipeline.php(219): Illuminate/Auth/Middleware/Authenticate->handle(Object(Illuminate/Http/Request), Object(Closure))
#29 C:/laragon/www/pos_sahla/vendor/laravel/framework/src/Illuminate/Foundation/Http/Middleware/VerifyCsrfToken.php(87): Illuminate/Pipeline/Pipeline->Illuminate/Pipeline/{closure}(Object(Illuminate/Http/Request))
#30 C:/laragon/www/pos_sahla/vendor/laravel/framework/src/Illuminate/Pipeline/Pipeline.php(219): Illuminate/Foundation/Http/Middleware/VerifyCsrfToken->handle(Object(Illuminate/Http/Request), Object(Closure))
#31 C:/laragon/www/pos_sahla/vendor/laravel/framework/src/Illuminate/View/Middleware/ShareErrorsFromSession.php(48): Illuminate/Pipeline/Pipeline->Illuminate/Pipeline/{closure}(Object(Illuminate/Http/Request))
#32 C:/laragon/www/pos_sahla/vendor/laravel/framework/src/Illuminate/Pipeline/Pipeline.php(219): Illuminate/View/Middleware/ShareErrorsFromSession->handle(Object(Illuminate/Http/Request), Object(Closure))
#33 C:/laragon/www/pos_sahla/vendor/laravel/framework/src/Illuminate/Session/Middleware/StartSession.php(120): Illuminate/Pipeline/Pipeline->Illuminate/Pipeline/{closure}(Object(Illuminate/Http/Request))
#34 C:/laragon/www/pos_sahla/vendor/laravel/framework/src/Illuminate/Session/Middleware/StartSession.php(63): Illuminate/Session/Middleware/StartSession->handleStatefulRequest(Object(Illuminate/Http/Request), Object(Illuminate/Session/Store), Object(Closure))
#35 C:/laragon/www/pos_sahla/vendor/laravel/framework/src/Illuminate/Pipeline/Pipeline.php(219): Illuminate/Session/Middleware/StartSession->handle(Object(Illuminate/Http/Request), Object(Closure))
#36 C:/laragon/www/pos_sahla/vendor/laravel/framework/src/Illuminate/Cookie/Middleware/AddQueuedCookiesToResponse.php(36): Illuminate/Pipeline/Pipeline->Illuminate/Pipeline/{closure}(Object(Illuminate/Http/Request))
#37 C:/laragon/www/pos_sahla/vendor/laravel/framework/src/Illuminate/Pipeline/Pipeline.php(219): Illuminate/Cookie/Middleware/AddQueuedCookiesToResponse->handle(Object(Illuminate/Http/Request), Object(Closure))
#38 C:/laragon/www/pos_sahla/vendor/laravel/framework/src/Illuminate/Cookie/Middleware/EncryptCookies.php(74): Illuminate/Pipeline/Pipeline->Illuminate/Pipeline/{closure}(Object(Illuminate/Http/Request))
#39 C:/laragon/www/pos_sahla/vendor/laravel/framework/src/Illuminate/Pipeline/Pipeline.php(219): Illuminate/Cookie/Middleware/EncryptCookies->handle(Object(Illuminate/Http/Request), Object(Closure))
#40 C:/laragon/www/pos_sahla/vendor/laravel/framework/src/Illuminate/Pipeline/Pipeline.php(137): Illuminate/Pipeline/Pipeline->Illuminate/Pipeline/{closure}(Object(Illuminate/Http/Request))
#41 C:/laragon/www/pos_sahla/vendor/laravel/framework/src/Illuminate/Routing/Router.php(821): Illuminate/Pipeline/Pipeline->then(Object(Closure))
#42 C:/laragon/www/pos_sahla/vendor/laravel/framework/src/Illuminate/Routing/Router.php(800): Illuminate/Routing/Router->runRouteWithinStack(Object(Illuminate/Routing/Route), Object(Illuminate/Http/Request))
#43 C:/laragon/www/pos_sahla/vendor/laravel/framework/src/Illuminate/Routing/Router.php(764): Illuminate/Routing/Router->runRoute(Object(Illuminate/Http/Request), Object(Illuminate/Routing/Route))
#44 C:/laragon/www/pos_sahla/vendor/laravel/framework/src/Illuminate/Routing/Router.php(753): Illuminate/Routing/Router->dispatchToRoute(Object(Illuminate/Http/Request))
#45 C:/laragon/www/pos_sahla/vendor/laravel/framework/src/Illuminate/Foundation/Http/Kernel.php(200): Illuminate/Routing/Router->dispatch(Object(Illuminate/Http/Request))
#46 C:/laragon/www/pos_sahla/vendor/laravel/framework/src/Illuminate/Pipeline/Pipeline.php(180): Illuminate/Foundation/Http/Kernel->Illuminate/Foundation/Http/{closure}(Object(Illuminate/Http/Request))
#47 C:/laragon/www/pos_sahla/vendor/laravel/framework/src/Illuminate/Foundation/Http/Middleware/TransformsRequest.php(21): Illuminate/Pipeline/Pipeline->Illuminate/Pipeline/{closure}(Object(Illuminate/Http/Request))
#48 C:/laragon/www/pos_sahla/vendor/laravel/framework/src/Illuminate/Foundation/Http/Middleware/ConvertEmptyStringsToNull.php(31): Illuminate/Foundation/Http/Middleware/TransformsRequest->handle(Object(Illuminate/Http/Request), Object(Closure))
#49 C:/laragon/www/pos_sahla/vendor/laravel/framework/src/Illuminate/Pipeline/Pipeline.php(219): Illuminate/Foundation/Http/Middleware/ConvertEmptyStringsToNull->handle(Object(Illuminate/Http/Request), Object(Closure))
#50 C:/laragon/www/pos_sahla/vendor/laravel/framework/src/Illuminate/Foundation/Http/Middleware/TransformsRequest.php(21): Illuminate/Pipeline/Pipeline->Illuminate/Pipeline/{closure}(Object(Illuminate/Http/Request))
#51 C:/laragon/www/pos_sahla/vendor/laravel/framework/src/Illuminate/Foundation/Http/Middleware/TrimStrings.php(51): Illuminate/Foundation/Http/Middleware/TransformsRequest->handle(Object(Illuminate/Http/Request), Object(Closure))
#52 C:/laragon/www/pos_sahla/vendor/laravel/framework/src/Illuminate/Pipeline/Pipeline.php(219): Illuminate/Foundation/Http/Middleware/TrimStrings->handle(Object(Illuminate/Http/Request), Object(Closure))
#53 C:/laragon/www/pos_sahla/vendor/laravel/framework/src/Illuminate/Http/Middleware/ValidatePostSize.php(27): Illuminate/Pipeline/Pipeline->Illuminate/Pipeline/{closure}(Object(Illuminate/Http/Request))
#54 C:/laragon/www/pos_sahla/vendor/laravel/framework/src/Illuminate/Pipeline/Pipeline.php(219): Illuminate/Http/Middleware/ValidatePostSize->handle(Object(Illuminate/Http/Request), Object(Closure))
#55 C:/laragon/www/pos_sahla/vendor/laravel/framework/src/Illuminate/Foundation/Http/Middleware/PreventRequestsDuringMaintenance.php(109): Illuminate/Pipeline/Pipeline->Illuminate/Pipeline/{closure}(Object(Illuminate/Http/Request))
#56 C:/laragon/www/pos_sahla/vendor/laravel/framework/src/Illuminate/Pipeline/Pipeline.php(219): Illuminate/Foundation/Http/Middleware/PreventRequestsDuringMaintenance->handle(Object(Illuminate/Http/Request), Object(Closure))
#57 C:/laragon/www/pos_sahla/vendor/laravel/framework/src/Illuminate/Http/Middleware/HandleCors.php(61): Illuminate/Pipeline/Pipeline->Illuminate/Pipeline/{closure}(Object(Illuminate/Http/Request))
#58 C:/laragon/www/pos_sahla/vendor/laravel/framework/src/Illuminate/Pipeline/Pipeline.php(219): Illuminate/Http/Middleware/HandleCors->handle(Object(Illuminate/Http/Request), Object(Closure))
#59 C:/laragon/www/pos_sahla/vendor/laravel/framework/src/Illuminate/Http/Middleware/TrustProxies.php(58): Illuminate/Pipeline/Pipeline->Illuminate/Pipeline/{closure}(Object(Illuminate/Http/Request))
#60 C:/laragon/www/pos_sahla/vendor/laravel/framework/src/Illuminate/Pipeline/Pipeline.php(219): Illuminate/Http/Middleware/TrustProxies->handle(Object(Illuminate/Http/Request), Object(Closure))
#61 C:/laragon/www/pos_sahla/vendor/laravel/framework/src/Illuminate/Foundation/Http/Middleware/InvokeDeferredCallbacks.php(22): Illuminate/Pipeline/Pipeline->Illuminate/Pipeline/{closure}(Object(Illuminate/Http/Request))
#62 C:/laragon/www/pos_sahla/vendor/laravel/framework/src/Illuminate/Pipeline/Pipeline.php(219): Illuminate/Foundation/Http/Middleware/InvokeDeferredCallbacks->handle(Object(Illuminate/Http/Request), Object(Closure))
#63 C:/laragon/www/pos_sahla/vendor/laravel/framework/src/Illuminate/Http/Middleware/ValidatePathEncoding.php(26): Illuminate/Pipeline/Pipeline->Illuminate/Pipeline/{closure}(Object(Illuminate/Http/Request))
#64 C:/laragon/www/pos_sahla/vendor/laravel/framework/src/Illuminate/Pipeline/Pipeline.php(219): Illuminate/Http/Middleware/ValidatePathEncoding->handle(Object(Illuminate/Http/Request), Object(Closure))
#65 C:/laragon/www/pos_sahla/vendor/laravel/framework/src/Illuminate/Pipeline/Pipeline.php(137): Illuminate/Pipeline/Pipeline->Illuminate/Pipeline/{closure}(Object(Illuminate/Http/Request))
#66 C:/laragon/www/pos_sahla/vendor/laravel/framework/src/Illuminate/Foundation/Http/Kernel.php(175): Illuminate/Pipeline/Pipeline->then(Object(Closure))
#67 C:/laragon/www/pos_sahla/vendor/laravel/framework/src/Illuminate/Foundation/Http/Kernel.php(144): Illuminate/Foundation/Http/Kernel->sendRequestThroughRouter(Object(Illuminate/Http/Request))
#68 C:/laragon/www/pos_sahla/vendor/laravel/framework/src/Illuminate/Foundation/Application.php(1220): Illuminate/Foundation/Http/Kernel->handle(Object(Illuminate/Http/Request))
#69 C:/laragon/www/pos_sahla/public/index.php(20): Illuminate/Foundation/Application->handleRequest(Object(Illuminate/Http/Request))
#70 C:/laragon/www/pos_sahla/vendor/laravel/framework/src/Illuminate/Foundation/resources/server.php(23): require_once('C://laragon//www//...')
#71 {main}
"} 
[2026-08-12 06:08:51] local.ERROR: Uncaught ReflectionException: Class "App\Policies\ProdukPolicy" does not exist in Command line code:1
Stack trace:
#0 Command line code(1): ReflectionClass->__construct('App\\Policies\\Pr...')
#1 [internal function]: {closure}('App\\Policies\\Pr...', 'App\\Models\\Prod...')
#2 Command line code(1): array_map(Object(Closure), Array, Array)
#3 {main}
  thrown {"exception":"[object] (Symfony\\Component\\ErrorHandler\\Error\\FatalError(code: 0): Uncaught ReflectionException: Class \"App\\Policies\\ProdukPolicy\" does not exist in Command line code:1
Stack trace:
#0 Command line code(1): ReflectionClass->__construct('App\\\\Policies\\\\Pr...')
#1 [internal function]: {closure}('App\\\\Policies\\\\Pr...', 'App\\\\Models\\\\Prod...')
#2 Command line code(1): array_map(Object(Closure), Array, Array)
#3 {main}
  thrown at Command line code:1)
[stacktrace]
#0 {main}
"} 
[2026-08-12 06:09:51] local.ERROR: Uncaught ReflectionException: Class "App\Policies\ProdukPolicy" does not exist in Command line code:1
Stack trace:
#0 Command line code(1): ReflectionClass->__construct('App\\Policies\\Pr...')
#1 [internal function]: {closure}('App\\Policies\\Pr...', 'App\\Models\\Prod...')
#2 Command line code(1): array_map(Object(Closure), Array, Array)
#3 {main}
  thrown {"exception":"[object] (Symfony\\Component\\ErrorHandler\\Error\\FatalError(code: 0): Uncaught ReflectionException: Class \"App\\Policies\\ProdukPolicy\" does not exist in Command line code:1
Stack trace:
#0 Command line code(1): ReflectionClass->__construct('App\\\\Policies\\\\Pr...')
#1 [internal function]: {closure}('App\\\\Policies\\\\Pr...', 'App\\\\Models\\\\Prod...')
#2 Command line code(1): array_map(Object(Closure), Array, Array)
#3 {main}
  thrown at Command line code:1)
[stacktrace]
#0 {main}
"} 
[2026-08-12 06:10:51] local.ERROR: Uncaught ReflectionException: Class "App\Policies\ProdukPolicy" does not exist in Command line code:1
Stack trace:
#0 Command line code(1): ReflectionClass->__construct('App\\Policies\\Pr...')
#1 [internal function]: {closure}('App\\Policies\\Pr...', 'App\\Models\\Prod...')
#2 Command line code(1): array_map(Object(Closure), Array, Array)
#3 {main}
  thrown {"exception":"[object] (Symfony\\Component\\ErrorHandler\\Error\\FatalError(code: 0): Uncaught ReflectionException: Class \"App\\Policies\\ProdukPolicy\" does not exist in Command line code:1
Stack trace:
#0 Command line code(1): ReflectionClass->__construct('App\\\\Policies\\\\Pr...')
#1 [internal function]: {closure}('App\\\\Policies\\\\Pr...', 'App\\\\Models\\\\Prod...')
#2 Command line code(1): array_map(Object(Closure), Array, Array)
#3 {main}
  thrown at Command line code:1)
[stacktrace]
#0 {main}
"} 
[2026-08-12 06:11:51] local.ERROR: Uncaught ReflectionException: Class "App\Policies\ProdukPolicy" does not exist in Command line code:1
Stack trace:
#0 Command line code(1): ReflectionClass->__construct('App\\Policies\\Pr...')
#1 [internal function]: {closure}('App\\Policies\\Pr...', 'App\\Models\\Prod...')
#2 Command line code(1): array_map(Object(Closure), Array, Array)
#3 {main}
  thrown {"exception":"[object] (Symfony\\Component\\ErrorHandler\\Error\\FatalError(code: 0): Uncaught ReflectionException: Class \"App\\Policies\\ProdukPolicy\" does not exist in Command line code:1
Stack trace:
#0 Command line code(1): ReflectionClass->__construct('App\\\\Policies\\\\Pr...')
#1 [internal function]: {closure}('App\\\\Policies\\\\Pr...', 'App\\\\Models\\\\Prod...')
#2 Command line code(1): array_map(Object(Closure), Array, Array)
#3 {main}
  thrown at Command line code:1)
[stacktrace]
#0 {main}
"} 
[2026-08-12 06:12:24] local.ERROR: Call to undefined method App\Models\Jenis::produk() {"userId":2,"exception":"[object] (BadMethodCallException(code: 0): Call to undefined method App\\Models\\Jenis::produk() at C:/laragon/www/pos_sahla/vendor/laravel/framework/src/Illuminate/Support/Traits/ForwardsCalls.php:67)
[stacktrace]
#0 C:/laragon/www/pos_sahla/vendor/laravel/framework/src/Illuminate/Support/Traits/ForwardsCalls.php(36): Illuminate/Database/Eloquent/Model::throwBadMethodCallException('produk')
#1 C:/laragon/www/pos_sahla/vendor/laravel/framework/src/Illuminate/Database/Eloquent/Model.php(2540): Illuminate/Database/Eloquent/Model->forwardCallTo(Object(Illuminate/Database/Eloquent/Builder), 'produk', Array)
#2 C:/laragon/www/pos_sahla/vendor/laravel/framework/src/Illuminate/Database/Eloquent/Concerns/QueriesRelationships.php(1124): Illuminate/Database/Eloquent/Model->__call('produk', Array)
#3 C:/laragon/www/pos_sahla/vendor/laravel/framework/src/Illuminate/Database/Eloquent/Relations/Relation.php(119): Illuminate/Database/Eloquent/Builder->Illuminate/Database/Eloquent/Concerns/{closure}()
#4 C:/laragon/www/pos_sahla/vendor/laravel/framework/src/Illuminate/Database/Eloquent/Concerns/QueriesRelationships.php(1123): Illuminate/Database/Eloquent/Relations/Relation::noConstraints(Object(Closure))
#5 C:/laragon/www/pos_sahla/vendor/laravel/framework/src/Illuminate/Database/Eloquent/Concerns/QueriesRelationships.php(874): Illuminate/Database/Eloquent/Builder->getRelationWithoutConstraints('produk')
#6 C:/laragon/www/pos_sahla/vendor/laravel/framework/src/Illuminate/Database/Eloquent/Concerns/QueriesRelationships.php(967): Illuminate/Database/Eloquent/Builder->withAggregate(Array, '*', 'count')
#7 C:/laragon/www/pos_sahla/app/Http/Controllers/JenisController.php(17): Illuminate/Database/Eloquent/Builder->withCount('produk')
#8 C:/laragon/www/pos_sahla/vendor/laravel/framework/src/Illuminate/Routing/Controller.php(54): App/Http/Controllers/JenisController->index(Object(App/Http/Requests/SearchRequest))
#9 C:/laragon/www/pos_sahla/vendor/laravel/framework/src/Illuminate/Routing/ControllerDispatcher.php(43): Illuminate/Routing/Controller->callAction('index', Array)
#10 C:/laragon/www/pos_sahla/vendor/laravel/framework/src/Illuminate/Routing/Route.php(265): Illuminate/Routing/ControllerDispatcher->dispatch(Object(Illuminate/Routing/Route), Object(App/Http/Controllers/JenisController), 'index')
#11 C:/laragon/www/pos_sahla/vendor/laravel/framework/src/Illuminate/Routing/Route.php(211): Illuminate/Routing/Route->runController()
#12 C:/laragon/www/pos_sahla/vendor/laravel/framework/src/Illuminate/Routing/Router.php(822): Illuminate/Routing/Route->run()
#13 C:/laragon/www/pos_sahla/vendor/laravel/framework/src/Illuminate/Pipeline/Pipeline.php(180): Illuminate/Routing/Router->Illuminate/Routing/{closure}(Object(Illuminate/Http/Request))
#14 C:/laragon/www/pos_sahla/app/Http/Middleware/RoleMiddleware.php(32): Illuminate/Pipeline/Pipeline->Illuminate/Pipeline/{closure}(Object(Illuminate/Http/Request))
#15 C:/laragon/www/pos_sahla/vendor/laravel/framework/src/Illuminate/Pipeline/Pipeline.php(219): App/Http/Middleware/RoleMiddleware->handle(Object(Illuminate/Http/Request), Object(Closure), 'admin', 'kasir')
#16 C:/laragon/www/pos_sahla/vendor/laravel/framework/src/Illuminate/Routing/Middleware/SubstituteBindings.php(50): Illuminate/Pipeline/Pipeline->Illuminate/Pipeline/{closure}(Object(Illuminate/Http/Request))
#17 C:/laragon/www/pos_sahla/vendor/laravel/framework/src/Illuminate/Pipeline/Pipeline.php(219): Illuminate/Routing/Middleware/SubstituteBindings->handle(Object(Illuminate/Http/Request), Object(Closure))
#18 C:/laragon/www/pos_sahla/vendor/laravel/framework/src/Illuminate/Auth/Middleware/Authenticate.php(63): Illuminate/Pipeline/Pipeline->Illuminate/Pipeline/{closure}(Object(Illuminate/Http/Request))
#19 C:/laragon/www/pos_sahla/vendor/laravel/framework/src/Illuminate/Pipeline/Pipeline.php(219): Illuminate/Auth/Middleware/Authenticate->handle(Object(Illuminate/Http/Request), Object(Closure))
#20 C:/laragon/www/pos_sahla/vendor/laravel/framework/src/Illuminate/Foundation/Http/Middleware/VerifyCsrfToken.php(87): Illuminate/Pipeline/Pipeline->Illuminate/Pipeline/{closure}(Object(Illuminate/Http/Request))
#21 C:/laragon/www/pos_sahla/vendor/laravel/framework/src/Illuminate/Pipeline/Pipeline.php(219): Illuminate/Foundation/Http/Middleware/VerifyCsrfToken->handle(Object(Illuminate/Http/Request), Object(Closure))
#22 C:/laragon/www/pos_sahla/vendor/laravel/framework/src/Illuminate/View/Middleware/ShareErrorsFromSession.php(48): Illuminate/Pipeline/Pipeline->Illuminate/Pipeline/{closure}(Object(Illuminate/Http/Request))
#23 C:/laragon/www/pos_sahla/vendor/laravel/framework/src/Illuminate/Pipeline/Pipeline.php(219): Illuminate/View/Middleware/ShareErrorsFromSession->handle(Object(Illuminate/Http/Request), Object(Closure))
#24 C:/laragon/www/pos_sahla/vendor/laravel/framework/src/Illuminate/Session/Middleware/StartSession.php(120): Illuminate/Pipeline/Pipeline->Illuminate/Pipeline/{closure}(Object(Illuminate/Http/Request))
#25 C:/laragon/www/pos_sahla/vendor/laravel/framework/src/Illuminate/Session/Middleware/StartSession.php(63): Illuminate/Session/Middleware/StartSession->handleStatefulRequest(Object(Illuminate/Http/Request), Object(Illuminate/Session/Store), Object(Closure))
#26 C:/laragon/www/pos_sahla/vendor/laravel/framework/src/Illuminate/Pipeline/Pipeline.php(219): Illuminate/Session/Middleware/StartSession->handle(Object(Illuminate/Http/Request), Object(Closure))
#27 C:/laragon/www/pos_sahla/vendor/laravel/framework/src/Illuminate/Cookie/Middleware/AddQueuedCookiesToResponse.php(36): Illuminate/Pipeline/Pipeline->Illuminate/Pipeline/{closure}(Object(Illuminate/Http/Request))
#28 C:/laragon/www/pos_sahla/vendor/laravel/framework/src/Illuminate/Pipeline/Pipeline.php(219): Illuminate/Cookie/Middleware/AddQueuedCookiesToResponse->handle(Object(Illuminate/Http/Request), Object(Closure))
#29 C:/laragon/www/pos_sahla/vendor/laravel/framework/src/Illuminate/Cookie/Middleware/EncryptCookies.php(74): Illuminate/Pipeline/Pipeline->Illuminate/Pipeline/{closure}(Object(Illuminate/Http/Request))
#30 C:/laragon/www/pos_sahla/vendor/laravel/framework/src/Illuminate/Pipeline/Pipeline.php(219): Illuminate/Cookie/Middleware/EncryptCookies->handle(Object(Illuminate/Http/Request), Object(Closure))
#31 C:/laragon/www/pos_sahla/vendor/laravel/framework/src/Illuminate/Pipeline/Pipeline.php(137): Illuminate/Pipeline/Pipeline->Illuminate/Pipeline/{closure}(Object(Illuminate/Http/Request))
#32 C:/laragon/www/pos_sahla/vendor/laravel/framework/src/Illuminate/Routing/Router.php(821): Illuminate/Pipeline/Pipeline->then(Object(Closure))
#33 C:/laragon/www/pos_sahla/vendor/laravel/framework/src/Illuminate/Routing/Router.php(800): Illuminate/Routing/Router->runRouteWithinStack(Object(Illuminate/Routing/Route), Object(Illuminate/Http/Request))
#34 C:/laragon/www/pos_sahla/vendor/laravel/framework/src/Illuminate/Routing/Router.php(764): Illuminate/Routing/Router->runRoute(Object(Illuminate/Http/Request), Object(Illuminate/Routing/Route))
#35 C:/laragon/www/pos_sahla/vendor/laravel/framework/src/Illuminate/Routing/Router.php(753): Illuminate/Routing/Router->dispatchToRoute(Object(Illuminate/Http/Request))
#36 C:/laragon/www/pos_sahla/vendor/laravel/framework/src/Illuminate/Foundation/Http/Kernel.php(200): Illuminate/Routing/Router->dispatch(Object(Illuminate/Http/Request))
#37 C:/laragon/www/pos_sahla/vendor/laravel/framework/src/Illuminate/Pipeline/Pipeline.php(180): Illuminate/Foundation/Http/Kernel->Illuminate/Foundation/Http/{closure}(Object(Illuminate/Http/Request))
#38 C:/laragon/www/pos_sahla/vendor/laravel/framework/src/Illuminate/Foundation/Http/Middleware/TransformsRequest.php(21): Illuminate/Pipeline/Pipeline->Illuminate/Pipeline/{closure}(Object(Illuminate/Http/Request))
#39 C:/laragon/www/pos_sahla/vendor/laravel/framework/src/Illuminate/Foundation/Http/Middleware/ConvertEmptyStringsToNull.php(31): Illuminate/Foundation/Http/Middleware/TransformsRequest->handle(Object(Illuminate/Http/Request), Object(Closure))
#40 C:/laragon/www/pos_sahla/vendor/laravel/framework/src/Illuminate/Pipeline/Pipeline.php(219): Illuminate/Foundation/Http/Middleware/ConvertEmptyStringsToNull->handle(Object(Illuminate/Http/Request), Object(Closure))
#41 C:/laragon/www/pos_sahla/vendor/laravel/framework/src/Illuminate/Foundation/Http/Middleware/TransformsRequest.php(21): Illuminate/Pipeline/Pipeline->Illuminate/Pipeline/{closure}(Object(Illuminate/Http/Request))
#42 C:/laragon/www/pos_sahla/vendor/laravel/framework/src/Illuminate/Foundation/Http/Middleware/TrimStrings.php(51): Illuminate/Foundation/Http/Middleware/TransformsRequest->handle(Object(Illuminate/Http/Request), Object(Closure))
#43 C:/laragon/www/pos_sahla/vendor/laravel/framework/src/Illuminate/Pipeline/Pipeline.php(219): Illuminate/Foundation/Http/Middleware/TrimStrings->handle(Object(Illuminate/Http/Request), Object(Closure))
#44 C:/laragon/www/pos_sahla/vendor/laravel/framework/src/Illuminate/Http/Middleware/ValidatePostSize.php(27): Illuminate/Pipeline/Pipeline->Illuminate/Pipeline/{closure}(Object(Illuminate/Http/Request))
#45 C:/laragon/www/pos_sahla/vendor/laravel/framework/src/Illuminate/Pipeline/Pipeline.php(219): Illuminate/Http/Middleware/ValidatePostSize->handle(Object(Illuminate/Http/Request), Object(Closure))
#46 C:/laragon/www/pos_sahla/vendor/laravel/framework/src/Illuminate/Foundation/Http/Middleware/PreventRequestsDuringMaintenance.php(109): Illuminate/Pipeline/Pipeline->Illuminate/Pipeline/{closure}(Object(Illuminate/Http/Request))
#47 C:/laragon/www/pos_sahla/vendor/laravel/framework/src/Illuminate/Pipeline/Pipeline.php(219): Illuminate/Foundation/Http/Middleware/PreventRequestsDuringMaintenance->handle(Object(Illuminate/Http/Request), Object(Closure))
#48 C:/laragon/www/pos_sahla/vendor/laravel/framework/src/Illuminate/Http/Middleware/HandleCors.php(61): Illuminate/Pipeline/Pipeline->Illuminate/Pipeline/{closure}(Object(Illuminate/Http/Request))
#49 C:/laragon/www/pos_sahla/vendor/laravel/framework/src/Illuminate/Pipeline/Pipeline.php(219): Illuminate/Http/Middleware/HandleCors->handle(Object(Illuminate/Http/Request), Object(Closure))
#50 C:/laragon/www/pos_sahla/vendor/laravel/framework/src/Illuminate/Http/Middleware/TrustProxies.php(58): Illuminate/Pipeline/Pipeline->Illuminate/Pipeline/{closure}(Object(Illuminate/Http/Request))
#51 C:/laragon/www/pos_sahla/vendor/laravel/framework/src/Illuminate/Pipeline/Pipeline.php(219): Illuminate/Http/Middleware/TrustProxies->handle(Object(Illuminate/Http/Request), Object(Closure))
#52 C:/laragon/www/pos_sahla/vendor/laravel/framework/src/Illuminate/Foundation/Http/Middleware/InvokeDeferredCallbacks.php(22): Illuminate/Pipeline/Pipeline->Illuminate/Pipeline/{closure}(Object(Illuminate/Http/Request))
#53 C:/laragon/www/pos_sahla/vendor/laravel/framework/src/Illuminate/Pipeline/Pipeline.php(219): Illuminate/Foundation/Http/Middleware/InvokeDeferredCallbacks->handle(Object(Illuminate/Http/Request), Object(Closure))
#54 C:/laragon/www/pos_sahla/vendor/laravel/framework/src/Illuminate/Http/Middleware/ValidatePathEncoding.php(26): Illuminate/Pipeline/Pipeline->Illuminate/Pipeline/{closure}(Object(Illuminate/Http/Request))
#55 C:/laragon/www/pos_sahla/vendor/laravel/framework/src/Illuminate/Pipeline/Pipeline.php(219): Illuminate/Http/Middleware/ValidatePathEncoding->handle(Object(Illuminate/Http/Request), Object(Closure))
#56 C:/laragon/www/pos_sahla/vendor/laravel/framework/src/Illuminate/Pipeline/Pipeline.php(137): Illuminate/Pipeline/Pipeline->Illuminate/Pipeline/{closure}(Object(Illuminate/Http/Request))
#57 C:/laragon/www/pos_sahla/vendor/laravel/framework/src/Illuminate/Foundation/Http/Kernel.php(175): Illuminate/Pipeline/Pipeline->then(Object(Closure))
#58 C:/laragon/www/pos_sahla/vendor/laravel/framework/src/Illuminate/Foundation/Http/Kernel.php(144): Illuminate/Foundation/Http/Kernel->sendRequestThroughRouter(Object(Illuminate/Http/Request))
#59 C:/laragon/www/pos_sahla/vendor/laravel/framework/src/Illuminate/Foundation/Application.php(1220): Illuminate/Foundation/Http/Kernel->handle(Object(Illuminate/Http/Request))
#60 C:/laragon/www/pos_sahla/public/index.php(20): Illuminate/Foundation/Application->handleRequest(Object(Illuminate/Http/Request))
#61 C:/laragon/www/pos_sahla/vendor/laravel/framework/src/Illuminate/Foundation/resources/server.php(23): require_once('C://laragon//www//...')
#62 {main}
"} 
[2026-08-12 06:12:26] local.ERROR: Call to undefined method App\Models\Jenis::produk() {"userId":2,"exception":"[object] (BadMethodCallException(code: 0): Call to undefined method App\\Models\\Jenis::produk() at C:/laragon/www/pos_sahla/vendor/laravel/framework/src/Illuminate/Support/Traits/ForwardsCalls.php:67)
[stacktrace]
#0 C:/laragon/www/pos_sahla/vendor/laravel/framework/src/Illuminate/Support/Traits/ForwardsCalls.php(36): Illuminate/Database/Eloquent/Model::throwBadMethodCallException('produk')
#1 C:/laragon/www/pos_sahla/vendor/laravel/framework/src/Illuminate/Database/Eloquent/Model.php(2540): Illuminate/Database/Eloquent/Model->forwardCallTo(Object(Illuminate/Database/Eloquent/Builder), 'produk', Array)
#2 C:/laragon/www/pos_sahla/vendor/laravel/framework/src/Illuminate/Database/Eloquent/Concerns/QueriesRelationships.php(1124): Illuminate/Database/Eloquent/Model->__call('produk', Array)
#3 C:/laragon/www/pos_sahla/vendor/laravel/framework/src/Illuminate/Database/Eloquent/Relations/Relation.php(119): Illuminate/Database/Eloquent/Builder->Illuminate/Database/Eloquent/Concerns/{closure}()
#4 C:/laragon/www/pos_sahla/vendor/laravel/framework/src/Illuminate/Database/Eloquent/Concerns/QueriesRelationships.php(1123): Illuminate/Database/Eloquent/Relations/Relation::noConstraints(Object(Closure))
#5 C:/laragon/www/pos_sahla/vendor/laravel/framework/src/Illuminate/Database/Eloquent/Concerns/QueriesRelationships.php(874): Illuminate/Database/Eloquent/Builder->getRelationWithoutConstraints('produk')
#6 C:/laragon/www/pos_sahla/vendor/laravel/framework/src/Illuminate/Database/Eloquent/Concerns/QueriesRelationships.php(967): Illuminate/Database/Eloquent/Builder->withAggregate(Array, '*', 'count')
#7 C:/laragon/www/pos_sahla/app/Http/Controllers/JenisController.php(17): Illuminate/Database/Eloquent/Builder->withCount('produk')
#8 C:/laragon/www/pos_sahla/vendor/laravel/framework/src/Illuminate/Routing/Controller.php(54): App/Http/Controllers/JenisController->index(Object(App/Http/Requests/SearchRequest))
#9 C:/laragon/www/pos_sahla/vendor/laravel/framework/src/Illuminate/Routing/ControllerDispatcher.php(43): Illuminate/Routing/Controller->callAction('index', Array)
#10 C:/laragon/www/pos_sahla/vendor/laravel/framework/src/Illuminate/Routing/Route.php(265): Illuminate/Routing/ControllerDispatcher->dispatch(Object(Illuminate/Routing/Route), Object(App/Http/Controllers/JenisController), 'index')
#11 C:/laragon/www/pos_sahla/vendor/laravel/framework/src/Illuminate/Routing/Route.php(211): Illuminate/Routing/Route->runController()
#12 C:/laragon/www/pos_sahla/vendor/laravel/framework/src/Illuminate/Routing/Router.php(822): Illuminate/Routing/Route->run()
#13 C:/laragon/www/pos_sahla/vendor/laravel/framework/src/Illuminate/Pipeline/Pipeline.php(180): Illuminate/Routing/Router->Illuminate/Routing/{closure}(Object(Illuminate/Http/Request))
#14 C:/laragon/www/pos_sahla/app/Http/Middleware/RoleMiddleware.php(32): Illuminate/Pipeline/Pipeline->Illuminate/Pipeline/{closure}(Object(Illuminate/Http/Request))
#15 C:/laragon/www/pos_sahla/vendor/laravel/framework/src/Illuminate/Pipeline/Pipeline.php(219): App/Http/Middleware/RoleMiddleware->handle(Object(Illuminate/Http/Request), Object(Closure), 'admin', 'kasir')
#16 C:/laragon/www/pos_sahla/vendor/laravel/framework/src/Illuminate/Routing/Middleware/SubstituteBindings.php(50): Illuminate/Pipeline/Pipeline->Illuminate/Pipeline/{closure}(Object(Illuminate/Http/Request))
#17 C:/laragon/www/pos_sahla/vendor/laravel/framework/src/Illuminate/Pipeline/Pipeline.php(219): Illuminate/Routing/Middleware/SubstituteBindings->handle(Object(Illuminate/Http/Request), Object(Closure))
#18 C:/laragon/www/pos_sahla/vendor/laravel/framework/src/Illuminate/Auth/Middleware/Authenticate.php(63): Illuminate/Pipeline/Pipeline->Illuminate/Pipeline/{closure}(Object(Illuminate/Http/Request))
#19 C:/laragon/www/pos_sahla/vendor/laravel/framework/src/Illuminate/Pipeline/Pipeline.php(219): Illuminate/Auth/Middleware/Authenticate->handle(Object(Illuminate/Http/Request), Object(Closure))
#20 C:/laragon/www/pos_sahla/vendor/laravel/framework/src/Illuminate/Foundation/Http/Middleware/VerifyCsrfToken.php(87): Illuminate/Pipeline/Pipeline->Illuminate/Pipeline/{closure}(Object(Illuminate/Http/Request))
#21 C:/laragon/www/pos_sahla/vendor/laravel/framework/src/Illuminate/Pipeline/Pipeline.php(219): Illuminate/Foundation/Http/Middleware/VerifyCsrfToken->handle(Object(Illuminate/Http/Request), Object(Closure))
#22 C:/laragon/www/pos_sahla/vendor/laravel/framework/src/Illuminate/View/Middleware/ShareErrorsFromSession.php(48): Illuminate/Pipeline/Pipeline->Illuminate/Pipeline/{closure}(Object(Illuminate/Http/Request))
#23 C:/laragon/www/pos_sahla/vendor/laravel/framework/src/Illuminate/Pipeline/Pipeline.php(219): Illuminate/View/Middleware/ShareErrorsFromSession->handle(Object(Illuminate/Http/Request), Object(Closure))
#24 C:/laragon/www/pos_sahla/vendor/laravel/framework/src/Illuminate/Session/Middleware/StartSession.php(120): Illuminate/Pipeline/Pipeline->Illuminate/Pipeline/{closure}(Object(Illuminate/Http/Request))
#25 C:/laragon/www/pos_sahla/vendor/laravel/framework/src/Illuminate/Session/Middleware/StartSession.php(63): Illuminate/Session/Middleware/StartSession->handleStatefulRequest(Object(Illuminate/Http/Request), Object(Illuminate/Session/Store), Object(Closure))
#26 C:/laragon/www/pos_sahla/vendor/laravel/framework/src/Illuminate/Pipeline/Pipeline.php(219): Illuminate/Session/Middleware/StartSession->handle(Object(Illuminate/Http/Request), Object(Closure))
#27 C:/laragon/www/pos_sahla/vendor/laravel/framework/src/Illuminate/Cookie/Middleware/AddQueuedCookiesToResponse.php(36): Illuminate/Pipeline/Pipeline->Illuminate/Pipeline/{closure}(Object(Illuminate/Http/Request))
#28 C:/laragon/www/pos_sahla/vendor/laravel/framework/src/Illuminate/Pipeline/Pipeline.php(219): Illuminate/Cookie/Middleware/AddQueuedCookiesToResponse->handle(Object(Illuminate/Http/Request), Object(Closure))
#29 C:/laragon/www/pos_sahla/vendor/laravel/framework/src/Illuminate/Cookie/Middleware/EncryptCookies.php(74): Illuminate/Pipeline/Pipeline->Illuminate/Pipeline/{closure}(Object(Illuminate/Http/Request))
#30 C:/laragon/www/pos_sahla/vendor/laravel/framework/src/Illuminate/Pipeline/Pipeline.php(219): Illuminate/Cookie/Middleware/EncryptCookies->handle(Object(Illuminate/Http/Request), Object(Closure))
#31 C:/laragon/www/pos_sahla/vendor/laravel/framework/src/Illuminate/Pipeline/Pipeline.php(137): Illuminate/Pipeline/Pipeline->Illuminate/Pipeline/{closure}(Object(Illuminate/Http/Request))
#32 C:/laragon/www/pos_sahla/vendor/laravel/framework/src/Illuminate/Routing/Router.php(821): Illuminate/Pipeline/Pipeline->then(Object(Closure))
#33 C:/laragon/www/pos_sahla/vendor/laravel/framework/src/Illuminate/Routing/Router.php(800): Illuminate/Routing/Router->runRouteWithinStack(Object(Illuminate/Routing/Route), Object(Illuminate/Http/Request))
#34 C:/laragon/www/pos_sahla/vendor/laravel/framework/src/Illuminate/Routing/Router.php(764): Illuminate/Routing/Router->runRoute(Object(Illuminate/Http/Request), Object(Illuminate/Routing/Route))
#35 C:/laragon/www/pos_sahla/vendor/laravel/framework/src/Illuminate/Routing/Router.php(753): Illuminate/Routing/Router->dispatchToRoute(Object(Illuminate/Http/Request))
#36 C:/laragon/www/pos_sahla/vendor/laravel/framework/src/Illuminate/Foundation/Http/Kernel.php(200): Illuminate/Routing/Router->dispatch(Object(Illuminate/Http/Request))
#37 C:/laragon/www/pos_sahla/vendor/laravel/framework/src/Illuminate/Pipeline/Pipeline.php(180): Illuminate/Foundation/Http/Kernel->Illuminate/Foundation/Http/{closure}(Object(Illuminate/Http/Request))
#38 C:/laragon/www/pos_sahla/vendor/laravel/framework/src/Illuminate/Foundation/Http/Middleware/TransformsRequest.php(21): Illuminate/Pipeline/Pipeline->Illuminate/Pipeline/{closure}(Object(Illuminate/Http/Request))
#39 C:/laragon/www/pos_sahla/vendor/laravel/framework/src/Illuminate/Foundation/Http/Middleware/ConvertEmptyStringsToNull.php(31): Illuminate/Foundation/Http/Middleware/TransformsRequest->handle(Object(Illuminate/Http/Request), Object(Closure))
#40 C:/laragon/www/pos_sahla/vendor/laravel/framework/src/Illuminate/Pipeline/Pipeline.php(219): Illuminate/Foundation/Http/Middleware/ConvertEmptyStringsToNull->handle(Object(Illuminate/Http/Request), Object(Closure))
#41 C:/laragon/www/pos_sahla/vendor/laravel/framework/src/Illuminate/Foundation/Http/Middleware/TransformsRequest.php(21): Illuminate/Pipeline/Pipeline->Illuminate/Pipeline/{closure}(Object(Illuminate/Http/Request))
#42 C:/laragon/www/pos_sahla/vendor/laravel/framework/src/Illuminate/Foundation/Http/Middleware/TrimStrings.php(51): Illuminate/Foundation/Http/Middleware/TransformsRequest->handle(Object(Illuminate/Http/Request), Object(Closure))
#43 C:/laragon/www/pos_sahla/vendor/laravel/framework/src/Illuminate/Pipeline/Pipeline.php(219): Illuminate/Foundation/Http/Middleware/TrimStrings->handle(Object(Illuminate/Http/Request), Object(Closure))
#44 C:/laragon/www/pos_sahla/vendor/laravel/framework/src/Illuminate/Http/Middleware/ValidatePostSize.php(27): Illuminate/Pipeline/Pipeline->Illuminate/Pipeline/{closure}(Object(Illuminate/Http/Request))
#45 C:/laragon/www/pos_sahla/vendor/laravel/framework/src/Illuminate/Pipeline/Pipeline.php(219): Illuminate/Http/Middleware/ValidatePostSize->handle(Object(Illuminate/Http/Request), Object(Closure))
#46 C:/laragon/www/pos_sahla/vendor/laravel/framework/src/Illuminate/Foundation/Http/Middleware/PreventRequestsDuringMaintenance.php(109): Illuminate/Pipeline/Pipeline->Illuminate/Pipeline/{closure}(Object(Illuminate/Http/Request))
#47 C:/laragon/www/pos_sahla/vendor/laravel/framework/src/Illuminate/Pipeline/Pipeline.php(219): Illuminate/Foundation/Http/Middleware/PreventRequestsDuringMaintenance->handle(Object(Illuminate/Http/Request), Object(Closure))
#48 C:/laragon/www/pos_sahla/vendor/laravel/framework/src/Illuminate/Http/Middleware/HandleCors.php(61): Illuminate/Pipeline/Pipeline->Illuminate/Pipeline/{closure}(Object(Illuminate/Http/Request))
#49 C:/laragon/www/pos_sahla/vendor/laravel/framework/src/Illuminate/Pipeline/Pipeline.php(219): Illuminate/Http/Middleware/HandleCors->handle(Object(Illuminate/Http/Request), Object(Closure))
#50 C:/laragon/www/pos_sahla/vendor/laravel/framework/src/Illuminate/Http/Middleware/TrustProxies.php(58): Illuminate/Pipeline/Pipeline->Illuminate/Pipeline/{closure}(Object(Illuminate/Http/Request))
#51 C:/laragon/www/pos_sahla/vendor/laravel/framework/src/Illuminate/Pipeline/Pipeline.php(219): Illuminate/Http/Middleware/TrustProxies->handle(Object(Illuminate/Http/Request), Object(Closure))
#52 C:/laragon/www/pos_sahla/vendor/laravel/framework/src/Illuminate/Foundation/Http/Middleware/InvokeDeferredCallbacks.php(22): Illuminate/Pipeline/Pipeline->Illuminate/Pipeline/{closure}(Object(Illuminate/Http/Request))
#53 C:/laragon/www/pos_sahla/vendor/laravel/framework/src/Illuminate/Pipeline/Pipeline.php(219): Illuminate/Foundation/Http/Middleware/InvokeDeferredCallbacks->handle(Object(Illuminate/Http/Request), Object(Closure))
#54 C:/laragon/www/pos_sahla/vendor/laravel/framework/src/Illuminate/Http/Middleware/ValidatePathEncoding.php(26): Illuminate/Pipeline/Pipeline->Illuminate/Pipeline/{closure}(Object(Illuminate/Http/Request))
#55 C:/laragon/www/pos_sahla/vendor/laravel/framework/src/Illuminate/Pipeline/Pipeline.php(219): Illuminate/Http/Middleware/ValidatePathEncoding->handle(Object(Illuminate/Http/Request), Object(Closure))
#56 C:/laragon/www/pos_sahla/vendor/laravel/framework/src/Illuminate/Pipeline/Pipeline.php(137): Illuminate/Pipeline/Pipeline->Illuminate/Pipeline/{closure}(Object(Illuminate/Http/Request))
#57 C:/laragon/www/pos_sahla/vendor/laravel/framework/src/Illuminate/Foundation/Http/Kernel.php(175): Illuminate/Pipeline/Pipeline->then(Object(Closure))
#58 C:/laragon/www/pos_sahla/vendor/laravel/framework/src/Illuminate/Foundation/Http/Kernel.php(144): Illuminate/Foundation/Http/Kernel->sendRequestThroughRouter(Object(Illuminate/Http/Request))
#59 C:/laragon/www/pos_sahla/vendor/laravel/framework/src/Illuminate/Foundation/Application.php(1220): Illuminate/Foundation/Http/Kernel->handle(Object(Illuminate/Http/Request))
#60 C:/laragon/www/pos_sahla/public/index.php(20): Illuminate/Foundation/Application->handleRequest(Object(Illuminate/Http/Request))
#61 C:/laragon/www/pos_sahla/vendor/laravel/framework/src/Illuminate/Foundation/resources/server.php(23): require_once('C://laragon//www//...')
#62 {main}
"} 
[2026-08-12 06:12:27] local.ERROR: Call to undefined method App\Models\Jenis::produk() {"userId":2,"exception":"[object] (BadMethodCallException(code: 0): Call to undefined method App\\Models\\Jenis::produk() at C:/laragon/www/pos_sahla/vendor/laravel/framework/src/Illuminate/Support/Traits/ForwardsCalls.php:67)
[stacktrace]
#0 C:/laragon/www/pos_sahla/vendor/laravel/framework/src/Illuminate/Support/Traits/ForwardsCalls.php(36): Illuminate/Database/Eloquent/Model::throwBadMethodCallException('produk')
#1 C:/laragon/www/pos_sahla/vendor/laravel/framework/src/Illuminate/Database/Eloquent/Model.php(2540): Illuminate/Database/Eloquent/Model->forwardCallTo(Object(Illuminate/Database/Eloquent/Builder), 'produk', Array)
#2 C:/laragon/www/pos_sahla/vendor/laravel/framework/src/Illuminate/Database/Eloquent/Concerns/QueriesRelationships.php(1124): Illuminate/Database/Eloquent/Model->__call('produk', Array)
#3 C:/laragon/www/pos_sahla/vendor/laravel/framework/src/Illuminate/Database/Eloquent/Relations/Relation.php(119): Illuminate/Database/Eloquent/Builder->Illuminate/Database/Eloquent/Concerns/{closure}()
#4 C:/laragon/www/pos_sahla/vendor/laravel/framework/src/Illuminate/Database/Eloquent/Concerns/QueriesRelationships.php(1123): Illuminate/Database/Eloquent/Relations/Relation::noConstraints(Object(Closure))
#5 C:/laragon/www/pos_sahla/vendor/laravel/framework/src/Illuminate/Database/Eloquent/Concerns/QueriesRelationships.php(874): Illuminate/Database/Eloquent/Builder->getRelationWithoutConstraints('produk')
#6 C:/laragon/www/pos_sahla/vendor/laravel/framework/src/Illuminate/Database/Eloquent/Concerns/QueriesRelationships.php(967): Illuminate/Database/Eloquent/Builder->withAggregate(Array, '*', 'count')
#7 C:/laragon/www/pos_sahla/app/Http/Controllers/JenisController.php(17): Illuminate/Database/Eloquent/Builder->withCount('produk')
#8 C:/laragon/www/pos_sahla/vendor/laravel/framework/src/Illuminate/Routing/Controller.php(54): App/Http/Controllers/JenisController->index(Object(App/Http/Requests/SearchRequest))
#9 C:/laragon/www/pos_sahla/vendor/laravel/framework/src/Illuminate/Routing/ControllerDispatcher.php(43): Illuminate/Routing/Controller->callAction('index', Array)
#10 C:/laragon/www/pos_sahla/vendor/laravel/framework/src/Illuminate/Routing/Route.php(265): Illuminate/Routing/ControllerDispatcher->dispatch(Object(Illuminate/Routing/Route), Object(App/Http/Controllers/JenisController), 'index')
#11 C:/laragon/www/pos_sahla/vendor/laravel/framework/src/Illuminate/Routing/Route.php(211): Illuminate/Routing/Route->runController()
#12 C:/laragon/www/pos_sahla/vendor/laravel/framework/src/Illuminate/Routing/Router.php(822): Illuminate/Routing/Route->run()
#13 C:/laragon/www/pos_sahla/vendor/laravel/framework/src/Illuminate/Pipeline/Pipeline.php(180): Illuminate/Routing/Router->Illuminate/Routing/{closure}(Object(Illuminate/Http/Request))
#14 C:/laragon/www/pos_sahla/app/Http/Middleware/RoleMiddleware.php(32): Illuminate/Pipeline/Pipeline->Illuminate/Pipeline/{closure}(Object(Illuminate/Http/Request))
#15 C:/laragon/www/pos_sahla/vendor/laravel/framework/src/Illuminate/Pipeline/Pipeline.php(219): App/Http/Middleware/RoleMiddleware->handle(Object(Illuminate/Http/Request), Object(Closure), 'admin', 'kasir')
#16 C:/laragon/www/pos_sahla/vendor/laravel/framework/src/Illuminate/Routing/Middleware/SubstituteBindings.php(50): Illuminate/Pipeline/Pipeline->Illuminate/Pipeline/{closure}(Object(Illuminate/Http/Request))
#17 C:/laragon/www/pos_sahla/vendor/laravel/framework/src/Illuminate/Pipeline/Pipeline.php(219): Illuminate/Routing/Middleware/SubstituteBindings->handle(Object(Illuminate/Http/Request), Object(Closure))
#18 C:/laragon/www/pos_sahla/vendor/laravel/framework/src/Illuminate/Auth/Middleware/Authenticate.php(63): Illuminate/Pipeline/Pipeline->Illuminate/Pipeline/{closure}(Object(Illuminate/Http/Request))
#19 C:/laragon/www/pos_sahla/vendor/laravel/framework/src/Illuminate/Pipeline/Pipeline.php(219): Illuminate/Auth/Middleware/Authenticate->handle(Object(Illuminate/Http/Request), Object(Closure))
#20 C:/laragon/www/pos_sahla/vendor/laravel/framework/src/Illuminate/Foundation/Http/Middleware/VerifyCsrfToken.php(87): Illuminate/Pipeline/Pipeline->Illuminate/Pipeline/{closure}(Object(Illuminate/Http/Request))
#21 C:/laragon/www/pos_sahla/vendor/laravel/framework/src/Illuminate/Pipeline/Pipeline.php(219): Illuminate/Foundation/Http/Middleware/VerifyCsrfToken->handle(Object(Illuminate/Http/Request), Object(Closure))
#22 C:/laragon/www/pos_sahla/vendor/laravel/framework/src/Illuminate/View/Middleware/ShareErrorsFromSession.php(48): Illuminate/Pipeline/Pipeline->Illuminate/Pipeline/{closure}(Object(Illuminate/Http/Request))
#23 C:/laragon/www/pos_sahla/vendor/laravel/framework/src/Illuminate/Pipeline/Pipeline.php(219): Illuminate/View/Middleware/ShareErrorsFromSession->handle(Object(Illuminate/Http/Request), Object(Closure))
#24 C:/laragon/www/pos_sahla/vendor/laravel/framework/src/Illuminate/Session/Middleware/StartSession.php(120): Illuminate/Pipeline/Pipeline->Illuminate/Pipeline/{closure}(Object(Illuminate/Http/Request))
#25 C:/laragon/www/pos_sahla/vendor/laravel/framework/src/Illuminate/Session/Middleware/StartSession.php(63): Illuminate/Session/Middleware/StartSession->handleStatefulRequest(Object(Illuminate/Http/Request), Object(Illuminate/Session/Store), Object(Closure))
#26 C:/laragon/www/pos_sahla/vendor/laravel/framework/src/Illuminate/Pipeline/Pipeline.php(219): Illuminate/Session/Middleware/StartSession->handle(Object(Illuminate/Http/Request), Object(Closure))
#27 C:/laragon/www/pos_sahla/vendor/laravel/framework/src/Illuminate/Cookie/Middleware/AddQueuedCookiesToResponse.php(36): Illuminate/Pipeline/Pipeline->Illuminate/Pipeline/{closure}(Object(Illuminate/Http/Request))
#28 C:/laragon/www/pos_sahla/vendor/laravel/framework/src/Illuminate/Pipeline/Pipeline.php(219): Illuminate/Cookie/Middleware/AddQueuedCookiesToResponse->handle(Object(Illuminate/Http/Request), Object(Closure))
#29 C:/laragon/www/pos_sahla/vendor/laravel/framework/src/Illuminate/Cookie/Middleware/EncryptCookies.php(74): Illuminate/Pipeline/Pipeline->Illuminate/Pipeline/{closure}(Object(Illuminate/Http/Request))
#30 C:/laragon/www/pos_sahla/vendor/laravel/framework/src/Illuminate/Pipeline/Pipeline.php(219): Illuminate/Cookie/Middleware/EncryptCookies->handle(Object(Illuminate/Http/Request), Object(Closure))
#31 C:/laragon/www/pos_sahla/vendor/laravel/framework/src/Illuminate/Pipeline/Pipeline.php(137): Illuminate/Pipeline/Pipeline->Illuminate/Pipeline/{closure}(Object(Illuminate/Http/Request))
#32 C:/laragon/www/pos_sahla/vendor/laravel/framework/src/Illuminate/Routing/Router.php(821): Illuminate/Pipeline/Pipeline->then(Object(Closure))
#33 C:/laragon/www/pos_sahla/vendor/laravel/framework/src/Illuminate/Routing/Router.php(800): Illuminate/Routing/Router->runRouteWithinStack(Object(Illuminate/Routing/Route), Object(Illuminate/Http/Request))
#34 C:/laragon/www/pos_sahla/vendor/laravel/framework/src/Illuminate/Routing/Router.php(764): Illuminate/Routing/Router->runRoute(Object(Illuminate/Http/Request), Object(Illuminate/Routing/Route))
#35 C:/laragon/www/pos_sahla/vendor/laravel/framework/src/Illuminate/Routing/Router.php(753): Illuminate/Routing/Router->dispatchToRoute(Object(Illuminate/Http/Request))
#36 C:/laragon/www/pos_sahla/vendor/laravel/framework/src/Illuminate/Foundation/Http/Kernel.php(200): Illuminate/Routing/Router->dispatch(Object(Illuminate/Http/Request))
#37 C:/laragon/www/pos_sahla/vendor/laravel/framework/src/Illuminate/Pipeline/Pipeline.php(180): Illuminate/Foundation/Http/Kernel->Illuminate/Foundation/Http/{closure}(Object(Illuminate/Http/Request))
#38 C:/laragon/www/pos_sahla/vendor/laravel/framework/src/Illuminate/Foundation/Http/Middleware/TransformsRequest.php(21): Illuminate/Pipeline/Pipeline->Illuminate/Pipeline/{closure}(Object(Illuminate/Http/Request))
#39 C:/laragon/www/pos_sahla/vendor/laravel/framework/src/Illuminate/Foundation/Http/Middleware/ConvertEmptyStringsToNull.php(31): Illuminate/Foundation/Http/Middleware/TransformsRequest->handle(Object(Illuminate/Http/Request), Object(Closure))
#40 C:/laragon/www/pos_sahla/vendor/laravel/framework/src/Illuminate/Pipeline/Pipeline.php(219): Illuminate/Foundation/Http/Middleware/ConvertEmptyStringsToNull->handle(Object(Illuminate/Http/Request), Object(Closure))
#41 C:/laragon/www/pos_sahla/vendor/laravel/framework/src/Illuminate/Foundation/Http/Middleware/TransformsRequest.php(21): Illuminate/Pipeline/Pipeline->Illuminate/Pipeline/{closure}(Object(Illuminate/Http/Request))
#42 C:/laragon/www/pos_sahla/vendor/laravel/framework/src/Illuminate/Foundation/Http/Middleware/TrimStrings.php(51): Illuminate/Foundation/Http/Middleware/TransformsRequest->handle(Object(Illuminate/Http/Request), Object(Closure))
#43 C:/laragon/www/pos_sahla/vendor/laravel/framework/src/Illuminate/Pipeline/Pipeline.php(219): Illuminate/Foundation/Http/Middleware/TrimStrings->handle(Object(Illuminate/Http/Request), Object(Closure))
#44 C:/laragon/www/pos_sahla/vendor/laravel/framework/src/Illuminate/Http/Middleware/ValidatePostSize.php(27): Illuminate/Pipeline/Pipeline->Illuminate/Pipeline/{closure}(Object(Illuminate/Http/Request))
#45 C:/laragon/www/pos_sahla/vendor/laravel/framework/src/Illuminate/Pipeline/Pipeline.php(219): Illuminate/Http/Middleware/ValidatePostSize->handle(Object(Illuminate/Http/Request), Object(Closure))
#46 C:/laragon/www/pos_sahla/vendor/laravel/framework/src/Illuminate/Foundation/Http/Middleware/PreventRequestsDuringMaintenance.php(109): Illuminate/Pipeline/Pipeline->Illuminate/Pipeline/{closure}(Object(Illuminate/Http/Request))
#47 C:/laragon/www/pos_sahla/vendor/laravel/framework/src/Illuminate/Pipeline/Pipeline.php(219): Illuminate/Foundation/Http/Middleware/PreventRequestsDuringMaintenance->handle(Object(Illuminate/Http/Request), Object(Closure))
#48 C:/laragon/www/pos_sahla/vendor/laravel/framework/src/Illuminate/Http/Middleware/HandleCors.php(61): Illuminate/Pipeline/Pipeline->Illuminate/Pipeline/{closure}(Object(Illuminate/Http/Request))
#49 C:/laragon/www/pos_sahla/vendor/laravel/framework/src/Illuminate/Pipeline/Pipeline.php(219): Illuminate/Http/Middleware/HandleCors->handle(Object(Illuminate/Http/Request), Object(Closure))
#50 C:/laragon/www/pos_sahla/vendor/laravel/framework/src/Illuminate/Http/Middleware/TrustProxies.php(58): Illuminate/Pipeline/Pipeline->Illuminate/Pipeline/{closure}(Object(Illuminate/Http/Request))
#51 C:/laragon/www/pos_sahla/vendor/laravel/framework/src/Illuminate/Pipeline/Pipeline.php(219): Illuminate/Http/Middleware/TrustProxies->handle(Object(Illuminate/Http/Request), Object(Closure))
#52 C:/laragon/www/pos_sahla/vendor/laravel/framework/src/Illuminate/Foundation/Http/Middleware/InvokeDeferredCallbacks.php(22): Illuminate/Pipeline/Pipeline->Illuminate/Pipeline/{closure}(Object(Illuminate/Http/Request))
#53 C:/laragon/www/pos_sahla/vendor/laravel/framework/src/Illuminate/Pipeline/Pipeline.php(219): Illuminate/Foundation/Http/Middleware/InvokeDeferredCallbacks->handle(Object(Illuminate/Http/Request), Object(Closure))
#54 C:/laragon/www/pos_sahla/vendor/laravel/framework/src/Illuminate/Http/Middleware/ValidatePathEncoding.php(26): Illuminate/Pipeline/Pipeline->Illuminate/Pipeline/{closure}(Object(Illuminate/Http/Request))
#55 C:/laragon/www/pos_sahla/vendor/laravel/framework/src/Illuminate/Pipeline/Pipeline.php(219): Illuminate/Http/Middleware/ValidatePathEncoding->handle(Object(Illuminate/Http/Request), Object(Closure))
#56 C:/laragon/www/pos_sahla/vendor/laravel/framework/src/Illuminate/Pipeline/Pipeline.php(137): Illuminate/Pipeline/Pipeline->Illuminate/Pipeline/{closure}(Object(Illuminate/Http/Request))
#57 C:/laragon/www/pos_sahla/vendor/laravel/framework/src/Illuminate/Foundation/Http/Kernel.php(175): Illuminate/Pipeline/Pipeline->then(Object(Closure))
#58 C:/laragon/www/pos_sahla/vendor/laravel/framework/src/Illuminate/Foundation/Http/Kernel.php(144): Illuminate/Foundation/Http/Kernel->sendRequestThroughRouter(Object(Illuminate/Http/Request))
#59 C:/laragon/www/pos_sahla/vendor/laravel/framework/src/Illuminate/Foundation/Application.php(1220): Illuminate/Foundation/Http/Kernel->handle(Object(Illuminate/Http/Request))
#60 C:/laragon/www/pos_sahla/public/index.php(20): Illuminate/Foundation/Application->handleRequest(Object(Illuminate/Http/Request))
#61 C:/laragon/www/pos_sahla/vendor/laravel/framework/src/Illuminate/Foundation/resources/server.php(23): require_once('C://laragon//www//...')
#62 {main}
"} 
[2026-08-12 06:12:52] local.ERROR: Uncaught ReflectionException: Class "App\Policies\ProdukPolicy" does not exist in Command line code:1
Stack trace:
#0 Command line code(1): ReflectionClass->__construct('App\\Policies\\Pr...')
#1 [internal function]: {closure}('App\\Policies\\Pr...', 'App\\Models\\Prod...')
#2 Command line code(1): array_map(Object(Closure), Array, Array)
#3 {main}
  thrown {"exception":"[object] (Symfony\\Component\\ErrorHandler\\Error\\FatalError(code: 0): Uncaught ReflectionException: Class \"App\\Policies\\ProdukPolicy\" does not exist in Command line code:1
Stack trace:
#0 Command line code(1): ReflectionClass->__construct('App\\\\Policies\\\\Pr...')
#1 [internal function]: {closure}('App\\\\Policies\\\\Pr...', 'App\\\\Models\\\\Prod...')
#2 Command line code(1): array_map(Object(Closure), Array, Array)
#3 {main}
  thrown at Command line code:1)
[stacktrace]
#0 {main}
"} 
[2026-08-12 06:13:51] local.ERROR: Uncaught ReflectionException: Class "App\Policies\ProdukPolicy" does not exist in Command line code:1
Stack trace:
#0 Command line code(1): ReflectionClass->__construct('App\\Policies\\Pr...')
#1 [internal function]: {closure}('App\\Policies\\Pr...', 'App\\Models\\Prod...')
#2 Command line code(1): array_map(Object(Closure), Array, Array)
#3 {main}
  thrown {"exception":"[object] (Symfony\\Component\\ErrorHandler\\Error\\FatalError(code: 0): Uncaught ReflectionException: Class \"App\\Policies\\ProdukPolicy\" does not exist in Command line code:1
Stack trace:
#0 Command line code(1): ReflectionClass->__construct('App\\\\Policies\\\\Pr...')
#1 [internal function]: {closure}('App\\\\Policies\\\\Pr...', 'App\\\\Models\\\\Prod...')
#2 Command line code(1): array_map(Object(Closure), Array, Array)
#3 {main}
  thrown at Command line code:1)
[stacktrace]
#0 {main}
"} 
[2026-08-12 06:14:51] local.ERROR: Uncaught ReflectionException: Class "App\Policies\ProdukPolicy" does not exist in Command line code:1
Stack trace:
#0 Command line code(1): ReflectionClass->__construct('App\\Policies\\Pr...')
#1 [internal function]: {closure}('App\\Policies\\Pr...', 'App\\Models\\Prod...')
#2 Command line code(1): array_map(Object(Closure), Array, Array)
#3 {main}
  thrown {"exception":"[object] (Symfony\\Component\\ErrorHandler\\Error\\FatalError(code: 0): Uncaught ReflectionException: Class \"App\\Policies\\ProdukPolicy\" does not exist in Command line code:1
Stack trace:
#0 Command line code(1): ReflectionClass->__construct('App\\\\Policies\\\\Pr...')
#1 [internal function]: {closure}('App\\\\Policies\\\\Pr...', 'App\\\\Models\\\\Prod...')
#2 Command line code(1): array_map(Object(Closure), Array, Array)
#3 {main}
  thrown at Command line code:1)
[stacktrace]
#0 {main}
"} 
[2026-08-12 06:15:51] local.ERROR: Uncaught ReflectionException: Class "App\Policies\ProdukPolicy" does not exist in Command line code:1
Stack trace:
#0 Command line code(1): ReflectionClass->__construct('App\\Policies\\Pr...')
#1 [internal function]: {closure}('App\\Policies\\Pr...', 'App\\Models\\Prod...')
#2 Command line code(1): array_map(Object(Closure), Array, Array)
#3 {main}
  thrown {"exception":"[object] (Symfony\\Component\\ErrorHandler\\Error\\FatalError(code: 0): Uncaught ReflectionException: Class \"App\\Policies\\ProdukPolicy\" does not exist in Command line code:1
Stack trace:
#0 Command line code(1): ReflectionClass->__construct('App\\\\Policies\\\\Pr...')
#1 [internal function]: {closure}('App\\\\Policies\\\\Pr...', 'App\\\\Models\\\\Prod...')
#2 Command line code(1): array_map(Object(Closure), Array, Array)
#3 {main}
  thrown at Command line code:1)
[stacktrace]
#0 {main}
"} 
[2026-08-12 06:16:10] local.ERROR: SQLSTATE[HY000]: General error: 1364 Field 'nama_jenis' doesn't have a default value (Connection: mysql, Host: 127.0.0.1, Port: 3306, Database: pos_sahlamanda, SQL: insert into `jenis` (`updated_at`, `created_at`) values (2026-08-12 06:16:10, 2026-08-12 06:16:10)) {"userId":2,"exception":"[object] (Illuminate\\Database\\QueryException(code: HY000): SQLSTATE[HY000]: General error: 1364 Field 'nama_jenis' doesn't have a default value (Connection: mysql, Host: 127.0.0.1, Port: 3306, Database: pos_sahlamanda, SQL: insert into `jenis` (`updated_at`, `created_at`) values (2026-08-12 06:16:10, 2026-08-12 06:16:10)) at C:/laragon/www/pos_sahla/vendor/laravel/framework/src/Illuminate/Database/Connection.php:838)
[stacktrace]
#0 C:/laragon/www/pos_sahla/vendor/laravel/framework/src/Illuminate/Database/Connection.php(794): Illuminate/Database/Connection->runQueryCallback('insert into `je...', Array, Object(Closure))
#1 C:/laragon/www/pos_sahla/vendor/laravel/framework/src/Illuminate/Database/MySqlConnection.php(42): Illuminate/Database/Connection->run('insert into `je...', Array, Object(Closure))
#2 C:/laragon/www/pos_sahla/vendor/laravel/framework/src/Illuminate/Database/Query/Processors/MySqlProcessor.php(35): Illuminate/Database/MySqlConnection->insert('insert into `je...', Array, 'id')
#3 C:/laragon/www/pos_sahla/vendor/laravel/framework/src/Illuminate/Database/Query/Builder.php(4170): Illuminate/Database/Query/Processors/MySqlProcessor->processInsertGetId(Object(Illuminate/Database/Query/Builder), 'insert into `je...', Array, 'id')
#4 C:/laragon/www/pos_sahla/vendor/laravel/framework/src/Illuminate/Database/Eloquent/Builder.php(2237): Illuminate/Database/Query/Builder->insertGetId(Array, 'id')
#5 C:/laragon/www/pos_sahla/vendor/laravel/framework/src/Illuminate/Database/Eloquent/Model.php(1436): Illuminate/Database/Eloquent/Builder->__call('insertGetId', Array)
#6 C:/laragon/www/pos_sahla/vendor/laravel/framework/src/Illuminate/Database/Eloquent/Model.php(1401): Illuminate/Database/Eloquent/Model->insertAndSetId(Object(Illuminate/Database/Eloquent/Builder), Array)
#7 C:/laragon/www/pos_sahla/vendor/laravel/framework/src/Illuminate/Database/Eloquent/Model.php(1240): Illuminate/Database/Eloquent/Model->performInsert(Object(Illuminate/Database/Eloquent/Builder))
#8 C:/laragon/www/pos_sahla/vendor/laravel/framework/src/Illuminate/Database/Eloquent/Builder.php(1219): Illuminate/Database/Eloquent/Model->save()
#9 C:/laragon/www/pos_sahla/vendor/laravel/framework/src/Illuminate/Support/helpers.php(393): Illuminate/Database/Eloquent/Builder->Illuminate/Database/Eloquent/{closure}(Object(App/Models/Jenis))
#10 C:/laragon/www/pos_sahla/vendor/laravel/framework/src/Illuminate/Database/Eloquent/Builder.php(1218): tap(Object(App/Models/Jenis), Object(Closure))
#11 C:/laragon/www/pos_sahla/vendor/laravel/framework/src/Illuminate/Support/Traits/ForwardsCalls.php(23): Illuminate/Database/Eloquent/Builder->create(Array)
#12 C:/laragon/www/pos_sahla/vendor/laravel/framework/src/Illuminate/Database/Eloquent/Model.php(2540): Illuminate/Database/Eloquent/Model->forwardCallTo(Object(Illuminate/Database/Eloquent/Builder), 'create', Array)
#13 C:/laragon/www/pos_sahla/vendor/laravel/framework/src/Illuminate/Database/Eloquent/Model.php(2556): Illuminate/Database/Eloquent/Model->__call('create', Array)
#14 C:/laragon/www/pos_sahla/app/Http/Controllers/JenisController.php(35): Illuminate/Database/Eloquent/Model::__callStatic('create', Array)
#15 C:/laragon/www/pos_sahla/vendor/laravel/framework/src/Illuminate/Routing/Controller.php(54): App/Http/Controllers/JenisController->store(Object(App/Http/Requests/Jenis/StoreRequest))
#16 C:/laragon/www/pos_sahla/vendor/laravel/framework/src/Illuminate/Routing/ControllerDispatcher.php(43): Illuminate/Routing/Controller->callAction('store', Array)
#17 C:/laragon/www/pos_sahla/vendor/laravel/framework/src/Illuminate/Routing/Route.php(265): Illuminate/Routing/ControllerDispatcher->dispatch(Object(Illuminate/Routing/Route), Object(App/Http/Controllers/JenisController), 'store')
#18 C:/laragon/www/pos_sahla/vendor/laravel/framework/src/Illuminate/Routing/Route.php(211): Illuminate/Routing/Route->runController()
#19 C:/laragon/www/pos_sahla/vendor/laravel/framework/src/Illuminate/Routing/Router.php(822): Illuminate/Routing/Route->run()
#20 C:/laragon/www/pos_sahla/vendor/laravel/framework/src/Illuminate/Pipeline/Pipeline.php(180): Illuminate/Routing/Router->Illuminate/Routing/{closure}(Object(Illuminate/Http/Request))
#21 C:/laragon/www/pos_sahla/app/Http/Middleware/RoleMiddleware.php(32): Illuminate/Pipeline/Pipeline->Illuminate/Pipeline/{closure}(Object(Illuminate/Http/Request))
#22 C:/laragon/www/pos_sahla/vendor/laravel/framework/src/Illuminate/Pipeline/Pipeline.php(219): App/Http/Middleware/RoleMiddleware->handle(Object(Illuminate/Http/Request), Object(Closure), 'admin', 'kasir')
#23 C:/laragon/www/pos_sahla/vendor/laravel/framework/src/Illuminate/Routing/Middleware/SubstituteBindings.php(50): Illuminate/Pipeline/Pipeline->Illuminate/Pipeline/{closure}(Object(Illuminate/Http/Request))
#24 C:/laragon/www/pos_sahla/vendor/laravel/framework/src/Illuminate/Pipeline/Pipeline.php(219): Illuminate/Routing/Middleware/SubstituteBindings->handle(Object(Illuminate/Http/Request), Object(Closure))
#25 C:/laragon/www/pos_sahla/vendor/laravel/framework/src/Illuminate/Auth/Middleware/Authenticate.php(63): Illuminate/Pipeline/Pipeline->Illuminate/Pipeline/{closure}(Object(Illuminate/Http/Request))
#26 C:/laragon/www/pos_sahla/vendor/laravel/framework/src/Illuminate/Pipeline/Pipeline.php(219): Illuminate/Auth/Middleware/Authenticate->handle(Object(Illuminate/Http/Request), Object(Closure))
#27 C:/laragon/www/pos_sahla/vendor/laravel/framework/src/Illuminate/Foundation/Http/Middleware/VerifyCsrfToken.php(87): Illuminate/Pipeline/Pipeline->Illuminate/Pipeline/{closure}(Object(Illuminate/Http/Request))
#28 C:/laragon/www/pos_sahla/vendor/laravel/framework/src/Illuminate/Pipeline/Pipeline.php(219): Illuminate/Foundation/Http/Middleware/VerifyCsrfToken->handle(Object(Illuminate/Http/Request), Object(Closure))
#29 C:/laragon/www/pos_sahla/vendor/laravel/framework/src/Illuminate/View/Middleware/ShareErrorsFromSession.php(48): Illuminate/Pipeline/Pipeline->Illuminate/Pipeline/{closure}(Object(Illuminate/Http/Request))
#30 C:/laragon/www/pos_sahla/vendor/laravel/framework/src/Illuminate/Pipeline/Pipeline.php(219): Illuminate/View/Middleware/ShareErrorsFromSession->handle(Object(Illuminate/Http/Request), Object(Closure))
#31 C:/laragon/www/pos_sahla/vendor/laravel/framework/src/Illuminate/Session/Middleware/StartSession.php(120): Illuminate/Pipeline/Pipeline->Illuminate/Pipeline/{closure}(Object(Illuminate/Http/Request))
#32 C:/laragon/www/pos_sahla/vendor/laravel/framework/src/Illuminate/Session/Middleware/StartSession.php(63): Illuminate/Session/Middleware/StartSession->handleStatefulRequest(Object(Illuminate/Http/Request), Object(Illuminate/Session/Store), Object(Closure))
#33 C:/laragon/www/pos_sahla/vendor/laravel/framework/src/Illuminate/Pipeline/Pipeline.php(219): Illuminate/Session/Middleware/StartSession->handle(Object(Illuminate/Http/Request), Object(Closure))
#34 C:/laragon/www/pos_sahla/vendor/laravel/framework/src/Illuminate/Cookie/Middleware/AddQueuedCookiesToResponse.php(36): Illuminate/Pipeline/Pipeline->Illuminate/Pipeline/{closure}(Object(Illuminate/Http/Request))
#35 C:/laragon/www/pos_sahla/vendor/laravel/framework/src/Illuminate/Pipeline/Pipeline.php(219): Illuminate/Cookie/Middleware/AddQueuedCookiesToResponse->handle(Object(Illuminate/Http/Request), Object(Closure))
#36 C:/laragon/www/pos_sahla/vendor/laravel/framework/src/Illuminate/Cookie/Middleware/EncryptCookies.php(74): Illuminate/Pipeline/Pipeline->Illuminate/Pipeline/{closure}(Object(Illuminate/Http/Request))
#37 C:/laragon/www/pos_sahla/vendor/laravel/framework/src/Illuminate/Pipeline/Pipeline.php(219): Illuminate/Cookie/Middleware/EncryptCookies->handle(Object(Illuminate/Http/Request), Object(Closure))
#38 C:/laragon/www/pos_sahla/vendor/laravel/framework/src/Illuminate/Pipeline/Pipeline.php(137): Illuminate/Pipeline/Pipeline->Illuminate/Pipeline/{closure}(Object(Illuminate/Http/Request))
#39 C:/laragon/www/pos_sahla/vendor/laravel/framework/src/Illuminate/Routing/Router.php(821): Illuminate/Pipeline/Pipeline->then(Object(Closure))
#40 C:/laragon/www/pos_sahla/vendor/laravel/framework/src/Illuminate/Routing/Router.php(800): Illuminate/Routing/Router->runRouteWithinStack(Object(Illuminate/Routing/Route), Object(Illuminate/Http/Request))
#41 C:/laragon/www/pos_sahla/vendor/laravel/framework/src/Illuminate/Routing/Router.php(764): Illuminate/Routing/Router->runRoute(Object(Illuminate/Http/Request), Object(Illuminate/Routing/Route))
#42 C:/laragon/www/pos_sahla/vendor/laravel/framework/src/Illuminate/Routing/Router.php(753): Illuminate/Routing/Router->dispatchToRoute(Object(Illuminate/Http/Request))
#43 C:/laragon/www/pos_sahla/vendor/laravel/framework/src/Illuminate/Foundation/Http/Kernel.php(200): Illuminate/Routing/Router->dispatch(Object(Illuminate/Http/Request))
#44 C:/laragon/www/pos_sahla/vendor/laravel/framework/src/Illuminate/Pipeline/Pipeline.php(180): Illuminate/Foundation/Http/Kernel->Illuminate/Foundation/Http/{closure}(Object(Illuminate/Http/Request))
#45 C:/laragon/www/pos_sahla/vendor/laravel/framework/src/Illuminate/Foundation/Http/Middleware/TransformsRequest.php(21): Illuminate/Pipeline/Pipeline->Illuminate/Pipeline/{closure}(Object(Illuminate/Http/Request))
#46 C:/laragon/www/pos_sahla/vendor/laravel/framework/src/Illuminate/Foundation/Http/Middleware/ConvertEmptyStringsToNull.php(31): Illuminate/Foundation/Http/Middleware/TransformsRequest->handle(Object(Illuminate/Http/Request), Object(Closure))
#47 C:/laragon/www/pos_sahla/vendor/laravel/framework/src/Illuminate/Pipeline/Pipeline.php(219): Illuminate/Foundation/Http/Middleware/ConvertEmptyStringsToNull->handle(Object(Illuminate/Http/Request), Object(Closure))
#48 C:/laragon/www/pos_sahla/vendor/laravel/framework/src/Illuminate/Foundation/Http/Middleware/TransformsRequest.php(21): Illuminate/Pipeline/Pipeline->Illuminate/Pipeline/{closure}(Object(Illuminate/Http/Request))
#49 C:/laragon/www/pos_sahla/vendor/laravel/framework/src/Illuminate/Foundation/Http/Middleware/TrimStrings.php(51): Illuminate/Foundation/Http/Middleware/TransformsRequest->handle(Object(Illuminate/Http/Request), Object(Closure))
#50 C:/laragon/www/pos_sahla/vendor/laravel/framework/src/Illuminate/Pipeline/Pipeline.php(219): Illuminate/Foundation/Http/Middleware/TrimStrings->handle(Object(Illuminate/Http/Request), Object(Closure))
#51 C:/laragon/www/pos_sahla/vendor/laravel/framework/src/Illuminate/Http/Middleware/ValidatePostSize.php(27): Illuminate/Pipeline/Pipeline->Illuminate/Pipeline/{closure}(Object(Illuminate/Http/Request))
#52 C:/laragon/www/pos_sahla/vendor/laravel/framework/src/Illuminate/Pipeline/Pipeline.php(219): Illuminate/Http/Middleware/ValidatePostSize->handle(Object(Illuminate/Http/Request), Object(Closure))
#53 C:/laragon/www/pos_sahla/vendor/laravel/framework/src/Illuminate/Foundation/Http/Middleware/PreventRequestsDuringMaintenance.php(109): Illuminate/Pipeline/Pipeline->Illuminate/Pipeline/{closure}(Object(Illuminate/Http/Request))
#54 C:/laragon/www/pos_sahla/vendor/laravel/framework/src/Illuminate/Pipeline/Pipeline.php(219): Illuminate/Foundation/Http/Middleware/PreventRequestsDuringMaintenance->handle(Object(Illuminate/Http/Request), Object(Closure))
#55 C:/laragon/www/pos_sahla/vendor/laravel/framework/src/Illuminate/Http/Middleware/HandleCors.php(61): Illuminate/Pipeline/Pipeline->Illuminate/Pipeline/{closure}(Object(Illuminate/Http/Request))
#56 C:/laragon/www/pos_sahla/vendor/laravel/framework/src/Illuminate/Pipeline/Pipeline.php(219): Illuminate/Http/Middleware/HandleCors->handle(Object(Illuminate/Http/Request), Object(Closure))
#57 C:/laragon/www/pos_sahla/vendor/laravel/framework/src/Illuminate/Http/Middleware/TrustProxies.php(58): Illuminate/Pipeline/Pipeline->Illuminate/Pipeline/{closure}(Object(Illuminate/Http/Request))
#58 C:/laragon/www/pos_sahla/vendor/laravel/framework/src/Illuminate/Pipeline/Pipeline.php(219): Illuminate/Http/Middleware/TrustProxies->handle(Object(Illuminate/Http/Request), Object(Closure))
#59 C:/laragon/www/pos_sahla/vendor/laravel/framework/src/Illuminate/Foundation/Http/Middleware/InvokeDeferredCallbacks.php(22): Illuminate/Pipeline/Pipeline->Illuminate/Pipeline/{closure}(Object(Illuminate/Http/Request))
#60 C:/laragon/www/pos_sahla/vendor/laravel/framework/src/Illuminate/Pipeline/Pipeline.php(219): Illuminate/Foundation/Http/Middleware/InvokeDeferredCallbacks->handle(Object(Illuminate/Http/Request), Object(Closure))
#61 C:/laragon/www/pos_sahla/vendor/laravel/framework/src/Illuminate/Http/Middleware/ValidatePathEncoding.php(26): Illuminate/Pipeline/Pipeline->Illuminate/Pipeline/{closure}(Object(Illuminate/Http/Request))
#62 C:/laragon/www/pos_sahla/vendor/laravel/framework/src/Illuminate/Pipeline/Pipeline.php(219): Illuminate/Http/Middleware/ValidatePathEncoding->handle(Object(Illuminate/Http/Request), Object(Closure))
#63 C:/laragon/www/pos_sahla/vendor/laravel/framework/src/Illuminate/Pipeline/Pipeline.php(137): Illuminate/Pipeline/Pipeline->Illuminate/Pipeline/{closure}(Object(Illuminate/Http/Request))
#64 C:/laragon/www/pos_sahla/vendor/laravel/framework/src/Illuminate/Foundation/Http/Kernel.php(175): Illuminate/Pipeline/Pipeline->then(Object(Closure))
#65 C:/laragon/www/pos_sahla/vendor/laravel/framework/src/Illuminate/Foundation/Http/Kernel.php(144): Illuminate/Foundation/Http/Kernel->sendRequestThroughRouter(Object(Illuminate/Http/Request))
#66 C:/laragon/www/pos_sahla/vendor/laravel/framework/src/Illuminate/Foundation/Application.php(1220): Illuminate/Foundation/Http/Kernel->handle(Object(Illuminate/Http/Request))
#67 C:/laragon/www/pos_sahla/public/index.php(20): Illuminate/Foundation/Application->handleRequest(Object(Illuminate/Http/Request))
#68 C:/laragon/www/pos_sahla/vendor/laravel/framework/src/Illuminate/Foundation/resources/server.php(23): require_once('C://laragon//www//...')
#69 {main}

[previous exception] [object] (PDOException(code: HY000): SQLSTATE[HY000]: General error: 1364 Field 'nama_jenis' doesn't have a default value at C:/laragon/www/pos_sahla/vendor/laravel/framework/src/Illuminate/Database/MySqlConnection.php:53)
[stacktrace]
#0 C:/laragon/www/pos_sahla/vendor/laravel/framework/src/Illuminate/Database/MySqlConnection.php(53): PDOStatement->execute()
#1 C:/laragon/www/pos_sahla/vendor/laravel/framework/src/Illuminate/Database/Connection.php(827): Illuminate/Database/MySqlConnection->Illuminate/Database/{closure}('insert into `je...', Array)
#2 C:/laragon/www/pos_sahla/vendor/laravel/framework/src/Illuminate/Database/Connection.php(794): Illuminate/Database/Connection->runQueryCallback('insert into `je...', Array, Object(Closure))
#3 C:/laragon/www/pos_sahla/vendor/laravel/framework/src/Illuminate/Database/MySqlConnection.php(42): Illuminate/Database/Connection->run('insert into `je...', Array, Object(Closure))
#4 C:/laragon/www/pos_sahla/vendor/laravel/framework/src/Illuminate/Database/Query/Processors/MySqlProcessor.php(35): Illuminate/Database/MySqlConnection->insert('insert into `je...', Array, 'id')
#5 C:/laragon/www/pos_sahla/vendor/laravel/framework/src/Illuminate/Database/Query/Builder.php(4170): Illuminate/Database/Query/Processors/MySqlProcessor->processInsertGetId(Object(Illuminate/Database/Query/Builder), 'insert into `je...', Array, 'id')
#6 C:/laragon/www/pos_sahla/vendor/laravel/framework/src/Illuminate/Database/Eloquent/Builder.php(2237): Illuminate/Database/Query/Builder->insertGetId(Array, 'id')
#7 C:/laragon/www/pos_sahla/vendor/laravel/framework/src/Illuminate/Database/Eloquent/Model.php(1436): Illuminate/Database/Eloquent/Builder->__call('insertGetId', Array)
#8 C:/laragon/www/pos_sahla/vendor/laravel/framework/src/Illuminate/Database/Eloquent/Model.php(1401): Illuminate/Database/Eloquent/Model->insertAndSetId(Object(Illuminate/Database/Eloquent/Builder), Array)
#9 C:/laragon/www/pos_sahla/vendor/laravel/framework/src/Illuminate/Database/Eloquent/Model.php(1240): Illuminate/Database/Eloquent/Model->performInsert(Object(Illuminate/Database/Eloquent/Builder))
#10 C:/laragon/www/pos_sahla/vendor/laravel/framework/src/Illuminate/Database/Eloquent/Builder.php(1219): Illuminate/Database/Eloquent/Model->save()
#11 C:/laragon/www/pos_sahla/vendor/laravel/framework/src/Illuminate/Support/helpers.php(393): Illuminate/Database/Eloquent/Builder->Illuminate/Database/Eloquent/{closure}(Object(App/Models/Jenis))
#12 C:/laragon/www/pos_sahla/vendor/laravel/framework/src/Illuminate/Database/Eloquent/Builder.php(1218): tap(Object(App/Models/Jenis), Object(Closure))
#13 C:/laragon/www/pos_sahla/vendor/laravel/framework/src/Illuminate/Support/Traits/ForwardsCalls.php(23): Illuminate/Database/Eloquent/Builder->create(Array)
#14 C:/laragon/www/pos_sahla/vendor/laravel/framework/src/Illuminate/Database/Eloquent/Model.php(2540): Illuminate/Database/Eloquent/Model->forwardCallTo(Object(Illuminate/Database/Eloquent/Builder), 'create', Array)
#15 C:/laragon/www/pos_sahla/vendor/laravel/framework/src/Illuminate/Database/Eloquent/Model.php(2556): Illuminate/Database/Eloquent/Model->__call('create', Array)
#16 C:/laragon/www/pos_sahla/app/Http/Controllers/JenisController.php(35): Illuminate/Database/Eloquent/Model::__callStatic('create', Array)
#17 C:/laragon/www/pos_sahla/vendor/laravel/framework/src/Illuminate/Routing/Controller.php(54): App/Http/Controllers/JenisController->store(Object(App/Http/Requests/Jenis/StoreRequest))
#18 C:/laragon/www/pos_sahla/vendor/laravel/framework/src/Illuminate/Routing/ControllerDispatcher.php(43): Illuminate/Routing/Controller->callAction('store', Array)
#19 C:/laragon/www/pos_sahla/vendor/laravel/framework/src/Illuminate/Routing/Route.php(265): Illuminate/Routing/ControllerDispatcher->dispatch(Object(Illuminate/Routing/Route), Object(App/Http/Controllers/JenisController), 'store')
#20 C:/laragon/www/pos_sahla/vendor/laravel/framework/src/Illuminate/Routing/Route.php(211): Illuminate/Routing/Route->runController()
#21 C:/laragon/www/pos_sahla/vendor/laravel/framework/src/Illuminate/Routing/Router.php(822): Illuminate/Routing/Route->run()
#22 C:/laragon/www/pos_sahla/vendor/laravel/framework/src/Illuminate/Pipeline/Pipeline.php(180): Illuminate/Routing/Router->Illuminate/Routing/{closure}(Object(Illuminate/Http/Request))
#23 C:/laragon/www/pos_sahla/app/Http/Middleware/RoleMiddleware.php(32): Illuminate/Pipeline/Pipeline->Illuminate/Pipeline/{closure}(Object(Illuminate/Http/Request))
#24 C:/laragon/www/pos_sahla/vendor/laravel/framework/src/Illuminate/Pipeline/Pipeline.php(219): App/Http/Middleware/RoleMiddleware->handle(Object(Illuminate/Http/Request), Object(Closure), 'admin', 'kasir')
#25 C:/laragon/www/pos_sahla/vendor/laravel/framework/src/Illuminate/Routing/Middleware/SubstituteBindings.php(50): Illuminate/Pipeline/Pipeline->Illuminate/Pipeline/{closure}(Object(Illuminate/Http/Request))
#26 C:/laragon/www/pos_sahla/vendor/laravel/framework/src/Illuminate/Pipeline/Pipeline.php(219): Illuminate/Routing/Middleware/SubstituteBindings->handle(Object(Illuminate/Http/Request), Object(Closure))
#27 C:/laragon/www/pos_sahla/vendor/laravel/framework/src/Illuminate/Auth/Middleware/Authenticate.php(63): Illuminate/Pipeline/Pipeline->Illuminate/Pipeline/{closure}(Object(Illuminate/Http/Request))
#28 C:/laragon/www/pos_sahla/vendor/laravel/framework/src/Illuminate/Pipeline/Pipeline.php(219): Illuminate/Auth/Middleware/Authenticate->handle(Object(Illuminate/Http/Request), Object(Closure))
#29 C:/laragon/www/pos_sahla/vendor/laravel/framework/src/Illuminate/Foundation/Http/Middleware/VerifyCsrfToken.php(87): Illuminate/Pipeline/Pipeline->Illuminate/Pipeline/{closure}(Object(Illuminate/Http/Request))
#30 C:/laragon/www/pos_sahla/vendor/laravel/framework/src/Illuminate/Pipeline/Pipeline.php(219): Illuminate/Foundation/Http/Middleware/VerifyCsrfToken->handle(Object(Illuminate/Http/Request), Object(Closure))
#31 C:/laragon/www/pos_sahla/vendor/laravel/framework/src/Illuminate/View/Middleware/ShareErrorsFromSession.php(48): Illuminate/Pipeline/Pipeline->Illuminate/Pipeline/{closure}(Object(Illuminate/Http/Request))
#32 C:/laragon/www/pos_sahla/vendor/laravel/framework/src/Illuminate/Pipeline/Pipeline.php(219): Illuminate/View/Middleware/ShareErrorsFromSession->handle(Object(Illuminate/Http/Request), Object(Closure))
#33 C:/laragon/www/pos_sahla/vendor/laravel/framework/src/Illuminate/Session/Middleware/StartSession.php(120): Illuminate/Pipeline/Pipeline->Illuminate/Pipeline/{closure}(Object(Illuminate/Http/Request))
#34 C:/laragon/www/pos_sahla/vendor/laravel/framework/src/Illuminate/Session/Middleware/StartSession.php(63): Illuminate/Session/Middleware/StartSession->handleStatefulRequest(Object(Illuminate/Http/Request), Object(Illuminate/Session/Store), Object(Closure))
#35 C:/laragon/www/pos_sahla/vendor/laravel/framework/src/Illuminate/Pipeline/Pipeline.php(219): Illuminate/Session/Middleware/StartSession->handle(Object(Illuminate/Http/Request), Object(Closure))
#36 C:/laragon/www/pos_sahla/vendor/laravel/framework/src/Illuminate/Cookie/Middleware/AddQueuedCookiesToResponse.php(36): Illuminate/Pipeline/Pipeline->Illuminate/Pipeline/{closure}(Object(Illuminate/Http/Request))
#37 C:/laragon/www/pos_sahla/vendor/laravel/framework/src/Illuminate/Pipeline/Pipeline.php(219): Illuminate/Cookie/Middleware/AddQueuedCookiesToResponse->handle(Object(Illuminate/Http/Request), Object(Closure))
#38 C:/laragon/www/pos_sahla/vendor/laravel/framework/src/Illuminate/Cookie/Middleware/EncryptCookies.php(74): Illuminate/Pipeline/Pipeline->Illuminate/Pipeline/{closure}(Object(Illuminate/Http/Request))
#39 C:/laragon/www/pos_sahla/vendor/laravel/framework/src/Illuminate/Pipeline/Pipeline.php(219): Illuminate/Cookie/Middleware/EncryptCookies->handle(Object(Illuminate/Http/Request), Object(Closure))
#40 C:/laragon/www/pos_sahla/vendor/laravel/framework/src/Illuminate/Pipeline/Pipeline.php(137): Illuminate/Pipeline/Pipeline->Illuminate/Pipeline/{closure}(Object(Illuminate/Http/Request))
#41 C:/laragon/www/pos_sahla/vendor/laravel/framework/src/Illuminate/Routing/Router.php(821): Illuminate/Pipeline/Pipeline->then(Object(Closure))
#42 C:/laragon/www/pos_sahla/vendor/laravel/framework/src/Illuminate/Routing/Router.php(800): Illuminate/Routing/Router->runRouteWithinStack(Object(Illuminate/Routing/Route), Object(Illuminate/Http/Request))
#43 C:/laragon/www/pos_sahla/vendor/laravel/framework/src/Illuminate/Routing/Router.php(764): Illuminate/Routing/Router->runRoute(Object(Illuminate/Http/Request), Object(Illuminate/Routing/Route))
#44 C:/laragon/www/pos_sahla/vendor/laravel/framework/src/Illuminate/Routing/Router.php(753): Illuminate/Routing/Router->dispatchToRoute(Object(Illuminate/Http/Request))
#45 C:/laragon/www/pos_sahla/vendor/laravel/framework/src/Illuminate/Foundation/Http/Kernel.php(200): Illuminate/Routing/Router->dispatch(Object(Illuminate/Http/Request))
#46 C:/laragon/www/pos_sahla/vendor/laravel/framework/src/Illuminate/Pipeline/Pipeline.php(180): Illuminate/Foundation/Http/Kernel->Illuminate/Foundation/Http/{closure}(Object(Illuminate/Http/Request))
#47 C:/laragon/www/pos_sahla/vendor/laravel/framework/src/Illuminate/Foundation/Http/Middleware/TransformsRequest.php(21): Illuminate/Pipeline/Pipeline->Illuminate/Pipeline/{closure}(Object(Illuminate/Http/Request))
#48 C:/laragon/www/pos_sahla/vendor/laravel/framework/src/Illuminate/Foundation/Http/Middleware/ConvertEmptyStringsToNull.php(31): Illuminate/Foundation/Http/Middleware/TransformsRequest->handle(Object(Illuminate/Http/Request), Object(Closure))
#49 C:/laragon/www/pos_sahla/vendor/laravel/framework/src/Illuminate/Pipeline/Pipeline.php(219): Illuminate/Foundation/Http/Middleware/ConvertEmptyStringsToNull->handle(Object(Illuminate/Http/Request), Object(Closure))
#50 C:/laragon/www/pos_sahla/vendor/laravel/framework/src/Illuminate/Foundation/Http/Middleware/TransformsRequest.php(21): Illuminate/Pipeline/Pipeline->Illuminate/Pipeline/{closure}(Object(Illuminate/Http/Request))
#51 C:/laragon/www/pos_sahla/vendor/laravel/framework/src/Illuminate/Foundation/Http/Middleware/TrimStrings.php(51): Illuminate/Foundation/Http/Middleware/TransformsRequest->handle(Object(Illuminate/Http/Request), Object(Closure))
#52 C:/laragon/www/pos_sahla/vendor/laravel/framework/src/Illuminate/Pipeline/Pipeline.php(219): Illuminate/Foundation/Http/Middleware/TrimStrings->handle(Object(Illuminate/Http/Request), Object(Closure))
#53 C:/laragon/www/pos_sahla/vendor/laravel/framework/src/Illuminate/Http/Middleware/ValidatePostSize.php(27): Illuminate/Pipeline/Pipeline->Illuminate/Pipeline/{closure}(Object(Illuminate/Http/Request))
#54 C:/laragon/www/pos_sahla/vendor/laravel/framework/src/Illuminate/Pipeline/Pipeline.php(219): Illuminate/Http/Middleware/ValidatePostSize->handle(Object(Illuminate/Http/Request), Object(Closure))
#55 C:/laragon/www/pos_sahla/vendor/laravel/framework/src/Illuminate/Foundation/Http/Middleware/PreventRequestsDuringMaintenance.php(109): Illuminate/Pipeline/Pipeline->Illuminate/Pipeline/{closure}(Object(Illuminate/Http/Request))
#56 C:/laragon/www/pos_sahla/vendor/laravel/framework/src/Illuminate/Pipeline/Pipeline.php(219): Illuminate/Foundation/Http/Middleware/PreventRequestsDuringMaintenance->handle(Object(Illuminate/Http/Request), Object(Closure))
#57 C:/laragon/www/pos_sahla/vendor/laravel/framework/src/Illuminate/Http/Middleware/HandleCors.php(61): Illuminate/Pipeline/Pipeline->Illuminate/Pipeline/{closure}(Object(Illuminate/Http/Request))
#58 C:/laragon/www/pos_sahla/vendor/laravel/framework/src/Illuminate/Pipeline/Pipeline.php(219): Illuminate/Http/Middleware/HandleCors->handle(Object(Illuminate/Http/Request), Object(Closure))
#59 C:/laragon/www/pos_sahla/vendor/laravel/framework/src/Illuminate/Http/Middleware/TrustProxies.php(58): Illuminate/Pipeline/Pipeline->Illuminate/Pipeline/{closure}(Object(Illuminate/Http/Request))
#60 C:/laragon/www/pos_sahla/vendor/laravel/framework/src/Illuminate/Pipeline/Pipeline.php(219): Illuminate/Http/Middleware/TrustProxies->handle(Object(Illuminate/Http/Request), Object(Closure))
#61 C:/laragon/www/pos_sahla/vendor/laravel/framework/src/Illuminate/Foundation/Http/Middleware/InvokeDeferredCallbacks.php(22): Illuminate/Pipeline/Pipeline->Illuminate/Pipeline/{closure}(Object(Illuminate/Http/Request))
#62 C:/laragon/www/pos_sahla/vendor/laravel/framework/src/Illuminate/Pipeline/Pipeline.php(219): Illuminate/Foundation/Http/Middleware/InvokeDeferredCallbacks->handle(Object(Illuminate/Http/Request), Object(Closure))
#63 C:/laragon/www/pos_sahla/vendor/laravel/framework/src/Illuminate/Http/Middleware/ValidatePathEncoding.php(26): Illuminate/Pipeline/Pipeline->Illuminate/Pipeline/{closure}(Object(Illuminate/Http/Request))
#64 C:/laragon/www/pos_sahla/vendor/laravel/framework/src/Illuminate/Pipeline/Pipeline.php(219): Illuminate/Http/Middleware/ValidatePathEncoding->handle(Object(Illuminate/Http/Request), Object(Closure))
#65 C:/laragon/www/pos_sahla/vendor/laravel/framework/src/Illuminate/Pipeline/Pipeline.php(137): Illuminate/Pipeline/Pipeline->Illuminate/Pipeline/{closure}(Object(Illuminate/Http/Request))
#66 C:/laragon/www/pos_sahla/vendor/laravel/framework/src/Illuminate/Foundation/Http/Kernel.php(175): Illuminate/Pipeline/Pipeline->then(Object(Closure))
#67 C:/laragon/www/pos_sahla/vendor/laravel/framework/src/Illuminate/Foundation/Http/Kernel.php(144): Illuminate/Foundation/Http/Kernel->sendRequestThroughRouter(Object(Illuminate/Http/Request))
#68 C:/laragon/www/pos_sahla/vendor/laravel/framework/src/Illuminate/Foundation/Application.php(1220): Illuminate/Foundation/Http/Kernel->handle(Object(Illuminate/Http/Request))
#69 C:/laragon/www/pos_sahla/public/index.php(20): Illuminate/Foundation/Application->handleRequest(Object(Illuminate/Http/Request))
#70 C:/laragon/www/pos_sahla/vendor/laravel/framework/src/Illuminate/Foundation/resources/server.php(23): require_once('C://laragon//www//...')
#71 {main}
"} 
[2026-08-12 06:16:51] local.ERROR: Uncaught ReflectionException: Class "App\Policies\ProdukPolicy" does not exist in Command line code:1
Stack trace:
#0 Command line code(1): ReflectionClass->__construct('App\\Policies\\Pr...')
#1 [internal function]: {closure}('App\\Policies\\Pr...', 'App\\Models\\Prod...')
#2 Command line code(1): array_map(Object(Closure), Array, Array)
#3 {main}
  thrown {"exception":"[object] (Symfony\\Component\\ErrorHandler\\Error\\FatalError(code: 0): Uncaught ReflectionException: Class \"App\\Policies\\ProdukPolicy\" does not exist in Command line code:1
Stack trace:
#0 Command line code(1): ReflectionClass->__construct('App\\\\Policies\\\\Pr...')
#1 [internal function]: {closure}('App\\\\Policies\\\\Pr...', 'App\\\\Models\\\\Prod...')
#2 Command line code(1): array_map(Object(Closure), Array, Array)
#3 {main}
  thrown at Command line code:1)
[stacktrace]
#0 {main}
"} 
[2026-08-12 06:17:52] local.ERROR: Uncaught ReflectionException: Class "App\Policies\ProdukPolicy" does not exist in Command line code:1
Stack trace:
#0 Command line code(1): ReflectionClass->__construct('App\\Policies\\Pr...')
#1 [internal function]: {closure}('App\\Policies\\Pr...', 'App\\Models\\Prod...')
#2 Command line code(1): array_map(Object(Closure), Array, Array)
#3 {main}
  thrown {"exception":"[object] (Symfony\\Component\\ErrorHandler\\Error\\FatalError(code: 0): Uncaught ReflectionException: Class \"App\\Policies\\ProdukPolicy\" does not exist in Command line code:1
Stack trace:
#0 Command line code(1): ReflectionClass->__construct('App\\\\Policies\\\\Pr...')
#1 [internal function]: {closure}('App\\\\Policies\\\\Pr...', 'App\\\\Models\\\\Prod...')
#2 Command line code(1): array_map(Object(Closure), Array, Array)
#3 {main}
  thrown at Command line code:1)
[stacktrace]
#0 {main}
"} 
[2026-08-12 06:18:51] local.ERROR: Uncaught ReflectionException: Class "App\Policies\ProdukPolicy" does not exist in Command line code:1
Stack trace:
#0 Command line code(1): ReflectionClass->__construct('App\\Policies\\Pr...')
#1 [internal function]: {closure}('App\\Policies\\Pr...', 'App\\Models\\Prod...')
#2 Command line code(1): array_map(Object(Closure), Array, Array)
#3 {main}
  thrown {"exception":"[object] (Symfony\\Component\\ErrorHandler\\Error\\FatalError(code: 0): Uncaught ReflectionException: Class \"App\\Policies\\ProdukPolicy\" does not exist in Command line code:1
Stack trace:
#0 Command line code(1): ReflectionClass->__construct('App\\\\Policies\\\\Pr...')
#1 [internal function]: {closure}('App\\\\Policies\\\\Pr...', 'App\\\\Models\\\\Prod...')
#2 Command line code(1): array_map(Object(Closure), Array, Array)
#3 {main}
  thrown at Command line code:1)
[stacktrace]
#0 {main}
"} 
[2026-08-12 06:19:51] local.ERROR: Uncaught ReflectionException: Class "App\Policies\ProdukPolicy" does not exist in Command line code:1
Stack trace:
#0 Command line code(1): ReflectionClass->__construct('App\\Policies\\Pr...')
#1 [internal function]: {closure}('App\\Policies\\Pr...', 'App\\Models\\Prod...')
#2 Command line code(1): array_map(Object(Closure), Array, Array)
#3 {main}
  thrown {"exception":"[object] (Symfony\\Component\\ErrorHandler\\Error\\FatalError(code: 0): Uncaught ReflectionException: Class \"App\\Policies\\ProdukPolicy\" does not exist in Command line code:1
Stack trace:
#0 Command line code(1): ReflectionClass->__construct('App\\\\Policies\\\\Pr...')
#1 [internal function]: {closure}('App\\\\Policies\\\\Pr...', 'App\\\\Models\\\\Prod...')
#2 Command line code(1): array_map(Object(Closure), Array, Array)
#3 {main}
  thrown at Command line code:1)
[stacktrace]
#0 {main}
"} 
[2026-08-12 06:20:51] local.ERROR: Uncaught ReflectionException: Class "App\Policies\ProdukPolicy" does not exist in Command line code:1
Stack trace:
#0 Command line code(1): ReflectionClass->__construct('App\\Policies\\Pr...')
#1 [internal function]: {closure}('App\\Policies\\Pr...', 'App\\Models\\Prod...')
#2 Command line code(1): array_map(Object(Closure), Array, Array)
#3 {main}
  thrown {"exception":"[object] (Symfony\\Component\\ErrorHandler\\Error\\FatalError(code: 0): Uncaught ReflectionException: Class \"App\\Policies\\ProdukPolicy\" does not exist in Command line code:1
Stack trace:
#0 Command line code(1): ReflectionClass->__construct('App\\\\Policies\\\\Pr...')
#1 [internal function]: {closure}('App\\\\Policies\\\\Pr...', 'App\\\\Models\\\\Prod...')
#2 Command line code(1): array_map(Object(Closure), Array, Array)
#3 {main}
  thrown at Command line code:1)
[stacktrace]
#0 {main}
"} 
[2026-08-12 06:21:51] local.ERROR: Uncaught ReflectionException: Class "App\Policies\ProdukPolicy" does not exist in Command line code:1
Stack trace:
#0 Command line code(1): ReflectionClass->__construct('App\\Policies\\Pr...')
#1 [internal function]: {closure}('App\\Policies\\Pr...', 'App\\Models\\Prod...')
#2 Command line code(1): array_map(Object(Closure), Array, Array)
#3 {main}
  thrown {"exception":"[object] (Symfony\\Component\\ErrorHandler\\Error\\FatalError(code: 0): Uncaught ReflectionException: Class \"App\\Policies\\ProdukPolicy\" does not exist in Command line code:1
Stack trace:
#0 Command line code(1): ReflectionClass->__construct('App\\\\Policies\\\\Pr...')
#1 [internal function]: {closure}('App\\\\Policies\\\\Pr...', 'App\\\\Models\\\\Prod...')
#2 Command line code(1): array_map(Object(Closure), Array, Array)
#3 {main}
  thrown at Command line code:1)
[stacktrace]
#0 {main}
"} 
[2026-08-12 06:22:51] local.ERROR: Uncaught ReflectionException: Class "App\Policies\ProdukPolicy" does not exist in Command line code:1
Stack trace:
#0 Command line code(1): ReflectionClass->__construct('App\\Policies\\Pr...')
#1 [internal function]: {closure}('App\\Policies\\Pr...', 'App\\Models\\Prod...')
#2 Command line code(1): array_map(Object(Closure), Array, Array)
#3 {main}
  thrown {"exception":"[object] (Symfony\\Component\\ErrorHandler\\Error\\FatalError(code: 0): Uncaught ReflectionException: Class \"App\\Policies\\ProdukPolicy\" does not exist in Command line code:1
Stack trace:
#0 Command line code(1): ReflectionClass->__construct('App\\\\Policies\\\\Pr...')
#1 [internal function]: {closure}('App\\\\Policies\\\\Pr...', 'App\\\\Models\\\\Prod...')
#2 Command line code(1): array_map(Object(Closure), Array, Array)
#3 {main}
  thrown at Command line code:1)
[stacktrace]
#0 {main}
"} 
[2026-08-12 06:23:51] local.ERROR: Uncaught ReflectionException: Class "App\Policies\ProdukPolicy" does not exist in Command line code:1
Stack trace:
#0 Command line code(1): ReflectionClass->__construct('App\\Policies\\Pr...')
#1 [internal function]: {closure}('App\\Policies\\Pr...', 'App\\Models\\Prod...')
#2 Command line code(1): array_map(Object(Closure), Array, Array)
#3 {main}
  thrown {"exception":"[object] (Symfony\\Component\\ErrorHandler\\Error\\FatalError(code: 0): Uncaught ReflectionException: Class \"App\\Policies\\ProdukPolicy\" does not exist in Command line code:1
Stack trace:
#0 Command line code(1): ReflectionClass->__construct('App\\\\Policies\\\\Pr...')
#1 [internal function]: {closure}('App\\\\Policies\\\\Pr...', 'App\\\\Models\\\\Prod...')
#2 Command line code(1): array_map(Object(Closure), Array, Array)
#3 {main}
  thrown at Command line code:1)
[stacktrace]
#0 {main}
"} 
[2026-08-12 06:24:51] local.ERROR: Uncaught ReflectionException: Class "App\Policies\ProdukPolicy" does not exist in Command line code:1
Stack trace:
#0 Command line code(1): ReflectionClass->__construct('App\\Policies\\Pr...')
#1 [internal function]: {closure}('App\\Policies\\Pr...', 'App\\Models\\Prod...')
#2 Command line code(1): array_map(Object(Closure), Array, Array)
#3 {main}
  thrown {"exception":"[object] (Symfony\\Component\\ErrorHandler\\Error\\FatalError(code: 0): Uncaught ReflectionException: Class \"App\\Policies\\ProdukPolicy\" does not exist in Command line code:1
Stack trace:
#0 Command line code(1): ReflectionClass->__construct('App\\\\Policies\\\\Pr...')
#1 [internal function]: {closure}('App\\\\Policies\\\\Pr...', 'App\\\\Models\\\\Prod...')
#2 Command line code(1): array_map(Object(Closure), Array, Array)
#3 {main}
  thrown at Command line code:1)
[stacktrace]
#0 {main}
"} 
[2026-08-12 06:25:52] local.ERROR: Uncaught ReflectionException: Class "App\Policies\ProdukPolicy" does not exist in Command line code:1
Stack trace:
#0 Command line code(1): ReflectionClass->__construct('App\\Policies\\Pr...')
#1 [internal function]: {closure}('App\\Policies\\Pr...', 'App\\Models\\Prod...')
#2 Command line code(1): array_map(Object(Closure), Array, Array)
#3 {main}
  thrown {"exception":"[object] (Symfony\\Component\\ErrorHandler\\Error\\FatalError(code: 0): Uncaught ReflectionException: Class \"App\\Policies\\ProdukPolicy\" does not exist in Command line code:1
Stack trace:
#0 Command line code(1): ReflectionClass->__construct('App\\\\Policies\\\\Pr...')
#1 [internal function]: {closure}('App\\\\Policies\\\\Pr...', 'App\\\\Models\\\\Prod...')
#2 Command line code(1): array_map(Object(Closure), Array, Array)
#3 {main}
  thrown at Command line code:1)
[stacktrace]
#0 {main}
"} 
[2026-08-12 06:26:52] local.ERROR: Uncaught ReflectionException: Class "App\Policies\ProdukPolicy" does not exist in Command line code:1
Stack trace:
#0 Command line code(1): ReflectionClass->__construct('App\\Policies\\Pr...')
#1 [internal function]: {closure}('App\\Policies\\Pr...', 'App\\Models\\Prod...')
#2 Command line code(1): array_map(Object(Closure), Array, Array)
#3 {main}
  thrown {"exception":"[object] (Symfony\\Component\\ErrorHandler\\Error\\FatalError(code: 0): Uncaught ReflectionException: Class \"App\\Policies\\ProdukPolicy\" does not exist in Command line code:1
Stack trace:
#0 Command line code(1): ReflectionClass->__construct('App\\\\Policies\\\\Pr...')
#1 [internal function]: {closure}('App\\\\Policies\\\\Pr...', 'App\\\\Models\\\\Prod...')
#2 Command line code(1): array_map(Object(Closure), Array, Array)
#3 {main}
  thrown at Command line code:1)
[stacktrace]
#0 {main}
"} 
[2026-08-12 06:27:51] local.ERROR: Uncaught ReflectionException: Class "App\Policies\ProdukPolicy" does not exist in Command line code:1
Stack trace:
#0 Command line code(1): ReflectionClass->__construct('App\\Policies\\Pr...')
#1 [internal function]: {closure}('App\\Policies\\Pr...', 'App\\Models\\Prod...')
#2 Command line code(1): array_map(Object(Closure), Array, Array)
#3 {main}
  thrown {"exception":"[object] (Symfony\\Component\\ErrorHandler\\Error\\FatalError(code: 0): Uncaught ReflectionException: Class \"App\\Policies\\ProdukPolicy\" does not exist in Command line code:1
Stack trace:
#0 Command line code(1): ReflectionClass->__construct('App\\\\Policies\\\\Pr...')
#1 [internal function]: {closure}('App\\\\Policies\\\\Pr...', 'App\\\\Models\\\\Prod...')
#2 Command line code(1): array_map(Object(Closure), Array, Array)
#3 {main}
  thrown at Command line code:1)
[stacktrace]
#0 {main}
"} 
[2026-08-12 06:28:51] local.ERROR: Uncaught ReflectionException: Class "App\Policies\ProdukPolicy" does not exist in Command line code:1
Stack trace:
#0 Command line code(1): ReflectionClass->__construct('App\\Policies\\Pr...')
#1 [internal function]: {closure}('App\\Policies\\Pr...', 'App\\Models\\Prod...')
#2 Command line code(1): array_map(Object(Closure), Array, Array)
#3 {main}
  thrown {"exception":"[object] (Symfony\\Component\\ErrorHandler\\Error\\FatalError(code: 0): Uncaught ReflectionException: Class \"App\\Policies\\ProdukPolicy\" does not exist in Command line code:1
Stack trace:
#0 Command line code(1): ReflectionClass->__construct('App\\\\Policies\\\\Pr...')
#1 [internal function]: {closure}('App\\\\Policies\\\\Pr...', 'App\\\\Models\\\\Prod...')
#2 Command line code(1): array_map(Object(Closure), Array, Array)
#3 {main}
  thrown at Command line code:1)
[stacktrace]
#0 {main}
"} 
[2026-08-12 06:29:51] local.ERROR: Uncaught ReflectionException: Class "App\Policies\ProdukPolicy" does not exist in Command line code:1
Stack trace:
#0 Command line code(1): ReflectionClass->__construct('App\\Policies\\Pr...')
#1 [internal function]: {closure}('App\\Policies\\Pr...', 'App\\Models\\Prod...')
#2 Command line code(1): array_map(Object(Closure), Array, Array)
#3 {main}
  thrown {"exception":"[object] (Symfony\\Component\\ErrorHandler\\Error\\FatalError(code: 0): Uncaught ReflectionException: Class \"App\\Policies\\ProdukPolicy\" does not exist in Command line code:1
Stack trace:
#0 Command line code(1): ReflectionClass->__construct('App\\\\Policies\\\\Pr...')
#1 [internal function]: {closure}('App\\\\Policies\\\\Pr...', 'App\\\\Models\\\\Prod...')
#2 Command line code(1): array_map(Object(Closure), Array, Array)
#3 {main}
  thrown at Command line code:1)
[stacktrace]
#0 {main}
"} 
[2026-08-12 06:30:52] local.ERROR: Uncaught ReflectionException: Class "App\Policies\ProdukPolicy" does not exist in Command line code:1
Stack trace:
#0 Command line code(1): ReflectionClass->__construct('App\\Policies\\Pr...')
#1 [internal function]: {closure}('App\\Policies\\Pr...', 'App\\Models\\Prod...')
#2 Command line code(1): array_map(Object(Closure), Array, Array)
#3 {main}
  thrown {"exception":"[object] (Symfony\\Component\\ErrorHandler\\Error\\FatalError(code: 0): Uncaught ReflectionException: Class \"App\\Policies\\ProdukPolicy\" does not exist in Command line code:1
Stack trace:
#0 Command line code(1): ReflectionClass->__construct('App\\\\Policies\\\\Pr...')
#1 [internal function]: {closure}('App\\\\Policies\\\\Pr...', 'App\\\\Models\\\\Prod...')
#2 Command line code(1): array_map(Object(Closure), Array, Array)
#3 {main}
  thrown at Command line code:1)
[stacktrace]
#0 {main}
"} 
[2026-08-12 06:31:51] local.ERROR: Uncaught ReflectionException: Class "App\Policies\ProdukPolicy" does not exist in Command line code:1
Stack trace:
#0 Command line code(1): ReflectionClass->__construct('App\\Policies\\Pr...')
#1 [internal function]: {closure}('App\\Policies\\Pr...', 'App\\Models\\Prod...')
#2 Command line code(1): array_map(Object(Closure), Array, Array)
#3 {main}
  thrown {"exception":"[object] (Symfony\\Component\\ErrorHandler\\Error\\FatalError(code: 0): Uncaught ReflectionException: Class \"App\\Policies\\ProdukPolicy\" does not exist in Command line code:1
Stack trace:
#0 Command line code(1): ReflectionClass->__construct('App\\\\Policies\\\\Pr...')
#1 [internal function]: {closure}('App\\\\Policies\\\\Pr...', 'App\\\\Models\\\\Prod...')
#2 Command line code(1): array_map(Object(Closure), Array, Array)
#3 {main}
  thrown at Command line code:1)
[stacktrace]
#0 {main}
"} 
[2026-08-12 06:32:52] local.ERROR: Uncaught ReflectionException: Class "App\Policies\ProdukPolicy" does not exist in Command line code:1
Stack trace:
#0 Command line code(1): ReflectionClass->__construct('App\\Policies\\Pr...')
#1 [internal function]: {closure}('App\\Policies\\Pr...', 'App\\Models\\Prod...')
#2 Command line code(1): array_map(Object(Closure), Array, Array)
#3 {main}
  thrown {"exception":"[object] (Symfony\\Component\\ErrorHandler\\Error\\FatalError(code: 0): Uncaught ReflectionException: Class \"App\\Policies\\ProdukPolicy\" does not exist in Command line code:1
Stack trace:
#0 Command line code(1): ReflectionClass->__construct('App\\\\Policies\\\\Pr...')
#1 [internal function]: {closure}('App\\\\Policies\\\\Pr...', 'App\\\\Models\\\\Prod...')
#2 Command line code(1): array_map(Object(Closure), Array, Array)
#3 {main}
  thrown at Command line code:1)
[stacktrace]
#0 {main}
"} 
[2026-08-12 06:33:52] local.ERROR: Uncaught ReflectionException: Class "App\Policies\ProdukPolicy" does not exist in Command line code:1
Stack trace:
#0 Command line code(1): ReflectionClass->__construct('App\\Policies\\Pr...')
#1 [internal function]: {closure}('App\\Policies\\Pr...', 'App\\Models\\Prod...')
#2 Command line code(1): array_map(Object(Closure), Array, Array)
#3 {main}
  thrown {"exception":"[object] (Symfony\\Component\\ErrorHandler\\Error\\FatalError(code: 0): Uncaught ReflectionException: Class \"App\\Policies\\ProdukPolicy\" does not exist in Command line code:1
Stack trace:
#0 Command line code(1): ReflectionClass->__construct('App\\\\Policies\\\\Pr...')
#1 [internal function]: {closure}('App\\\\Policies\\\\Pr...', 'App\\\\Models\\\\Prod...')
#2 Command line code(1): array_map(Object(Closure), Array, Array)
#3 {main}
  thrown at Command line code:1)
[stacktrace]
#0 {main}
"} 
[2026-08-12 06:34:51] local.ERROR: Uncaught ReflectionException: Class "App\Policies\ProdukPolicy" does not exist in Command line code:1
Stack trace:
#0 Command line code(1): ReflectionClass->__construct('App\\Policies\\Pr...')
#1 [internal function]: {closure}('App\\Policies\\Pr...', 'App\\Models\\Prod...')
#2 Command line code(1): array_map(Object(Closure), Array, Array)
#3 {main}
  thrown {"exception":"[object] (Symfony\\Component\\ErrorHandler\\Error\\FatalError(code: 0): Uncaught ReflectionException: Class \"App\\Policies\\ProdukPolicy\" does not exist in Command line code:1
Stack trace:
#0 Command line code(1): ReflectionClass->__construct('App\\\\Policies\\\\Pr...')
#1 [internal function]: {closure}('App\\\\Policies\\\\Pr...', 'App\\\\Models\\\\Prod...')
#2 Command line code(1): array_map(Object(Closure), Array, Array)
#3 {main}
  thrown at Command line code:1)
[stacktrace]
#0 {main}
"} 
[2026-08-12 06:35:51] local.ERROR: Uncaught ReflectionException: Class "App\Policies\ProdukPolicy" does not exist in Command line code:1
Stack trace:
#0 Command line code(1): ReflectionClass->__construct('App\\Policies\\Pr...')
#1 [internal function]: {closure}('App\\Policies\\Pr...', 'App\\Models\\Prod...')
#2 Command line code(1): array_map(Object(Closure), Array, Array)
#3 {main}
  thrown {"exception":"[object] (Symfony\\Component\\ErrorHandler\\Error\\FatalError(code: 0): Uncaught ReflectionException: Class \"App\\Policies\\ProdukPolicy\" does not exist in Command line code:1
Stack trace:
#0 Command line code(1): ReflectionClass->__construct('App\\\\Policies\\\\Pr...')
#1 [internal function]: {closure}('App\\\\Policies\\\\Pr...', 'App\\\\Models\\\\Prod...')
#2 Command line code(1): array_map(Object(Closure), Array, Array)
#3 {main}
  thrown at Command line code:1)
[stacktrace]
#0 {main}
"} 
[2026-08-12 06:36:51] local.ERROR: Uncaught ReflectionException: Class "App\Policies\ProdukPolicy" does not exist in Command line code:1
Stack trace:
#0 Command line code(1): ReflectionClass->__construct('App\\Policies\\Pr...')
#1 [internal function]: {closure}('App\\Policies\\Pr...', 'App\\Models\\Prod...')
#2 Command line code(1): array_map(Object(Closure), Array, Array)
#3 {main}
  thrown {"exception":"[object] (Symfony\\Component\\ErrorHandler\\Error\\FatalError(code: 0): Uncaught ReflectionException: Class \"App\\Policies\\ProdukPolicy\" does not exist in Command line code:1
Stack trace:
#0 Command line code(1): ReflectionClass->__construct('App\\\\Policies\\\\Pr...')
#1 [internal function]: {closure}('App\\\\Policies\\\\Pr...', 'App\\\\Models\\\\Prod...')
#2 Command line code(1): array_map(Object(Closure), Array, Array)
#3 {main}
  thrown at Command line code:1)
[stacktrace]
#0 {main}
"} 
[2026-08-12 06:37:51] local.ERROR: Uncaught ReflectionException: Class "App\Policies\ProdukPolicy" does not exist in Command line code:1
Stack trace:
#0 Command line code(1): ReflectionClass->__construct('App\\Policies\\Pr...')
#1 [internal function]: {closure}('App\\Policies\\Pr...', 'App\\Models\\Prod...')
#2 Command line code(1): array_map(Object(Closure), Array, Array)
#3 {main}
  thrown {"exception":"[object] (Symfony\\Component\\ErrorHandler\\Error\\FatalError(code: 0): Uncaught ReflectionException: Class \"App\\Policies\\ProdukPolicy\" does not exist in Command line code:1
Stack trace:
#0 Command line code(1): ReflectionClass->__construct('App\\\\Policies\\\\Pr...')
#1 [internal function]: {closure}('App\\\\Policies\\\\Pr...', 'App\\\\Models\\\\Prod...')
#2 Command line code(1): array_map(Object(Closure), Array, Array)
#3 {main}
  thrown at Command line code:1)
[stacktrace]
#0 {main}
"} 
[2026-08-12 06:38:51] local.ERROR: Uncaught ReflectionException: Class "App\Policies\ProdukPolicy" does not exist in Command line code:1
Stack trace:
#0 Command line code(1): ReflectionClass->__construct('App\\Policies\\Pr...')
#1 [internal function]: {closure}('App\\Policies\\Pr...', 'App\\Models\\Prod...')
#2 Command line code(1): array_map(Object(Closure), Array, Array)
#3 {main}
  thrown {"exception":"[object] (Symfony\\Component\\ErrorHandler\\Error\\FatalError(code: 0): Uncaught ReflectionException: Class \"App\\Policies\\ProdukPolicy\" does not exist in Command line code:1
Stack trace:
#0 Command line code(1): ReflectionClass->__construct('App\\\\Policies\\\\Pr...')
#1 [internal function]: {closure}('App\\\\Policies\\\\Pr...', 'App\\\\Models\\\\Prod...')
#2 Command line code(1): array_map(Object(Closure), Array, Array)
#3 {main}
  thrown at Command line code:1)
[stacktrace]
#0 {main}
"} 
[2026-08-12 06:39:52] local.ERROR: Uncaught ReflectionException: Class "App\Policies\ProdukPolicy" does not exist in Command line code:1
Stack trace:
#0 Command line code(1): ReflectionClass->__construct('App\\Policies\\Pr...')
#1 [internal function]: {closure}('App\\Policies\\Pr...', 'App\\Models\\Prod...')
#2 Command line code(1): array_map(Object(Closure), Array, Array)
#3 {main}
  thrown {"exception":"[object] (Symfony\\Component\\ErrorHandler\\Error\\FatalError(code: 0): Uncaught ReflectionException: Class \"App\\Policies\\ProdukPolicy\" does not exist in Command line code:1
Stack trace:
#0 Command line code(1): ReflectionClass->__construct('App\\\\Policies\\\\Pr...')
#1 [internal function]: {closure}('App\\\\Policies\\\\Pr...', 'App\\\\Models\\\\Prod...')
#2 Command line code(1): array_map(Object(Closure), Array, Array)
#3 {main}
  thrown at Command line code:1)
[stacktrace]
#0 {main}
"} 
[2026-08-12 06:40:51] local.ERROR: Uncaught ReflectionException: Class "App\Policies\ProdukPolicy" does not exist in Command line code:1
Stack trace:
#0 Command line code(1): ReflectionClass->__construct('App\\Policies\\Pr...')
#1 [internal function]: {closure}('App\\Policies\\Pr...', 'App\\Models\\Prod...')
#2 Command line code(1): array_map(Object(Closure), Array, Array)
#3 {main}
  thrown {"exception":"[object] (Symfony\\Component\\ErrorHandler\\Error\\FatalError(code: 0): Uncaught ReflectionException: Class \"App\\Policies\\ProdukPolicy\" does not exist in Command line code:1
Stack trace:
#0 Command line code(1): ReflectionClass->__construct('App\\\\Policies\\\\Pr...')
#1 [internal function]: {closure}('App\\\\Policies\\\\Pr...', 'App\\\\Models\\\\Prod...')
#2 Command line code(1): array_map(Object(Closure), Array, Array)
#3 {main}
  thrown at Command line code:1)
[stacktrace]
#0 {main}
"} 
[2026-08-12 06:41:52] local.ERROR: Uncaught ReflectionException: Class "App\Policies\ProdukPolicy" does not exist in Command line code:1
Stack trace:
#0 Command line code(1): ReflectionClass->__construct('App\\Policies\\Pr...')
#1 [internal function]: {closure}('App\\Policies\\Pr...', 'App\\Models\\Prod...')
#2 Command line code(1): array_map(Object(Closure), Array, Array)
#3 {main}
  thrown {"exception":"[object] (Symfony\\Component\\ErrorHandler\\Error\\FatalError(code: 0): Uncaught ReflectionException: Class \"App\\Policies\\ProdukPolicy\" does not exist in Command line code:1
Stack trace:
#0 Command line code(1): ReflectionClass->__construct('App\\\\Policies\\\\Pr...')
#1 [internal function]: {closure}('App\\\\Policies\\\\Pr...', 'App\\\\Models\\\\Prod...')
#2 Command line code(1): array_map(Object(Closure), Array, Array)
#3 {main}
  thrown at Command line code:1)
[stacktrace]
#0 {main}
"} 
[2026-08-12 06:42:52] local.ERROR: Uncaught ReflectionException: Class "App\Policies\ProdukPolicy" does not exist in Command line code:1
Stack trace:
#0 Command line code(1): ReflectionClass->__construct('App\\Policies\\Pr...')
#1 [internal function]: {closure}('App\\Policies\\Pr...', 'App\\Models\\Prod...')
#2 Command line code(1): array_map(Object(Closure), Array, Array)
#3 {main}
  thrown {"exception":"[object] (Symfony\\Component\\ErrorHandler\\Error\\FatalError(code: 0): Uncaught ReflectionException: Class \"App\\Policies\\ProdukPolicy\" does not exist in Command line code:1
Stack trace:
#0 Command line code(1): ReflectionClass->__construct('App\\\\Policies\\\\Pr...')
#1 [internal function]: {closure}('App\\\\Policies\\\\Pr...', 'App\\\\Models\\\\Prod...')
#2 Command line code(1): array_map(Object(Closure), Array, Array)
#3 {main}
  thrown at Command line code:1)
[stacktrace]
#0 {main}
"} 
[2026-08-12 06:43:51] local.ERROR: Uncaught ReflectionException: Class "App\Policies\ProdukPolicy" does not exist in Command line code:1
Stack trace:
#0 Command line code(1): ReflectionClass->__construct('App\\Policies\\Pr...')
#1 [internal function]: {closure}('App\\Policies\\Pr...', 'App\\Models\\Prod...')
#2 Command line code(1): array_map(Object(Closure), Array, Array)
#3 {main}
  thrown {"exception":"[object] (Symfony\\Component\\ErrorHandler\\Error\\FatalError(code: 0): Uncaught ReflectionException: Class \"App\\Policies\\ProdukPolicy\" does not exist in Command line code:1
Stack trace:
#0 Command line code(1): ReflectionClass->__construct('App\\\\Policies\\\\Pr...')
#1 [internal function]: {closure}('App\\\\Policies\\\\Pr...', 'App\\\\Models\\\\Prod...')
#2 Command line code(1): array_map(Object(Closure), Array, Array)
#3 {main}
  thrown at Command line code:1)
[stacktrace]
#0 {main}
"} 
[2026-08-12 06:44:51] local.ERROR: Uncaught ReflectionException: Class "App\Policies\ProdukPolicy" does not exist in Command line code:1
Stack trace:
#0 Command line code(1): ReflectionClass->__construct('App\\Policies\\Pr...')
#1 [internal function]: {closure}('App\\Policies\\Pr...', 'App\\Models\\Prod...')
#2 Command line code(1): array_map(Object(Closure), Array, Array)
#3 {main}
  thrown {"exception":"[object] (Symfony\\Component\\ErrorHandler\\Error\\FatalError(code: 0): Uncaught ReflectionException: Class \"App\\Policies\\ProdukPolicy\" does not exist in Command line code:1
Stack trace:
#0 Command line code(1): ReflectionClass->__construct('App\\\\Policies\\\\Pr...')
#1 [internal function]: {closure}('App\\\\Policies\\\\Pr...', 'App\\\\Models\\\\Prod...')
#2 Command line code(1): array_map(Object(Closure), Array, Array)
#3 {main}
  thrown at Command line code:1)
[stacktrace]
#0 {main}
"} 
[2026-08-12 06:45:51] local.ERROR: Uncaught ReflectionException: Class "App\Policies\ProdukPolicy" does not exist in Command line code:1
Stack trace:
#0 Command line code(1): ReflectionClass->__construct('App\\Policies\\Pr...')
#1 [internal function]: {closure}('App\\Policies\\Pr...', 'App\\Models\\Prod...')
#2 Command line code(1): array_map(Object(Closure), Array, Array)
#3 {main}
  thrown {"exception":"[object] (Symfony\\Component\\ErrorHandler\\Error\\FatalError(code: 0): Uncaught ReflectionException: Class \"App\\Policies\\ProdukPolicy\" does not exist in Command line code:1
Stack trace:
#0 Command line code(1): ReflectionClass->__construct('App\\\\Policies\\\\Pr...')
#1 [internal function]: {closure}('App\\\\Policies\\\\Pr...', 'App\\\\Models\\\\Prod...')
#2 Command line code(1): array_map(Object(Closure), Array, Array)
#3 {main}
  thrown at Command line code:1)
[stacktrace]
#0 {main}
"} 
[2026-08-12 06:46:51] local.ERROR: Uncaught ReflectionException: Class "App\Policies\ProdukPolicy" does not exist in Command line code:1
Stack trace:
#0 Command line code(1): ReflectionClass->__construct('App\\Policies\\Pr...')
#1 [internal function]: {closure}('App\\Policies\\Pr...', 'App\\Models\\Prod...')
#2 Command line code(1): array_map(Object(Closure), Array, Array)
#3 {main}
  thrown {"exception":"[object] (Symfony\\Component\\ErrorHandler\\Error\\FatalError(code: 0): Uncaught ReflectionException: Class \"App\\Policies\\ProdukPolicy\" does not exist in Command line code:1
Stack trace:
#0 Command line code(1): ReflectionClass->__construct('App\\\\Policies\\\\Pr...')
#1 [internal function]: {closure}('App\\\\Policies\\\\Pr...', 'App\\\\Models\\\\Prod...')
#2 Command line code(1): array_map(Object(Closure), Array, Array)
#3 {main}
  thrown at Command line code:1)
[stacktrace]
#0 {main}
"} 
[2026-08-12 06:47:52] local.ERROR: Uncaught ReflectionException: Class "App\Policies\ProdukPolicy" does not exist in Command line code:1
Stack trace:
#0 Command line code(1): ReflectionClass->__construct('App\\Policies\\Pr...')
#1 [internal function]: {closure}('App\\Policies\\Pr...', 'App\\Models\\Prod...')
#2 Command line code(1): array_map(Object(Closure), Array, Array)
#3 {main}
  thrown {"exception":"[object] (Symfony\\Component\\ErrorHandler\\Error\\FatalError(code: 0): Uncaught ReflectionException: Class \"App\\Policies\\ProdukPolicy\" does not exist in Command line code:1
Stack trace:
#0 Command line code(1): ReflectionClass->__construct('App\\\\Policies\\\\Pr...')
#1 [internal function]: {closure}('App\\\\Policies\\\\Pr...', 'App\\\\Models\\\\Prod...')
#2 Command line code(1): array_map(Object(Closure), Array, Array)
#3 {main}
  thrown at Command line code:1)
[stacktrace]
#0 {main}
"} 
[2026-08-12 06:48:52] local.ERROR: Uncaught ReflectionException: Class "App\Policies\ProdukPolicy" does not exist in Command line code:1
Stack trace:
#0 Command line code(1): ReflectionClass->__construct('App\\Policies\\Pr...')
#1 [internal function]: {closure}('App\\Policies\\Pr...', 'App\\Models\\Prod...')
#2 Command line code(1): array_map(Object(Closure), Array, Array)
#3 {main}
  thrown {"exception":"[object] (Symfony\\Component\\ErrorHandler\\Error\\FatalError(code: 0): Uncaught ReflectionException: Class \"App\\Policies\\ProdukPolicy\" does not exist in Command line code:1
Stack trace:
#0 Command line code(1): ReflectionClass->__construct('App\\\\Policies\\\\Pr...')
#1 [internal function]: {closure}('App\\\\Policies\\\\Pr...', 'App\\\\Models\\\\Prod...')
#2 Command line code(1): array_map(Object(Closure), Array, Array)
#3 {main}
  thrown at Command line code:1)
[stacktrace]
#0 {main}
"} 
[2026-08-12 06:49:52] local.ERROR: Uncaught ReflectionException: Class "App\Policies\ProdukPolicy" does not exist in Command line code:1
Stack trace:
#0 Command line code(1): ReflectionClass->__construct('App\\Policies\\Pr...')
#1 [internal function]: {closure}('App\\Policies\\Pr...', 'App\\Models\\Prod...')
#2 Command line code(1): array_map(Object(Closure), Array, Array)
#3 {main}
  thrown {"exception":"[object] (Symfony\\Component\\ErrorHandler\\Error\\FatalError(code: 0): Uncaught ReflectionException: Class \"App\\Policies\\ProdukPolicy\" does not exist in Command line code:1
Stack trace:
#0 Command line code(1): ReflectionClass->__construct('App\\\\Policies\\\\Pr...')
#1 [internal function]: {closure}('App\\\\Policies\\\\Pr...', 'App\\\\Models\\\\Prod...')
#2 Command line code(1): array_map(Object(Closure), Array, Array)
#3 {main}
  thrown at Command line code:1)
[stacktrace]
#0 {main}
"} 
[2026-08-12 06:50:52] local.ERROR: Uncaught ReflectionException: Class "App\Policies\ProdukPolicy" does not exist in Command line code:1
Stack trace:
#0 Command line code(1): ReflectionClass->__construct('App\\Policies\\Pr...')
#1 [internal function]: {closure}('App\\Policies\\Pr...', 'App\\Models\\Prod...')
#2 Command line code(1): array_map(Object(Closure), Array, Array)
#3 {main}
  thrown {"exception":"[object] (Symfony\\Component\\ErrorHandler\\Error\\FatalError(code: 0): Uncaught ReflectionException: Class \"App\\Policies\\ProdukPolicy\" does not exist in Command line code:1
Stack trace:
#0 Command line code(1): ReflectionClass->__construct('App\\\\Policies\\\\Pr...')
#1 [internal function]: {closure}('App\\\\Policies\\\\Pr...', 'App\\\\Models\\\\Prod...')
#2 Command line code(1): array_map(Object(Closure), Array, Array)
#3 {main}
  thrown at Command line code:1)
[stacktrace]
#0 {main}
"} 
[2026-08-12 06:51:52] local.ERROR: Uncaught ReflectionException: Class "App\Policies\ProdukPolicy" does not exist in Command line code:1
Stack trace:
#0 Command line code(1): ReflectionClass->__construct('App\\Policies\\Pr...')
#1 [internal function]: {closure}('App\\Policies\\Pr...', 'App\\Models\\Prod...')
#2 Command line code(1): array_map(Object(Closure), Array, Array)
#3 {main}
  thrown {"exception":"[object] (Symfony\\Component\\ErrorHandler\\Error\\FatalError(code: 0): Uncaught ReflectionException: Class \"App\\Policies\\ProdukPolicy\" does not exist in Command line code:1
Stack trace:
#0 Command line code(1): ReflectionClass->__construct('App\\\\Policies\\\\Pr...')
#1 [internal function]: {closure}('App\\\\Policies\\\\Pr...', 'App\\\\Models\\\\Prod...')
#2 Command line code(1): array_map(Object(Closure), Array, Array)
#3 {main}
  thrown at Command line code:1)
[stacktrace]
#0 {main}
"} 
[2026-08-12 06:52:52] local.ERROR: Uncaught ReflectionException: Class "App\Policies\ProdukPolicy" does not exist in Command line code:1
Stack trace:
#0 Command line code(1): ReflectionClass->__construct('App\\Policies\\Pr...')
#1 [internal function]: {closure}('App\\Policies\\Pr...', 'App\\Models\\Prod...')
#2 Command line code(1): array_map(Object(Closure), Array, Array)
#3 {main}
  thrown {"exception":"[object] (Symfony\\Component\\ErrorHandler\\Error\\FatalError(code: 0): Uncaught ReflectionException: Class \"App\\Policies\\ProdukPolicy\" does not exist in Command line code:1
Stack trace:
#0 Command line code(1): ReflectionClass->__construct('App\\\\Policies\\\\Pr...')
#1 [internal function]: {closure}('App\\\\Policies\\\\Pr...', 'App\\\\Models\\\\Prod...')
#2 Command line code(1): array_map(Object(Closure), Array, Array)
#3 {main}
  thrown at Command line code:1)
[stacktrace]
#0 {main}
"} 
[2026-08-12 06:53:52] local.ERROR: Uncaught ReflectionException: Class "App\Policies\ProdukPolicy" does not exist in Command line code:1
Stack trace:
#0 Command line code(1): ReflectionClass->__construct('App\\Policies\\Pr...')
#1 [internal function]: {closure}('App\\Policies\\Pr...', 'App\\Models\\Prod...')
#2 Command line code(1): array_map(Object(Closure), Array, Array)
#3 {main}
  thrown {"exception":"[object] (Symfony\\Component\\ErrorHandler\\Error\\FatalError(code: 0): Uncaught ReflectionException: Class \"App\\Policies\\ProdukPolicy\" does not exist in Command line code:1
Stack trace:
#0 Command line code(1): ReflectionClass->__construct('App\\\\Policies\\\\Pr...')
#1 [internal function]: {closure}('App\\\\Policies\\\\Pr...', 'App\\\\Models\\\\Prod...')
#2 Command line code(1): array_map(Object(Closure), Array, Array)
#3 {main}
  thrown at Command line code:1)
[stacktrace]
#0 {main}
"} 
